episode,total_steps,reward,length,mean_loss,epsilon
1,70,-119.63389465638537,70,,0.9993445
2,158,-336.2413713060307,88,,0.9985085
3,334,14.709312915860053,176,,0.9968365
4,421,-343.80441200570573,87,,0.99601
5,526,-342.4322571938675,105,,0.9950125
6,619,-96.93233108404736,93,,0.994129
7,707,-123.58098963593329,88,,0.993293
8,792,-296.2838555102759,85,,0.9924855
9,909,-131.06365139819908,117,,0.991374
10,1040,-219.86071033828748,131,,0.9901295
11,1124,-137.30846762485558,84,,0.9893315
12,1248,-146.2143759473332,124,,0.9881535
13,1322,-85.68578545414296,74,,0.9874505
14,1454,-508.3725595340679,132,,0.9861965
15,1541,-264.89056918157223,87,,0.98537
16,1621,-177.7429743351695,80,,0.98461
17,1734,-125.49711936337665,113,,0.9835365
18,1805,-126.87008096089255,71,,0.982862
19,1901,-301.17115506693017,96,,0.98195
20,1993,-155.09029252426328,92,,0.981076
21,2080,-243.26660251218513,87,,0.9802495
22,2208,-240.27356401418447,128,,0.9790335
23,2303,-393.8673323326753,95,,0.978131
24,2387,-179.3444812256924,84,,0.977333
25,2451,-228.06559720309392,64,,0.976725
26,2550,-260.1753724548726,99,,0.9757845
27,3550,68.81481265311191,1000,,0.9662845
28,3636,-178.9292080827188,86,,0.9654675
29,3698,-121.6632976924865,62,,0.9648785
30,3761,-170.965062734362,63,,0.96428
31,3883,-238.6429990560549,122,,0.963121
32,3978,-120.7847686662382,95,,0.9622185
33,4062,-65.18859692015326,84,,0.9614205
34,4149,-15.348935919415794,87,,0.960594
35,4260,-165.6450062416804,111,,0.9595395
36,4362,-404.5549444788698,102,,0.9585705
37,4449,-106.61375803686208,87,,0.957744
38,4517,-122.58266064168076,68,,0.957098
39,4610,-4.799920791111276,93,,0.9562145
40,4713,-178.21592724012137,103,,0.955236
41,4826,-278.3109704574882,113,,0.9541625
42,4917,-397.5802378147443,91,,0.953298
43,5000,-108.041749451792,83,9.711370468139648,0.9525095
44,5072,-82.29802065546949,72,120.8293955690331,0.9518255
45,5146,-117.67602648083584,74,96.52967346036756,0.9511225
46,5242,-145.28344210330715,96,102.42902053147554,0.9502105
47,5321,-143.5377295923204,79,81.81716688071626,0.94946
48,5404,-85.49806286911587,83,118.74665276688266,0.9486715
49,5500,-124.53116208115003,96,100.06916785364349,0.9477595
50,5586,-77.6827428063338,86,100.45725916430007,0.9469425
51,5692,-195.99440140748732,106,92.48107466382801,0.9459355
52,5797,-94.69387119632141,105,82.76776711032504,0.9449380000000001
53,5898,-244.42236074895035,101,90.96949839119864,0.9439785
54,5992,-260.61306155285536,94,109.40831865401978,0.9430855
55,6146,-376.5338762802073,154,87.58354445788767,0.9416225
56,6267,-98.37472873642177,121,64.9543181431195,0.940473
57,6373,-68.41056074287374,106,77.1213350183559,0.939466
58,6473,-496.67663133127,100,83.23705258250237,0.938516
59,6591,-85.91058653349793,118,74.22507599753848,0.937395
60,6691,-70.67754331631896,100,87.8603725385666,0.936445
61,6787,-176.73327167343365,96,72.20429985721906,0.935533
62,6896,-307.97950838815586,109,70.91123810492525,0.9344975
63,6975,-139.7952477638388,79,73.88971845409539,0.933747
64,7067,-273.2055376724869,92,73.88616189231043,0.9328730000000001
65,7195,-310.7181814738688,128,62.54574597161263,0.931657
66,7289,-63.81862374974173,94,72.31976670153598,0.930764
67,7367,17.228452489750353,78,52.043095788894554,0.930023
68,7468,-84.98427838683386,101,64.57084434575374,0.9290635
69,7584,-282.7438359393086,116,67.42236289690281,0.9279615
70,7651,-93.59186820539004,67,59.0825561783207,0.927325
71,7746,-88.89382659286323,95,49.89329191258079,0.9264225
72,7849,-203.48435282732765,103,73.84848976366729,0.925444
73,7974,-154.8001371827669,125,46.97756910848618,0.9242565
74,8042,-88.08480747315114,68,64.27463252754772,0.9236105
75,8134,-282.33932866045797,92,49.24043464531069,0.9227365
76,8223,-100.48708096667755,89,55.50560858678282,0.921891
77,8297,-22.376628613184735,74,48.56557576076405,0.921188
78,8426,-231.27282390256133,129,45.99846913278565,0.9199625
79,8501,-185.63158212536524,75,52.601651345888776,0.91925
80,8571,-212.685471823206,70,57.40214655058725,0.918585
81,8646,-99.61260118427883,75,56.78661084413528,0.9178725
82,8717,-119.60154634449908,71,41.00382428269991,0.917198
83,8811,-87.57676283094051,94,54.02539685114901,0.916305
84,8916,-273.0678509939419,105,47.46154209432148,0.9153075
85,9028,-440.82042429610084,112,53.71651105902025,0.9142435
86,9140,-124.8043918533759,112,54.55760953043188,0.9131795
87,9207,-97.17387516196507,67,48.557419214675676,0.912543
88,9290,-134.71180229826882,83,35.507027772535764,0.9117545
89,9404,-96.50614012384685,114,48.488675804514635,0.9106715
90,9501,-112.68664827834904,97,57.71466558004163,0.9097500000000001
91,9602,-163.1523587675936,101,42.80460439814199,0.9087905000000001
92,9709,-56.05158424429662,107,53.33023063601735,0.907774
93,9825,-208.14333212061794,116,48.32629854771598,0.906672
94,9893,-100.11713105527781,68,53.61213934772155,0.906026
95,9994,-68.354036118564,101,41.60723466448265,0.9050665
96,10083,-140.75048792856998,89,49.49086763885584,0.9042209999999999
97,10160,-72.08944162893198,77,45.98196406023843,0.9034895000000001
98,10279,-108.72668850443421,119,44.24752850492462,0.902359
99,10370,-67.27454695200518,91,47.79083503602625,0.9014945
100,10491,-88.95937832910319,121,50.13321331118749,0.900345
101,10603,-185.60776800065693,112,32.14644403542791,0.899281
102,10680,-152.783408803414,77,44.39521376033882,0.8985495
103,10771,-75.84870235777657,91,57.27594282731905,0.897685
104,10857,-204.84345464046706,86,40.56092803492103,0.896868
105,10953,-8.909045168807694,96,35.89854167898496,0.895956
106,11072,-176.7551812957575,119,56.08207415833193,0.8948255
107,11189,-58.770955937398945,117,44.47887165067542,0.893714
108,11265,-90.10169591031332,76,38.286104883802565,0.892992
109,11361,-83.93012889829731,96,46.067349196101226,0.89208
110,11434,-132.70902793417315,73,50.07526669273638,0.8913865
111,11500,-72.51962371256778,66,52.25682003028465,0.8907595
112,11638,-114.67360640660345,138,36.75212050218513,0.8894485
113,11705,-75.74377257216223,67,34.95399788689257,0.888812
114,11823,-153.23084255680902,118,31.39509077294398,0.887691
115,11912,-129.22739048198324,89,43.79801837179098,0.8868455
116,12020,-98.3316311288581,108,42.93816312043755,0.8858195
117,12097,-65.50410331720751,77,57.740125750566456,0.885088
118,12217,-169.99036982674153,120,44.96496157149474,0.883948
119,12327,-117.78966627602935,110,43.658660701188175,0.882903
120,12443,-91.19583818796829,116,35.97142231978219,0.8818010000000001
121,12510,-75.66140573649723,67,45.9549494252276,0.8811645
122,12581,-200.01825831695385,71,49.49367566511665,0.88049
123,12681,-21.78768937827391,100,41.84515347063542,0.87954
124,12818,-67.02847269354774,137,45.92206488430065,0.8782385
125,12922,-144.98276864623477,104,38.08732554201897,0.8772505
126,13011,-163.76597152789077,89,44.18003804094336,0.876405
127,13097,-107.63407559961996,86,32.98695928967276,0.875588
128,13198,-145.17976644582777,101,38.12828539975799,0.8746285
129,13323,-112.34544810969052,125,40.668101833820344,0.873441
130,13406,-94.95038779158293,83,42.93022781538676,0.8726525
131,13471,-79.81122288717364,65,35.67733188042274,0.872035
132,13582,-113.57603034356735,111,58.136748733284236,0.8709805
133,13670,-190.0819880710082,88,52.989993477409534,0.8701445
134,13745,-95.64505557380079,75,47.7799479786555,0.869432
135,13865,-104.08747034779336,120,49.99348661204179,0.868292
136,13962,-120.7229790248577,97,39.87722075354193,0.8673705
137,14045,-179.61573442161676,83,41.32709775918938,0.866582
138,14147,-231.0782660650582,102,40.24410089441374,0.865613
139,14244,-113.28270769497708,97,42.93023258201855,0.8646915
140,14359,-140.77812007519185,115,46.90486657153005,0.863599
141,14445,-110.8654051689934,86,34.130275971667714,0.8627819999999999
142,14552,-79.88240312853668,107,36.41706645377329,0.8617655
143,14661,-123.34442340899005,109,49.34932431168512,0.86073
144,14793,-86.00937464532501,132,44.10633603189931,0.859476
145,14860,-126.3345260473367,67,36.48235449506276,0.8588395
146,14954,-23.15622783315436,94,50.67502901401926,0.8579465
147,15059,-110.68316003203013,105,39.084264783064526,0.856949
148,15130,-93.92765242092071,71,50.1985000791684,0.8562745
149,15197,-102.75379733611776,67,58.42058971034947,0.855638
150,15287,-90.55541413302612,90,35.7109277745088,0.8547830000000001
151,15438,-71.93370669314069,151,40.63846800264144,0.8533485000000001
152,15550,-123.37274720673244,112,43.066827850682394,0.8522845
153,15639,-88.1947953306825,89,54.843207378735706,0.8514390000000001
154,15722,-68.79530839479469,83,61.16084541398359,0.8506505
155,15804,-65.584938570157,82,39.55375529135146,0.8498715
156,15902,-21.413705874567057,98,44.58614365908564,0.8489405
157,16035,-88.63507947748937,133,45.50940789674458,0.847677
158,16170,-228.89378884433577,135,46.33229170552006,0.8463944999999999
159,16233,-77.90021749829904,63,36.615396562076754,0.845796
160,16331,-85.03434063010465,98,52.51642846209662,0.844865
161,16407,-70.11815158047787,76,36.95729454253849,0.844143
162,16493,-72.50178905364139,86,41.6751763612725,0.843326
163,16561,-75.90955782910389,68,39.82943119196331,0.84268
164,16687,-103.77658919161576,126,47.659141374958885,0.841483
165,16758,-103.02827502088255,71,40.73484790493065,0.8408085000000001
166,16863,-141.32984933757103,105,37.592969969340736,0.839811
167,16986,-86.7880675660964,123,42.14297023391336,0.8386425
168,17092,-95.89236270924371,106,63.449889068895914,0.8376355
169,17161,-46.57919317973709,69,30.01844487155693,0.8369800000000001
170,17255,-243.9500248658336,94,41.269935087320654,0.836087
171,17321,-103.17176500872971,66,60.67956355033499,0.83546
172,17388,-66.06199514007953,67,33.91207449382811,0.8348235
173,17480,-132.56424741665884,92,25.28820241469404,0.8339495
174,17577,-319.74042311218705,97,25.432974950554446,0.833028
175,17713,-53.4433149398183,136,48.31136992924354,0.831736
176,17796,-74.01250721307414,83,33.293027413896766,0.8309475
177,17916,-94.83679772270258,120,44.86128823806842,0.8298075
178,18042,20.111565814513597,126,38.259927087359955,0.8286105
179,18124,-29.719656311967356,82,44.76949379720339,0.8278315
180,18219,-102.66884069614972,95,43.68560997937855,0.826929
181,18367,-71.57118371318553,148,53.18344379679577,0.825523
182,18437,-8.152679193019921,70,69.08842231205531,0.824858
183,18535,-79.7805395799952,98,52.76519083064429,0.823927
184,18696,-103.56171912944095,161,44.57677902197986,0.8223975
185,18793,-112.00607651352267,97,56.20006944039433,0.821476
186,18906,-117.84070974705804,113,56.4760611484536,0.8204025
187,19014,-134.25169599275384,108,32.55999296351715,0.8193765
188,19094,-127.08117104711849,80,45.661555643379685,0.8186165000000001
189,19183,-103.9658263759751,89,63.28276090608554,0.817771
190,19257,-61.05138439304076,74,40.76316980574582,0.817068
191,19329,-109.42478294084333,72,42.17819147308668,0.816384
192,19437,-54.35313164728808,108,49.449035308427284,0.815358
193,19533,-30.844211253712658,96,46.46116271521896,0.814446
194,19634,-169.24916545350084,101,56.07911569411212,0.8134865
195,19722,-88.97076710474299,88,43.669056639752604,0.8126505
196,19841,-49.70158629626472,119,51.85194105961744,0.81152
197,19940,-215.88076976708592,99,50.10457794955283,0.8105795
198,20056,-145.8516424140829,116,39.01224346150612,0.8094775000000001
199,20179,-103.76204160568662,123,58.63760880580762,0.808309
200,20274,-110.59466646593785,95,37.1058130979538,0.8074065
201,20356,-81.94086996180476,82,57.181980709477166,0.8066275
202,20437,-59.979496078334265,81,68.87484849971018,0.805858
203,20527,-158.320472908576,90,63.442818071444826,0.805003
204,20611,-92.78586410329281,84,67.65050340266455,0.8042050000000001
205,20747,-144.12455711175943,136,39.04294090718031,0.802913
206,20883,-89.58282453653767,136,44.41865771570627,0.801621
207,20996,31.035060308293566,113,54.96440218613211,0.8005475
208,21114,-69.88363005871084,118,60.314173980284544,0.7994265
209,21224,-149.956267087765,110,54.73849081993103,0.7983815
210,21310,-127.7163146340916,86,54.18057607980661,0.7975645
211,21409,-86.30276734378805,99,45.541032435316026,0.796624
212,21541,-42.28220933537574,132,51.46475659897833,0.79537
213,21651,-203.2158844552539,110,52.188193054632706,0.794325
214,21728,-13.045547178267555,77,59.80910820310766,0.7935935000000001
215,21791,-64.99889221258303,63,57.71600165821257,0.792995
216,21887,-85.96400251767194,96,54.2163338214159,0.792083
217,21994,-75.51699691161949,107,68.69607276448579,0.7910665
218,22064,-65.89527205906109,70,99.23634379420962,0.7904015
219,22198,-77.04748391183489,134,61.36665739852991,0.7891285
220,22288,-32.21066007776368,90,94.52802035676109,0.7882735
221,22382,-110.0433478671004,94,56.45280524010354,0.7873805
222,22523,-123.33033751999095,141,65.46051584279283,0.786041
223,22599,-83.54502461519579,76,94.63149033800552,0.785319
224,22668,-104.81287953503751,69,57.647405534550764,0.7846635
225,22735,-75.06700266756913,67,68.88945338975138,0.784027
226,22803,-112.66143298881823,68,63.30941958111875,0.783381
227,22913,-85.71498643023774,110,52.85592394633726,0.782336
228,22991,-66.7451073050942,78,59.2539636798394,0.781595
229,23117,-79.96585755739929,126,66.17858990222689,0.780398
230,23257,-17.00177627680415,140,54.72306946047715,0.779068
231,23334,-117.8962759517641,77,75.00101183064572,0.7783365
232,23450,-91.28647137406557,116,59.108635299678504,0.7772345
233,23590,-38.592366925637165,140,67.05949271363872,0.7759045
234,23731,-18.09399670714714,141,60.714880822398136,0.774565
235,23812,-99.61407765129825,81,59.71511666421537,0.7737955000000001
236,23919,-86.68073523067311,107,64.77130822823426,0.772779
237,24007,-119.7050106358763,88,60.49397821453485,0.771943
238,24108,-24.017207463709994,101,75.63570150762501,0.7709835
239,24226,-64.19698909616307,118,75.09281345444211,0.7698625
240,24307,-23.445123465178,81,52.69563569110117,0.769093
241,24380,-41.86236429518994,73,65.61205444107317,0.7683995
242,24475,-101.684515282418,95,36.16975833930467,0.767497
243,24583,-182.07636598632024,108,62.16244094128962,0.766471
244,24657,-63.80093964919226,74,41.071163916104545,0.765768
245,24765,-71.2665635247303,108,51.13184964877588,0.764742
246,24876,-176.43133050582185,111,50.88286456385174,0.7636875000000001
247,24988,-143.4395707501185,112,64.44565079786948,0.7626235
248,25055,-87.87726427221979,67,93.90656788669415,0.761987
249,25159,-82.68047186962123,104,38.22735583782196,0.760999
250,25277,-74.8774823362551,118,49.995195500931494,0.759878
251,25433,-53.76128705482766,156,63.07205274968575,0.7583960000000001
252,25545,-96.83607663776829,112,50.079734169478925,0.757332
253,25707,-70.07448891851443,162,67.88262948099478,0.7557929999999999
254,25836,-60.568925125658744,129,42.48613809106886,0.7545675000000001
255,25972,-72.08113442453332,136,51.074840271735894,0.7532755
256,26050,-36.96989752932556,78,75.395688807353,0.7525345
257,26125,-96.88654528404143,75,61.92085012276967,0.751822
258,26247,-55.8124199868019,122,32.25741200808619,0.750663
259,26363,-64.51213233111672,116,121.89979303808047,0.7495609999999999
260,26447,-116.01230294167051,84,63.161528254548706,0.7487630000000001
261,26526,-91.34489983297462,79,71.31381116713149,0.7480125
262,26593,-32.74153310443043,67,97.25708570409176,0.747376
263,26744,-19.102672176244525,151,37.414160587140266,0.7459415
264,26872,-73.60733595189754,128,85.95292726764455,0.7447254999999999
265,26966,1.375268509389528,94,96.18728175886135,0.7438325
266,27079,-110.50403665591365,113,76.94128554268221,0.742759
267,27195,-66.99029656158534,116,60.76016262122269,0.741657
268,27312,-112.9602348205222,117,85.62559564653625,0.7405455
269,27441,-58.696494396452444,129,50.607901678066845,0.73932
270,27587,-111.60705423248119,146,69.79840336311354,0.737933
271,27687,-41.613192774360726,100,75.01598609149455,0.7369829999999999
272,27800,-92.06774749622281,113,90.16714320140602,0.7359095
273,27885,-76.87561095434421,85,87.53639214038849,0.735102
274,28019,-41.55330475229509,134,86.03938718429252,0.7338290000000001
275,28113,35.43060482158097,94,53.59225765441327,0.732936
276,28240,-41.22719395133208,127,76.59502646913678,0.7317295
277,28404,-32.68167540447301,164,80.57775378517988,0.7301715
278,28528,-10.553451454898848,124,85.1337213444133,0.7289935000000001
279,28599,-56.02186198592844,71,71.16246662425323,0.7283189999999999
280,28676,-65.79870236940317,77,59.401850301723975,0.7275875
281,28798,-84.25917134859439,122,78.67309570898774,0.7264285
282,28881,-68.89371861683412,83,78.94967757650168,0.7256400000000001
283,29017,-88.85562694962765,136,59.72694903612137,0.724348
284,29197,-55.12912921301289,180,97.86621583898862,0.722638
285,29305,-72.26881945907996,108,105.10022037890222,0.7216119999999999
286,29423,-1.5823790528602615,118,111.93018355106904,0.720491
287,29542,-76.50299132875409,119,116.80680021117715,0.7193605000000001
288,29613,-16.896910814664935,71,32.32684967719333,0.7186859999999999
289,29756,-34.63472297965026,143,106.4501725064291,0.7173275
290,29849,-35.37574752286254,93,55.08236653894507,0.716444
291,29950,-84.48806407061838,101,104.30371223345841,0.7154845000000001
292,30084,-68.57206466160126,134,88.98130469535714,0.7142115
293,31084,36.70014191972858,1000,76.95335634511709,0.7047114999999999
294,31157,-80.84310594919214,73,47.257507366676855,0.704018
295,31324,-7.467332361196782,167,56.49202925395109,0.7024315
296,31418,-89.59729023074297,94,105.67460088526948,0.7015385000000001
297,31534,-89.94480448120682,116,54.276122773515766,0.7004365
298,31681,-109.47138304220103,147,88.96738240507995,0.69904
299,31761,-90.16754273859162,80,119.84235180914402,0.69828
300,31866,-12.179824379538587,105,68.16943350065323,0.6972825
301,31947,-98.12927245546925,81,105.21791916423373,0.6965129999999999
302,32058,-70.94966978831768,111,97.5613789955775,0.6954585
303,32154,-55.563548480604396,96,91.77426772440474,0.6945465
304,32224,-58.176050148570994,70,57.25477192572185,0.6938815
305,32376,-59.877931626315835,152,72.32930512961589,0.6924375
306,32498,-57.5956162968614,122,82.74678880464835,0.6912785
307,32610,-75.8658915297112,112,129.24225364519017,0.6902145
308,32686,-65.61840327353117,76,38.877447642778094,0.6894925000000001
309,32806,-109.85068351310763,120,28.781669189532597,0.6883525
310,32922,-165.85756642286972,116,110.5113431102243,0.6872505
311,33044,-89.05465643803649,122,100.49463585654243,0.6860915000000001
312,33115,-53.428780595895525,71,80.710131791276,0.6854169999999999
313,33237,-125.34623194097773,122,88.62008034889816,0.684258
314,33363,-68.42495481309429,126,140.65206293170414,0.6830609999999999
315,33474,52.99028603623998,111,106.01248742331255,0.6820065
316,33589,-60.454331951922924,115,91.86205863693486,0.680914
317,33723,-73.85727106387662,134,122.94989908186358,0.6796409999999999
318,33833,-57.787591728365214,110,98.05636710903862,0.678596
319,33916,-33.26277273481881,83,144.74588982599326,0.6778075
320,34047,-24.134323123045462,131,124.04179727030164,0.676563
321,34179,-46.77670952055756,132,153.8392361917279,0.675309
322,34255,-76.89073188157543,76,124.60330691463069,0.674587
323,34348,-72.20356754308,93,66.36742261532814,0.6737035
324,34463,-71.69849235440248,115,79.7186743715535,0.6726110000000001
325,34557,29.853111619761904,94,93.81241747166249,0.671718
326,34835,11.845319811060705,278,108.76495738273901,0.669077
327,34944,-77.55015733100348,109,92.71964924926058,0.6680415
328,35040,-128.25664964305352,96,75.75108635425568,0.6671295
329,35125,-68.59676636586195,85,42.12330790127025,0.6663220000000001
330,35262,2.3490522416582422,137,93.83237178003701,0.6650205
331,35349,-28.201178356649137,87,119.21409261706232,0.664194
332,35443,-10.48985607722068,94,144.35971275669462,0.663301
333,35577,-77.84139509717834,134,82.61340657632742,0.6620280000000001
334,35855,-161.6366685141543,278,75.48016305964627,0.659387
335,35943,-26.711618881839513,88,170.55695322697812,0.658551
336,36013,-84.51394899578796,70,133.59706593070712,0.657886
337,36089,-41.28806163937814,76,84.64548272521873,0.6571640000000001
338,36217,-161.20018382829474,128,140.92826794367284,0.655948
339,36318,-129.36387547093565,101,94.40814313203981,0.6549885
340,36420,-74.13461530959505,102,64.49394112357906,0.6540195
341,36521,-13.640278193554352,101,122.9083434001054,0.65306
342,36635,-37.55811107771436,114,78.45330170999493,0.651977
343,36749,-58.64447095774837,114,90.56502499496727,0.6508940000000001
344,37749,75.36290210070678,1000,99.48528380858899,0.641394
345,37832,-11.88260649072349,83,96.92473954034139,0.6406055
346,37964,-95.28584686269384,132,116.00684769858013,0.6393515000000001
347,38064,-31.160644080705694,100,75.93550415277481,0.6384015000000001
348,38131,-58.4999242458194,67,115.13901717449302,0.637765
349,38235,-86.37275377857185,104,157.4571453974797,0.6367769999999999
350,38351,-53.648159074009214,116,61.531508355305114,0.635675
351,38474,-57.49970462073574,123,168.65670607729655,0.6345065000000001
352,38609,-132.5427242705189,135,132.45355746569456,0.633224
353,38712,-102.63822025706027,103,89.91837466573253,0.6322455
354,38787,-17.3158672665608,75,112.32772045612336,0.631533
355,38924,-29.03005542369654,137,118.12220676972048,0.6302315000000001
356,39052,-60.9681094704236,128,83.54861620441079,0.6290155
357,39202,22.5072734850755,150,89.49870365222296,0.6275904999999999
358,39267,-76.26266039115816,65,56.58834978250357,0.626973
359,39396,-33.489386489451434,129,133.4897956118103,0.6257475
360,39504,-265.330941109642,108,136.399063192032,0.6247215
361,39593,-79.32188990752226,89,81.52479336234961,0.6238760000000001
362,39671,-54.19088545276509,78,73.60720637135016,0.623135
363,39759,-71.03421224236112,88,129.720672335137,0.622299
364,39857,-71.18363069882791,98,166.7970282763851,0.6213679999999999
365,39997,-60.10539552767079,140,112.2447857601302,0.6200380000000001
366,40133,-2.6024375762217744,136,79.14353092233924,0.618746
367,41133,41.04417330853358,1000,147.8658317475319,0.609246
368,41248,-64.02879562959495,115,184.56790662641112,0.6081535
369,41376,-189.27412395639954,128,135.16624816693366,0.6069375
370,41452,-94.74162427014483,76,123.63033318990155,0.6062155
371,41561,-93.64380947869256,109,152.71865235009324,0.60518
372,41654,-85.6921058207886,93,195.52158871645568,0.6042965
373,41780,25.00577503529051,126,96.74626009142588,0.6030995
374,41886,-3.9985863010004294,106,116.65524189427214,0.6020925
375,41970,-55.410666425110136,84,310.3157008148375,0.6012945000000001
376,42095,-30.724628318205575,125,95.53948431968689,0.6001070000000001
377,42213,-70.46815546963782,118,50.64701417240046,0.598986
378,42371,-187.26558277108714,158,101.45486403190637,0.597485
379,42480,-40.38092301828148,109,99.964679164624,0.5964495000000001
380,42549,-59.47918799358794,69,71.95861006128615,0.5957939999999999
381,42662,-100.50242736311864,113,118.95648666926189,0.5947205
382,42767,-69.02585014738538,105,83.77138108525958,0.593723
383,42834,-55.437134979710066,67,47.88493877204496,0.5930865000000001
384,42913,-2.629480969140829,79,87.6731386773194,0.592336
385,43039,-300.5191469199471,126,126.50539501508077,0.5911390000000001
386,43153,-69.99484532887023,114,107.55934441507908,0.590056
387,43265,-113.44235117246434,112,117.84445651939937,0.588992
388,43377,-35.865362155744165,112,254.34997501969337,0.587928
389,43499,-68.85955454521726,122,135.33604749988336,0.5867690000000001
390,43616,-45.26180992236763,117,119.19405256784879,0.5856575
391,43723,-49.02461252191749,107,134.58271933716034,0.584641
392,43829,-30.487955020308917,106,195.70806213707294,0.583634
393,43924,-42.77891643796423,95,79.24493772732585,0.5827315
394,44027,-59.59083967055494,103,186.3043589059589,0.581753
395,44109,-47.137000210515126,82,161.30007917997312,0.580974
396,44193,-30.03893177082044,84,108.38899701124146,0.580176
397,44315,-3.3095067406736405,122,129.62317873122262,0.5790170000000001
398,44446,-204.65060589499615,131,122.09575511936013,0.5777725
399,44568,-62.842886091774616,122,217.9263627323948,0.5766135
400,44674,11.855560527160222,106,169.5364834801206,0.5756065
401,44771,-81.28912680189332,97,124.08163511138602,0.5746850000000001
402,44901,-38.50232197022619,130,208.77793998351464,0.57345
403,45039,-7.43132973202944,138,144.83291628049767,0.572139
404,45117,-68.81046554292458,78,85.45238852348083,0.5713980000000001
405,45194,-54.4429265412524,77,249.86831614568635,0.5706665
406,45306,-51.43365512610548,112,113.70497916425977,0.5696025
407,45413,-74.48051641164294,107,128.88148174553274,0.568586
408,45511,-71.4134127922797,98,144.62638568513248,0.567655
409,45598,-64.50385062902919,87,206.58264318827926,0.5668285
410,45720,-58.58867712669545,122,98.72998136477392,0.5656695
411,45857,6.851892382234027,137,177.69988162239102,0.564368
412,45945,-62.73745305770535,88,184.78022184967995,0.563532
413,46028,-65.52420510929747,83,93.63463980031301,0.5627435000000001
414,46111,7.236582325647021,83,202.7381819357355,0.561955
415,46224,-45.11587181222197,113,103.45645637744296,0.5608815
416,46314,-107.37372175640331,90,256.9355710334248,0.5600265
417,46395,-38.45163500907843,81,128.29255848166383,0.559257
418,46537,-174.1624733111584,142,87.38093486386286,0.5579080000000001
419,46645,-29.85347863328684,108,136.48977207144102,0.556882
420,46728,-58.28523933614129,83,105.42237066791718,0.5560935
421,46809,-23.827008861516887,81,172.23208012845782,0.555324
422,46914,-44.73530176948613,105,162.68287344887142,0.5543265
423,46999,-64.5497932253306,85,87.69579528920791,0.5535190000000001
424,47096,-59.025496843484916,97,58.272452533859564,0.5525975000000001
425,47214,-67.95978094305613,118,114.31169080532203,0.5514765
426,47293,-46.23068399063837,79,214.86980512625055,0.550726
427,47398,-5.176416914275961,105,111.7156054360526,0.5497285000000001
428,47534,-109.32289511295131,136,201.92734158302054,0.5484365
429,47628,-64.06897851017251,94,103.16105388073211,0.5475435
430,47746,-139.5745780140501,118,277.96622268426216,0.5464225
431,47887,-107.78463909442137,141,45.49939245196944,0.545083
432,47975,3.102298210813771,88,172.60695536570117,0.544247
433,48975,31.173521695436,1000,130.50255272483827,0.5347470000000001
434,49072,7.555075273566317,97,130.12463063185976,0.5338255000000001
435,49173,12.180270704178298,101,226.21279918557346,0.5328660000000001
436,49302,2.5275245995949973,129,235.27199779739675,0.5316405
437,49414,-142.3347690136759,112,112.15319450731788,0.5305765
438,49513,-47.61723212495366,99,179.42182823865102,0.529636
439,49630,-76.06849298936781,117,58.1173107562921,0.5285245000000001
440,49710,-6.306290021652416,80,76.8898736178875,0.5277645
441,49826,9.645276149663601,116,115.47524928018964,0.5266625
442,50826,49.75271726297616,1000,158.9316504563093,0.5171625
443,51826,-72.47132390956152,1000,137.38452558219433,0.5076625
444,51904,-31.909084801626292,78,118.22219421924689,0.5069215
445,52904,15.063105442665142,1000,178.46600837087632,0.49742150000000007
446,53019,-45.94826845024923,115,93.34106404574021,0.496329
447,53129,-49.03885081283171,110,214.36075063402004,0.49528400000000006
448,54035,-281.2299715418603,906,145.5488248010871,0.486677
449,55035,-20.28846595636796,1000,178.36950374555587,0.47717699999999996
450,56035,16.591769590633106,1000,163.07533994567393,0.4676770000000001
451,56152,-139.03376010687566,117,100.76883641369322,0.4665655000000001
452,56251,-23.711923209629134,99,140.98688814615963,0.46562500000000007
453,56399,-8.061262304338811,148,63.49470698672372,0.46421899999999994
454,56540,-50.05708811009001,141,104.56246740344568,0.4628795000000001
455,56614,-56.27429965112245,74,172.8299567377245,0.4621765
456,56738,-16.20008201054648,124,62.0691048118376,0.4609985
457,56830,-52.09242631410979,92,84.74354171493779,0.46012450000000005
458,56976,13.220135948754475,146,70.85913603028206,0.4587375
459,57976,31.5714622609753,1000,143.6054763827324,0.44923750000000007
460,58071,-61.708677163721376,95,39.254129372145,0.44833500000000004
461,58172,19.53609737815927,101,118.96634725296852,0.44737550000000004
462,58297,19.625372436628297,125,71.92460480499268,0.44618800000000003
463,58373,-50.80200181390873,76,39.121498771403964,0.44546600000000003
464,59373,78.18404862799618,1000,157.66592534005642,0.43596599999999996
465,59470,-39.89342645018621,97,243.52662585568183,0.43504449999999995
466,59586,-200.13952016308815,116,218.0650113656603,0.4339425
467,59666,-55.28024501657728,80,179.98767170906066,0.4331825
468,59773,-215.35586547045057,107,235.75671205788015,0.43216600000000005
469,59882,-52.673311536488114,109,65.67037027910214,0.4311305000000001
470,59988,-58.370429150946265,106,173.56002618456787,0.4301235
471,60095,-30.86575237734921,107,56.71392167840049,0.429107
472,60218,-178.94150248412586,123,162.47742611605946,0.4279385
473,60350,-213.1071118207593,132,123.63035743344913,0.4266845
474,60447,-28.294824827360117,97,223.83798233012564,0.425763
475,61447,85.08318342396775,1000,145.64146144425868,0.41626300000000005
476,61638,-60.722567176675255,191,118.38248738568491,0.4144485
477,61763,28.09498746608398,125,127.6933973865509,0.4132610000000001
478,61886,-8.421416438164016,123,195.11318126345068,0.4120925
479,62886,-16.148278838437278,1000,119.05781658947468,0.4025925
480,62983,-86.25800864740927,97,111.73527313876397,0.401671
481,63083,-25.4238173197796,100,156.17796208620072,0.400721
482,63164,-32.07151305776354,81,127.39771416452196,0.3999515
483,63591,-106.83834939814128,427,151.1296485654085,0.395895
484,63713,-30.462844211893056,122,226.73506243893357,0.394736
485,64713,68.0107987138804,1000,109.9004470154047,0.385236
486,64797,-0.007672688504044345,84,249.3499971628189,0.38443800000000006
487,65122,-178.984926224035,325,95.97537878696735,0.38135050000000004
488,66122,36.529414826057234,1000,147.6744196548462,0.3718505000000001
489,66251,-21.710532930550286,129,119.5956355582836,0.3706250000000001
490,66345,24.808597728743038,94,104.84619520826543,0.36973199999999995
491,66492,-176.36827349030472,147,57.8453802227163,0.36833550000000004
492,66636,-67.20483782043725,144,181.2782583038012,0.3669675
493,66927,-83.42598743901628,291,129.58542660380556,0.36420300000000005
494,67927,-60.14113684769961,1000,121.51573451209069,0.3547030000000001
495,68927,94.11298918695482,1000,143.67013262057304,0.34520300000000004
496,69927,75.22809431633607,1000,100.50777029681205,0.3357030000000001
497,70057,-169.13850423157237,130,84.89373455414405,0.3344680000000001
498,70216,-75.61576127894436,159,84.6314240011779,0.3329575
499,70334,-52.38668025546718,118,64.16168542837693,0.3318365
500,71334,111.53413788460195,1000,126.77511401760579,0.3223365
501,71434,23.95946044777348,100,244.99081617951393,0.3213865
502,71539,8.312658801932855,105,208.58239541280838,0.32038900000000003
503,71626,-8.249708823833672,87,50.78691850585499,0.31956249999999997
504,72626,122.63029529445554,1000,115.60759808552265,0.31006250000000013
505,73626,159.82296855499186,1000,152.49472914350034,0.30056250000000007
506,73827,-116.57653015795358,201,119.85294191813587,0.29865300000000006
507,73941,-139.23117767311146,114,89.95825007714723,0.2975700000000001
508,74941,114.5437501852723,1000,132.8340500279665,0.28807000000000005
509,75941,141.56627983727205,1000,105.88783183884621,0.2785700000000001
510,76941,107.70478716560254,1000,132.05846274864675,0.26907000000000003
511,77941,112.1762213990147,1000,143.30077580988407,0.2595700000000001
512,78941,64.00314977753652,1000,110.95608866655826,0.25007
513,79755,245.26757546731608,814,142.54716380456742,0.24233700000000002
514,80214,-168.91198705216704,459,156.16079515647266,0.23797650000000004
515,81146,242.9540091312112,932,120.26204943349944,0.2291225
516,82146,72.61572451936058,1000,119.542776242733,0.21962250000000005
517,83146,82.38644356973613,1000,118.30163982534408,0.2101225
518,84146,68.8063056868326,1000,105.73847432875633,0.20062250000000004
519,85014,191.8383681856837,868,119.95889813476994,0.19237649999999995
520,86008,210.45610487906043,994,133.1510448154789,0.18293350000000008
521,87008,155.35002987678715,1000,145.70080296218396,0.17343350000000002
522,88008,41.348068755888676,1000,111.37491106534004,0.16393350000000007
523,88783,178.6323973228117,775,120.04656977545831,0.15657100000000002
524,89284,238.44752915687877,501,115.2626310696383,0.1518115
525,90013,167.82687554116933,729,161.02662507055229,0.14488599999999996
526,90887,240.7074219305338,874,117.93369907877265,0.136583
527,91795,221.0357130300651,908,108.46088243239777,0.1279570000000001
528,92795,173.87658620902803,1000,123.16565489041805,0.11845700000000003
529,93465,231.97012433513126,670,101.3977008387224,0.11209199999999997
530,94055,237.22241216059726,590,112.96210974919595,0.106487
531,94714,203.9762476777991,659,101.88986241491865,0.1002265
532,95331,229.28015634271506,617,82.55213994454333,0.09436500000000003
533,95898,253.80499191093193,567,117.52455400369365,0.08897850000000007
534,96533,169.25651413259035,635,167.9439624298276,0.08294600000000008
535,97130,238.39308126721258,597,96.82525696986085,0.07727450000000002
536,97701,218.90851781863552,571,155.00258535846103,0.07185000000000008
537,98486,197.64172269557918,785,107.50371560169633,0.06439250000000007
538,98994,190.75707923796574,508,154.11202771715293,0.05956650000000008
539,99304,-170.30196118951602,310,148.88131767011458,0.0566215000000001
540,100131,200.73482939306416,827,122.0424005623452,0.050000000000000044
541,100871,183.2499161373546,740,104.55233288069029,0.050000000000000044
542,101391,217.22471059775603,520,103.21822870282027,0.050000000000000044
543,102036,203.84976277262558,645,85.65515885112822,0.050000000000000044
544,103036,37.661856055724634,1000,92.9687151197195,0.050000000000000044
545,103602,186.95824682289802,566,155.10013838033373,0.050000000000000044
546,104218,234.14399542408788,616,118.34778628953092,0.050000000000000044
547,104787,184.0129675543319,569,91.11087401428625,0.050000000000000044
548,105358,247.45565826981033,571,168.1773002790695,0.050000000000000044
549,105986,200.0320759144009,628,120.86260972926571,0.050000000000000044
550,106456,211.49773833772105,470,127.71539239502968,0.050000000000000044
551,107056,186.60767421786346,600,83.3361868673563,0.050000000000000044
552,107548,215.85941155607617,492,96.92796338113342,0.050000000000000044
553,108039,257.7908518424549,491,80.17047557932781,0.050000000000000044
554,108505,197.56381111166135,466,117.01198626894808,0.050000000000000044
555,108925,188.90640748475886,420,80.39844939424879,0.050000000000000044
556,109505,245.66375356782837,580,77.9190161000038,0.050000000000000044
557,110162,170.29425460782534,657,71.14841614756591,0.050000000000000044
558,110727,217.2133282528178,565,74.83914828806851,0.050000000000000044
559,111279,187.06433247175167,552,61.59778263797794,0.050000000000000044
560,111862,195.12512560832235,583,85.72186287107844,0.050000000000000044
561,112488,247.78772299913845,626,69.17962177778585,0.050000000000000044
562,113119,232.182050270411,631,99.8445066455427,0.050000000000000044
563,113705,191.02572312411107,586,78.64405872451567,0.050000000000000044
564,114316,215.25170248789334,611,69.93628480489048,0.050000000000000044
565,115095,151.92243552316717,779,51.85479871903825,0.050000000000000044
566,115895,193.3649382071994,800,64.34014200270175,0.050000000000000044
567,116508,238.15413499916042,613,54.60541165662629,0.050000000000000044
568,117289,177.55398082744165,781,85.83611920296612,0.050000000000000044
569,117720,177.46344983317215,431,164.99479223569972,0.050000000000000044
570,118437,136.12663475432376,717,38.11856219060251,0.050000000000000044
571,119124,206.49311049428536,687,80.36661340020802,0.050000000000000044
572,119694,236.14254685276543,570,64.89638179645203,0.050000000000000044
573,120061,267.2865134300013,367,72.24609645851952,0.050000000000000044
574,120515,174.37965591897532,454,36.22266810423477,0.050000000000000044
575,121515,110.5327222493473,1000,68.00589365231991,0.050000000000000044
576,121950,227.8657950298682,435,70.50893847503882,0.050000000000000044
577,122950,-12.076586356152683,1000,61.304730175435544,0.050000000000000044
578,123774,164.21634476450726,824,41.339081962999785,0.050000000000000044
579,124246,203.95937549643884,472,99.75577863116385,0.050000000000000044
580,124747,240.51171038625594,501,94.96113733878869,0.050000000000000044
581,125287,207.56282383452756,540,70.45936217837864,0.050000000000000044
582,125794,249.0288056827834,507,51.4112408101206,0.050000000000000044
583,126226,260.31052762602127,432,34.45833482096592,0.050000000000000044
584,126815,207.27100890470933,589,69.01297160613719,0.050000000000000044
585,127240,241.46958787784558,425,73.07735575129004,0.050000000000000044
586,127931,201.43151937493818,691,62.39613563624546,0.050000000000000044
587,128228,247.13715589195377,297,85.05998895204428,0.050000000000000044
588,128750,219.9803678963628,522,64.40568265490148,0.050000000000000044
589,129560,170.5516130613907,810,76.11258824283694,0.050000000000000044
590,130117,197.06688845784612,557,104.20335661851311,0.050000000000000044
591,130709,182.19834670555576,592,55.34868721180671,0.050000000000000044
592,131093,235.6835478742925,384,121.90623675659299,0.050000000000000044
593,131730,237.52812169943024,637,94.38168883024242,0.050000000000000044
594,132713,190.99132043365933,983,74.40844480109725,0.050000000000000044
595,133169,266.2520373401006,456,43.060817625177535,0.050000000000000044
596,133745,207.36640939400348,576,60.10283928374864,0.050000000000000044
597,134106,222.92748033623465,361,40.42246215297244,0.050000000000000044
598,134544,256.15013139940186,438,84.68583990177608,0.050000000000000044
599,134975,240.41086319558434,431,96.05962615582894,0.050000000000000044
600,135638,166.31635308655774,663,90.49470309308572,0.050000000000000044
601,136273,270.8421004756615,635,82.13776166063595,0.050000000000000044
602,136568,279.91089959993667,295,24.905556829501005,0.050000000000000044
603,136927,226.47044825908688,359,75.74599582737203,0.050000000000000044
604,137533,243.7428983193182,606,43.12981847764635,0.050000000000000044
605,137943,279.98515907138705,410,75.46989015398955,0.050000000000000044
606,138162,258.25975033885345,219,91.87592964738471,0.050000000000000044
607,138685,187.21192205640935,523,57.91835734413413,0.050000000000000044
608,139058,243.23093660013006,373,62.37494131738954,0.050000000000000044
609,140058,83.14383625040047,1000,60.12897532856464,0.050000000000000044
610,140443,279.3286723750159,385,85.3746284051375,0.050000000000000044
611,140874,251.9351090214944,431,108.39981211282814,0.050000000000000044
612,141352,243.41823935402226,478,51.7412108674209,0.050000000000000044
613,141944,181.2024823306381,592,39.457988505125854,0.050000000000000044
614,142466,254.52481791627983,522,69.2043368299117,0.050000000000000044
615,142853,244.4639956053395,387,74.01247906253627,0.050000000000000044
616,143312,227.57634290101066,459,30.445446627332235,0.050000000000000044
617,143752,238.13937074081997,440,109.9985690540888,0.050000000000000044
618,144035,281.0127618073724,283,20.588969506981517,0.050000000000000044
619,144275,257.81884533352616,240,57.585749290635185,0.050000000000000044
620,144681,248.2988811028723,406,50.395005840239264,0.050000000000000044
621,145008,274.95209131783974,327,101.69497440203979,0.050000000000000044
622,145335,243.37368482044798,327,69.42690274365451,0.050000000000000044
623,145838,280.99668740253446,503,53.27131149415705,0.050000000000000044
624,146369,246.71543371824967,531,59.479952750345184,0.050000000000000044
625,146852,247.07903054252733,483,46.290223037974435,0.050000000000000044
626,147283,241.4440780041457,431,34.046604219279544,0.050000000000000044
627,147679,248.84743461373654,396,53.00630575493731,0.050000000000000044
628,147932,271.0626721126573,253,86.46655200686851,0.050000000000000044
629,148234,243.99286509797238,302,38.23030021924846,0.050000000000000044
630,148693,215.17431739725015,459,34.299707034444495,0.050000000000000044
631,149043,277.718942782248,350,30.60328561101641,0.050000000000000044
632,149352,232.33851457133593,309,92.82838308116764,0.050000000000000044
633,149851,247.67557028162454,499,51.54797821532271,0.050000000000000044
634,150235,221.9395938934598,384,18.266908385790884,0.050000000000000044
635,150480,263.3364389839311,245,19.454943810920327,0.050000000000000044
636,150768,284.7163915415456,288,37.40455900463793,0.050000000000000044
637,151203,234.92670759820925,435,69.05438629059957,0.050000000000000044
638,151561,-121.08069478690923,358,46.89051611396854,0.050000000000000044
639,152106,216.63921461003184,545,48.998871330274355,0.050000000000000044
640,152673,194.43822272599283,567,66.33650209737623,0.050000000000000044
641,153165,226.74244794354854,492,19.818176651146352,0.050000000000000044
642,153694,220.94958269683752,529,50.51438112621722,0.050000000000000044
643,154454,186.65018516936732,760,51.64724882307806,0.050000000000000044
644,154974,221.9407273270791,520,26.323304200516297,0.050000000000000044
645,155354,223.00410557859072,380,27.58209619961287,0.050000000000000044
646,155744,230.33886967774492,390,24.21733416089645,0.050000000000000044
647,156080,251.54109750055534,336,34.58341958746314,0.050000000000000044
648,156478,206.38517902858018,398,40.79912940850809,0.050000000000000044
649,156914,249.40411804788448,436,33.244319329021174,0.050000000000000044
650,157642,241.4520557330615,728,36.676285630726554,0.050000000000000044
651,157919,253.41407293882543,277,17.467707099466978,0.050000000000000044
652,158340,212.2823466116851,421,20.188959334496932,0.050000000000000044
653,159157,245.50451220696473,817,39.29240128394294,0.050000000000000044
654,159849,222.57202263499522,692,49.85728585849263,0.050000000000000044
655,160461,228.85207562364045,612,57.114613364237584,0.050000000000000044
656,161301,206.649000987803,840,39.69069970888751,0.050000000000000044
657,161725,248.62460539034623,424,48.177212055561675,0.050000000000000044
658,162139,223.2420115652492,414,31.700091075494093,0.050000000000000044
659,162795,233.15803278393486,656,17.595624932383256,0.050000000000000044
660,163283,186.09151281943343,488,32.542667315020914,0.050000000000000044
661,163633,225.86048175952146,350,16.992837095601217,0.050000000000000044
662,164101,-95.49435553474389,468,46.45903804484341,0.050000000000000044
663,164763,233.16449888140903,662,31.2778748316167,0.050000000000000044
664,165541,164.0049333881294,778,19.791489462274818,0.050000000000000044
665,165936,239.00231337310854,395,73.31314261948006,0.050000000000000044
666,166354,215.98944291667863,418,16.558131649305945,0.050000000000000044
667,167218,189.07304133478738,864,22.643267705691635,0.050000000000000044
668,167635,268.4454183081823,417,26.21611255964787,0.050000000000000044
669,168040,259.36873702235994,405,16.663589884763883,0.050000000000000044
670,168432,254.99267770526416,392,55.99688116506655,0.050000000000000044
671,168752,256.846940703978,320,51.6069276724942,0.050000000000000044
672,169150,236.4553219364061,398,59.505142394771525,0.050000000000000044
673,169872,196.45940743526404,722,46.09230624791493,0.050000000000000044
674,170338,228.9320252148525,466,101.25635893041739,0.050000000000000044
675,171124,194.71982506755904,786,15.09731566739143,0.050000000000000044
676,171676,211.3903975473507,552,16.466549415087353,0.050000000000000044
677,171843,-188.01280496636866,167,13.52139791685664,0.050000000000000044
678,172280,244.4476571134104,437,22.049508510246977,0.050000000000000044
679,172731,206.6372934282004,451,24.851461780044826,0.050000000000000044
680,173217,248.9022253288993,486,43.19913797951284,0.050000000000000044
681,173675,221.37850888372287,458,11.469067710195567,0.050000000000000044
682,174377,193.41996813365773,702,33.938917597474536,0.050000000000000044
683,174894,226.1298493590731,517,15.526466251918379,0.050000000000000044
684,175552,178.8565446877238,658,12.61564099612026,0.050000000000000044
685,176166,185.98116303438874,614,10.400348856753945,0.050000000000000044
686,176648,255.4080546597405,482,11.474615701686792,0.050000000000000044
687,177244,202.23124595423138,596,13.378354049769024,0.050000000000000044
688,177817,211.08417407655662,573,9.737263121426002,0.050000000000000044
689,178554,208.79460165635675,737,13.069076766839991,0.050000000000000044
690,179086,251.7930896343889,532,14.027830677765204,0.050000000000000044
691,179611,212.1789027368169,525,15.298767583597273,0.050000000000000044
692,180065,236.7753525792475,454,36.34426196411843,0.050000000000000044
693,180488,220.4285140700798,423,12.607008942968738,0.050000000000000044
694,181440,154.79759201668497,952,23.93367465356944,0.050000000000000044
695,182054,214.3306844798444,614,13.927927452500558,0.050000000000000044
696,182658,220.6046466412279,604,15.46106875421393,0.050000000000000044
697,183152,239.9299327280504,494,14.72945133985778,0.050000000000000044
698,183800,188.92121158236387,648,18.237136821917915,0.050000000000000044
699,184359,173.54151048066484,559,15.642873353683031,0.050000000000000044
700,184621,-295.1145927855547,262,10.068321625353725,0.050000000000000044
701,185621,45.63469715067661,1000,14.734392349570989,0.050000000000000044
702,186095,218.97332873600158,474,16.20327614662768,0.050000000000000044
703,186612,208.63340426472945,517,21.892313631665775,0.050000000000000044
704,187097,235.824365081642,485,12.873863237942617,0.050000000000000044
705,187805,167.72671045623392,708,33.387713719096226,0.050000000000000044
706,188344,179.0162193388482,539,16.190542549834845,0.050000000000000044
707,189041,205.12596192060553,697,13.754791971536585,0.050000000000000044
708,189985,125.08762298720937,944,15.350809584482242,0.050000000000000044
709,190434,254.67812355974212,449,49.91219052254225,0.050000000000000044
710,190970,241.90036248067395,536,45.042311888299324,0.050000000000000044
711,191537,205.34726323311054,567,11.252538078413648,0.050000000000000044
712,192190,217.25060060992695,653,46.03624710593527,0.050000000000000044
713,192732,203.74753737410103,542,57.10430995242952,0.050000000000000044
714,193170,246.85692008705172,438,51.8336143040834,0.050000000000000044
715,193679,226.26196271750166,509,13.789253847333208,0.050000000000000044
716,194023,249.30620332751943,344,12.728131239930558,0.050000000000000044
717,194539,237.22997591422416,516,15.477819721943648,0.050000000000000044
718,194900,262.1051846093616,361,12.687865247562982,0.050000000000000044
719,195336,243.91172215320057,436,56.86567650017662,0.050000000000000044
720,195730,236.57262795913297,394,8.570919296916971,0.050000000000000044
721,196730,55.76326983635456,1000,31.284072644203903,0.050000000000000044
722,197259,216.9553368164033,529,14.098029575326493,0.050000000000000044
723,197795,205.52220736558337,536,14.550129280578512,0.050000000000000044
724,198313,249.88415042239308,518,56.14413630844428,0.050000000000000044
725,198793,153.95462238438677,480,13.353937954176217,0.050000000000000044
726,199524,189.84547827893363,731,27.54617586648334,0.050000000000000044
727,199999,247.47246644740756,475,12.106969753033237,0.050000000000000044
728,200963,127.00146823117538,964,11.50176513527377,0.050000000000000044
729,201963,81.29009925233302,1000,30.289739583432674,0.050000000000000044
730,202353,158.51298144488163,390,15.885481882783083,0.050000000000000044
731,203312,153.43520414112413,959,11.504625654553099,0.050000000000000044
732,204048,192.31932776250204,736,12.143109017476926,0.050000000000000044
733,204606,192.68933563447607,558,11.25631005463848,0.050000000000000044
734,205283,199.70457142607415,677,14.359733333835926,0.050000000000000044
735,205749,239.13791528289585,466,12.146484652014506,0.050000000000000044
736,206367,225.65482677559754,618,13.949298145966816,0.050000000000000044
737,206723,292.58465902502087,356,16.87609325211202,0.050000000000000044
738,207071,288.27400341378086,348,14.295729782132582,0.050000000000000044
739,207410,206.3431585027909,339,9.46836518472099,0.050000000000000044
740,207817,233.2338377670438,407,9.734486622291936,0.050000000000000044
741,208442,195.15726241664186,625,11.896011989712715,0.050000000000000044
742,209006,158.80826913315545,564,29.72610557969686,0.050000000000000044
743,210006,-34.56135728361265,1000,22.389468426272273,0.050000000000000044
744,210878,214.47523266604327,872,23.42771468053512,0.050000000000000044
745,211494,172.1553759906847,616,11.942243250086904,0.050000000000000044
746,211817,275.1384330975827,323,11.733740548000616,0.050000000000000044
747,212629,224.00010252040994,812,20.079086812350695,0.050000000000000044
748,213118,248.285393027673,489,25.95877452734058,0.050000000000000044
749,214118,42.612471727528515,1000,11.54736351364851,0.050000000000000044
750,214667,167.68057387461164,549,12.695809476091128,0.050000000000000044
751,215055,224.7782273493309,388,10.503788430358945,0.050000000000000044
752,215957,185.78818916482487,902,10.295613308240991,0.050000000000000044
753,216658,184.3870832436935,701,13.183240070854035,0.050000000000000044
754,217350,225.74209261701793,692,14.473191898423812,0.050000000000000044
755,217891,186.79785966484857,541,12.937812005884105,0.050000000000000044
756,218262,218.62472121028907,371,13.007624821722347,0.050000000000000044
757,218512,288.2036870791211,250,9.161847023785114,0.050000000000000044
758,218992,194.23780703277626,480,23.15031533204019,0.050000000000000044
759,219314,242.0414503996426,322,9.658573828498769,0.050000000000000044
760,219620,267.707463972812,306,12.104205717058743,0.050000000000000044
761,219917,263.40894230697626,297,11.220264224341824,0.050000000000000044
762,220457,141.73862878202956,540,11.265455889563869,0.050000000000000044
763,220736,259.81811389102916,279,11.52879872271878,0.050000000000000044
764,221014,267.80948555219413,278,8.144626130517437,0.050000000000000044
765,222014,122.74081970765639,1000,15.735062398061157,0.050000000000000044
766,222423,260.7678356308445,409,9.441166384915268,0.050000000000000044
767,222723,282.85435853468573,300,9.83268132517735,0.050000000000000044
768,223057,267.3484349003001,334,20.501478754920875,0.050000000000000044
769,223318,274.98588216338226,261,10.758900763488365,0.050000000000000044
770,223705,234.30785474536316,387,13.991588529382257,0.050000000000000044
771,223932,275.95172303463175,227,16.09153024904791,0.050000000000000044
772,224380,249.43670686635662,448,13.128355239451464,0.050000000000000044
773,224695,309.62900268456303,315,12.97868763832819,0.050000000000000044
774,224885,3.700136841178306,190,11.68080980816954,0.050000000000000044
775,224990,1.4665803239999775,105,16.74470461720512,0.050000000000000044
776,225536,244.40280227928162,546,9.15102053059763,0.050000000000000044
777,225645,7.355936458026505,109,12.787165507947632,0.050000000000000044
778,225809,3.6015089095413657,164,21.79538715685286,0.050000000000000044
779,226064,248.04036676802718,255,14.93682413247286,0.050000000000000044
780,226469,280.6219694720245,405,12.801304618480765,0.050000000000000044
781,227469,120.50584968765189,1000,13.056886988341809,0.050000000000000044
782,227733,297.4855783874543,264,12.499609679830344,0.050000000000000044
783,227973,238.09863430455198,240,12.379850747995079,0.050000000000000044
784,228219,256.0167314825361,246,10.43357886410341,0.050000000000000044
785,228525,270.5728509611773,306,12.831994076862054,0.050000000000000044
786,228727,260.63700195406693,202,14.375519656382576,0.050000000000000044
787,229037,250.246601468037,310,18.041984376215165,0.050000000000000044
788,229277,274.29380734817624,240,14.600941797470053,0.050000000000000044
789,229483,253.284292314386,206,23.389077153599377,0.050000000000000044
790,229692,261.747850035846,209,11.050044950186921,0.050000000000000044
791,229917,288.24935521240025,225,16.54930312593778,0.050000000000000044
792,230162,254.8136846146874,245,12.519833889542793,0.050000000000000044
793,230597,259.24090356227055,435,12.110726500722183,0.050000000000000044
794,230920,216.6217578938515,323,12.764364645946136,0.050000000000000044
795,231105,258.24768088950157,185,13.794342747169573,0.050000000000000044
796,231355,257.30667597257093,250,17.84216774749756,0.050000000000000044
797,231990,281.1636376541529,635,11.286272963670296,0.050000000000000044
798,232120,49.834723430019494,130,10.569134931151684,0.050000000000000044
799,232337,280.0261300193165,217,12.893728875070124,0.050000000000000044
800,232525,280.8237697843249,188,22.471103800421066,0.050000000000000044
801,232749,257.03433088465886,224,17.851922799433982,0.050000000000000044
802,232908,-8.266317362775169,159,20.603954068894655,0.050000000000000044
803,233244,292.71356322768594,336,16.353423057656205,0.050000000000000044
804,233388,41.38327484248566,144,16.49374727356351,0.050000000000000044
805,233805,282.6139989823331,417,12.273239426368432,0.050000000000000044
806,233963,-6.103722407811631,158,17.254906518832794,0.050000000000000044
807,234290,266.03777133898444,327,14.520721291639024,0.050000000000000044
808,234493,244.08377996719662,203,13.612308422112699,0.050000000000000044
809,234732,256.2263109605344,239,16.28124305156983,0.050000000000000044
810,234890,38.527927457622496,158,16.26116506670472,0.050000000000000044
811,235106,74.30518675893856,216,17.35088347071023,0.050000000000000044
812,235259,64.84191144548254,153,21.57572856896064,0.050000000000000044
813,235413,31.547125080732428,154,18.989668644093847,0.050000000000000044
814,235691,277.00923958866895,278,21.81973331979067,0.050000000000000044
815,235826,18.32047063424349,135,13.407989638050397,0.050000000000000044
816,236048,-89.61076055986865,222,17.696906167309027,0.050000000000000044
817,236267,284.9544668625399,219,16.40684907852787,0.050000000000000044
818,236402,19.618909867715985,135,19.71899539121875,0.050000000000000044
819,236593,-13.28639316974882,191,13.680745577702972,0.050000000000000044
820,236722,30.28265469347761,129,28.84226438218309,0.050000000000000044
821,236941,251.3638767689817,219,17.87217605032333,0.050000000000000044
822,237469,282.8881709713011,528,19.6824140426223,0.050000000000000044
823,237723,251.1171133644136,254,20.16944137702542,0.050000000000000044
824,238047,234.07926927790726,324,15.820294177918523,0.050000000000000044
825,238187,10.503722407770084,140,14.742891345279558,0.050000000000000044
826,238335,15.094876105271524,148,19.456208595049542,0.050000000000000044
827,238563,282.88492758487064,228,15.855768503588543,0.050000000000000044
828,238819,280.17113738212174,256,19.47455489868298,0.050000000000000044
829,239011,297.50830368810114,192,17.737347037841875,0.050000000000000044
830,239192,-1.4528787446054992,181,19.136624951635934,0.050000000000000044
831,239320,47.71001944287582,128,17.520218897028826,0.050000000000000044
832,239444,52.527681896824106,124,18.72578434345703,0.050000000000000044
833,239671,258.69109689359453,227,17.805831238627434,0.050000000000000044
834,239810,0.4000384775221306,139,19.14854639254028,0.050000000000000044
835,239957,50.0267442044038,147,17.185545786302917,0.050000000000000044
836,240184,270.8045103264835,227,14.196781448790155,0.050000000000000044
837,240546,249.39113370585588,362,20.76675962566177,0.050000000000000044
838,240707,11.893847960416622,161,22.530847085003526,0.050000000000000044
839,240898,27.44132644559751,191,20.601098710953877,0.050000000000000044
840,241023,24.576344028051608,125,25.109525757312774,0.050000000000000044
841,241162,54.99077737506133,139,16.30116979027395,0.050000000000000044
842,241316,31.309786026863662,154,14.647778417769965,0.050000000000000044
843,241466,-78.14185046960816,150,17.573636208573976,0.050000000000000044
844,241780,309.1266506707117,314,16.511823046359286,0.050000000000000044
845,241962,294.83507095548674,182,21.766657298492206,0.050000000000000044
846,242091,3.921580451385722,129,14.010593236763349,0.050000000000000044
847,242434,282.7801503163522,343,19.529716031500968,0.050000000000000044
848,242616,70.51312238372768,182,21.711352355778217,0.050000000000000044
849,242743,34.440665487432426,127,21.714607091752562,0.050000000000000044
850,242942,-22.871864687008326,199,22.070287812594792,0.050000000000000044
851,243269,267.71235829897637,327,22.67554057482915,0.050000000000000044
852,243412,68.71829289032587,143,17.025433317452045,0.050000000000000044
853,243735,279.90996272128757,323,18.25912540265281,0.050000000000000044
854,243892,25.88401340437295,157,24.56114391963573,0.050000000000000044
855,244048,48.88666655150931,156,15.141779624785368,0.050000000000000044
856,244172,19.327540870022332,124,19.743645339483216,0.050000000000000044
857,244351,32.279770756566734,179,14.945994364649223,0.050000000000000044
858,244491,29.439211488297417,140,22.4572622148054,0.050000000000000044
859,244636,-8.114090999415751,145,16.181211856315876,0.050000000000000044
860,244786,33.8508352574016,150,27.592560503284137,0.050000000000000044
861,244942,4.992391703208938,156,18.56413230061149,0.050000000000000044
862,245121,1.2565105480436642,179,21.719804068267678,0.050000000000000044
863,245248,-21.412180391483744,127,23.79006846577633,0.050000000000000044
864,245403,34.82044087153511,155,30.679350843737204,0.050000000000000044
865,245521,7.099489161792377,118,24.28534470915289,0.050000000000000044
866,245655,27.209762174162407,134,16.523110098469612,0.050000000000000044
867,245798,27.580674869509167,143,32.031897569973985,0.050000000000000044
868,245938,21.97609881368689,140,23.524813256093434,0.050000000000000044
869,246129,33.98387343653715,191,35.58520843424098,0.050000000000000044
870,246274,17.771463070022136,145,21.102961301598057,0.050000000000000044
871,246432,34.89581106302717,158,24.357223567800432,0.050000000000000044
872,246574,26.15539715357626,142,24.598837459486134,0.050000000000000044
873,246727,13.551734858656047,153,27.60662206218523,0.050000000000000044
874,246893,15.418155280097423,166,31.255240897906113,0.050000000000000044
875,247079,-28.497346674312,186,22.247680731918862,0.050000000000000044
876,247408,293.3225370081802,329,25.692530932805095,0.050000000000000044
877,247538,26.62500575184788,130,22.409882614131156,0.050000000000000044
878,247914,266.2809950444115,376,27.134459622838396,0.050000000000000044
879,248069,-15.806069735882886,155,22.272164350363514,0.050000000000000044
880,248193,12.924077833040656,124,25.222224891666443,0.050000000000000044
881,248427,72.22158213062346,234,22.445322568472633,0.050000000000000044
882,248603,58.814305909070754,176,21.210120681165293,0.050000000000000044
883,248828,44.16625440229373,225,27.35591111474567,0.050000000000000044
884,249074,65.12632810585524,246,21.73680153046924,0.050000000000000044
885,249205,17.379329256653307,131,17.786027361077206,0.050000000000000044
886,249326,4.14196712950671,121,22.676116069978917,0.050000000000000044
887,249495,40.71232760730598,169,27.043272118067602,0.050000000000000044
888,249717,44.93065802031202,222,22.661181962704873,0.050000000000000044
889,249841,14.962963057156358,124,17.954600879982596,0.050000000000000044
890,250018,-17.070911011283485,177,22.975593088626187,0.050000000000000044
891,250141,10.784432282210773,123,36.306731772374334,0.050000000000000044
892,250282,7.9911286873596055,141,26.595208818396777,0.050000000000000044
893,250416,27.03442330215458,134,35.14149008958197,0.050000000000000044
894,250643,56.985704161277255,227,30.27875522520836,0.050000000000000044
895,250849,-39.745547947407985,206,25.174957927714274,0.050000000000000044
896,250984,0.010236942266701021,135,29.064194352096983,0.050000000000000044
897,251118,-4.214224049280915,134,35.91146860038167,0.050000000000000044
898,251252,-6.641168561765937,134,23.903401851654053,0.050000000000000044
899,251551,286.00564293159437,299,25.42740947695879,0.050000000000000044
900,251711,-0.47128080747150136,160,23.82263701763004,0.050000000000000044
901,251939,-2.894860648156765,228,22.28531925798508,0.050000000000000044
902,252195,267.2399391054279,256,34.001623036456294,0.050000000000000044
903,252358,20.514698069209913,163,30.45632403503898,0.050000000000000044
904,252535,66.45791008870853,177,36.375241240707496,0.050000000000000044
905,252683,18.702705474347326,148,24.66945221989944,0.050000000000000044
906,252901,64.647656328772,218,22.303283348884605,0.050000000000000044
907,253213,287.2961655416266,312,21.097146497227442,0.050000000000000044
908,253430,60.771601097695935,217,22.36967551536549,0.050000000000000044
909,253581,18.711998881261735,151,21.643535242767523,0.050000000000000044
910,253726,29.17182614510571,145,30.254050232418653,0.050000000000000044
911,253956,258.8125289687529,230,26.559254227125127,0.050000000000000044
912,254067,54.68210157952382,111,20.50300285555758,0.050000000000000044
913,254272,34.68941634371194,205,26.0550537325987,0.050000000000000044
914,254401,38.38761636142357,129,20.23964004934758,0.050000000000000044
915,254631,261.9604638460959,230,37.22478350031635,0.050000000000000044
916,254868,285.3718829732235,237,28.63130996568042,0.050000000000000044
917,255176,272.37756819727565,308,26.530000514411306,0.050000000000000044
918,255322,33.79682674399922,146,21.802003156444798,0.050000000000000044
919,255487,56.71241076001502,165,26.692324521866713,0.050000000000000044
920,255634,37.57378494093814,147,38.25807837047139,0.050000000000000044
921,256151,252.17409777839714,517,31.208743860401082,0.050000000000000044
922,256476,274.9029349742448,325,28.781733526816733,0.050000000000000044
923,256697,259.97550796870564,221,22.20547679599324,0.050000000000000044
924,257018,233.859896155748,321,36.045462636839936,0.050000000000000044
925,257149,54.79137224075245,131,23.395376894651477,0.050000000000000044
926,257339,54.15753075417439,190,40.373866272521646,0.050000000000000044
927,257499,52.987401065345864,160,38.06612609904259,0.050000000000000044
928,257700,261.38416572581866,201,33.1248565566777,0.050000000000000044
929,257813,38.87426456327455,113,34.61171027938877,0.050000000000000044
930,258413,250.1305986903302,600,31.933831454490623,0.050000000000000044
931,258678,272.1914621744336,265,26.317649235477987,0.050000000000000044
932,259026,305.9463332655042,348,29.78200475725977,0.050000000000000044
933,259155,-9.024820176630499,129,21.860540486121362,0.050000000000000044
934,259362,15.72400134147155,207,28.126192173160216,0.050000000000000044
935,259562,284.84002715090423,200,33.91051735185087,0.050000000000000044
936,259729,38.27459477220253,167,25.910464955482656,0.050000000000000044
937,260019,-25.429120104120088,290,32.29519004369604,0.050000000000000044
938,260279,269.83135509426484,260,40.93706464629907,0.050000000000000044
939,260456,37.62760407548549,177,30.20630804394598,0.050000000000000044
940,260674,261.99227355350286,218,38.89623868109983,0.050000000000000044
941,261022,249.83835492135262,348,28.207234909265548,0.050000000000000044
942,261169,49.96387822948412,147,29.50008161680228,0.050000000000000044
943,261308,-27.69559769731822,139,38.758689158039985,0.050000000000000044
944,261683,277.29581597613935,375,33.67840452122688,0.050000000000000044
945,261878,272.43799214106457,195,26.298503833092177,0.050000000000000044
946,262210,276.5534152598706,332,39.49977484165904,0.050000000000000044
947,262447,282.0175079706033,237,31.6043094530513,0.050000000000000044
948,262684,246.33452864883637,237,33.43327973462358,0.050000000000000044
949,262807,56.6753690268408,123,29.149729038641706,0.050000000000000044
950,263104,232.95658810041232,297,32.609381620932105,0.050000000000000044
951,263429,216.55218598989478,325,30.116542828266436,0.050000000000000044
952,263681,266.563820609176,252,27.557641227980927,0.050000000000000044
953,263949,287.4709545169502,268,34.28740319615202,0.050000000000000044
954,264108,17.139660790374492,159,43.36319849054394,0.050000000000000044
955,264393,283.57068029854725,285,33.61996853158139,0.050000000000000044
956,264663,-313.77059841185246,270,27.690336276756394,0.050000000000000044
957,265064,250.7666127798669,401,27.122231808386537,0.050000000000000044
958,265280,284.0121676698302,216,27.459093306489564,0.050000000000000044
959,265862,253.91731472851222,582,31.34048452425454,0.050000000000000044
960,266045,247.86739211582514,183,20.938878221508585,0.050000000000000044
961,266281,298.18439003494655,236,34.7907072214757,0.050000000000000044
962,266419,-38.83035229338742,138,59.020070262361266,0.050000000000000044
963,266569,9.7047454294149,150,28.055471918582917,0.050000000000000044
964,266728,38.99118311476619,159,25.943529456291557,0.050000000000000044
965,266928,291.0656871709916,200,30.956433099731804,0.050000000000000044
966,267129,269.73659453074595,201,31.637871815790586,0.050000000000000044
967,267310,-13.232003136175692,181,39.981822886190365,0.050000000000000044
968,267982,260.7719117551609,672,39.71293517219878,0.050000000000000044
969,268297,270.92149827428887,315,39.13549979310187,0.050000000000000044
970,268573,276.6106869187743,276,30.78607962442481,0.050000000000000044
971,268722,-99.24864002180189,149,31.49867294278721,0.050000000000000044
972,269046,279.5098101896474,324,35.1071571904568,0.050000000000000044
973,269269,253.0805040603334,223,28.377685419112577,0.050000000000000044
974,269504,294.1604285026904,235,24.66858427803567,0.050000000000000044
975,269611,-35.062358592123246,107,26.880377544142377,0.050000000000000044
976,269988,293.15322361921903,377,36.67888311199864,0.050000000000000044
977,270437,281.3256682365766,449,32.21410866868257,0.050000000000000044
978,270630,262.6164227466602,193,28.699188856880898,0.050000000000000044
979,271023,179.6038642522912,393,30.88528305876043,0.050000000000000044
980,271303,261.01659749750894,280,29.507931708118747,0.050000000000000044
981,271528,302.56535285360087,225,34.61856345011128,0.050000000000000044
982,271846,244.35196523366417,318,24.71588270085038,0.050000000000000044
983,272049,274.3088881142786,203,22.001163171723558,0.050000000000000044
984,272441,240.71403950971938,392,27.449775633307137,0.050000000000000044
985,272700,310.0436396333764,259,41.75136346591486,0.050000000000000044
986,272839,-54.50708643895062,139,47.86522455095387,0.050000000000000044
987,273018,265.5459387982852,179,29.998959111684528,0.050000000000000044
988,273401,276.7704858932396,383,37.40950704609134,0.050000000000000044
989,273635,195.29307733185527,234,27.631748617841648,0.050000000000000044
990,273881,287.75178509060856,246,30.707937660256054,0.050000000000000044
991,274192,230.24098769852571,311,25.560004326883238,0.050000000000000044
992,274507,200.01004428408277,315,39.507921053682054,0.050000000000000044
993,274813,275.6849524588323,306,34.88220254609398,0.050000000000000044
994,275121,275.4504515877094,308,45.95412551853564,0.050000000000000044
995,275479,288.61859065330066,358,41.19112830155389,0.050000000000000044
996,275732,292.2528205786372,253,26.95916499586209,0.050000000000000044
997,276047,300.25470638146976,315,29.465092986632907,0.050000000000000044
998,276279,255.57383547161373,232,41.28592429900991,0.050000000000000044
999,276543,273.58217263407346,264,39.168189249481216,0.050000000000000044
1000,276818,221.35505201786114,275,31.81393590862101,0.050000000000000044
1001,277251,198.79157906742986,433,25.10887277085016,0.050000000000000044
1002,277550,273.5127399151894,299,30.914997625111734,0.050000000000000044
1003,278448,171.6130059788989,898,31.08624075114196,0.050000000000000044
1004,278730,271.37894931025767,282,31.601250943562665,0.050000000000000044
1005,278955,305.06688582283266,225,34.60026733438174,0.050000000000000044
1006,279219,274.9725999393918,264,32.23739070151792,0.050000000000000044
1007,279475,244.94343421581058,256,33.30310705828015,0.050000000000000044
1008,279711,304.5886837910237,236,38.01958805284763,0.050000000000000044
1009,280066,306.5022225841416,355,39.54082604294092,0.050000000000000044
1010,280341,302.76829274299644,275,30.649507525129753,0.050000000000000044
1011,280520,240.01864919625024,179,34.79019636198795,0.050000000000000044
1012,281096,220.24221119994564,576,39.9765543827994,0.050000000000000044
1013,281460,275.6568468827951,364,36.87709485616658,0.050000000000000044
1014,281698,237.38159806102402,238,35.0518105182828,0.050000000000000044
1015,282133,262.6962038974399,435,45.039608534930764,0.050000000000000044
1016,282319,232.9649964113048,186,22.95003693590882,0.050000000000000044
1017,282630,-200.53911617115165,311,36.52039449075027,0.050000000000000044
1018,282995,272.41267875297933,365,30.763865236795112,0.050000000000000044
1019,283336,290.09247692826864,341,29.81328679477015,0.050000000000000044
1020,283591,272.35479183424485,255,37.30855281025756,0.050000000000000044
1021,283803,242.19320832409943,212,37.715263475365234,0.050000000000000044
1022,284146,244.91518780556243,343,26.109930046098224,0.050000000000000044
1023,284369,304.33948082598175,223,38.9901843737861,0.050000000000000044
1024,284610,288.74316041022337,241,26.551479376450615,0.050000000000000044
1025,284889,302.24268015977793,279,35.84212957402711,0.050000000000000044
1026,285146,253.97517136071104,257,44.54508503738081,0.050000000000000044
1027,285407,264.7616927122388,261,32.470455815166346,0.050000000000000044
1028,285610,261.4786334157562,203,36.490495471237914,0.050000000000000044
1029,285884,249.41195709956028,274,38.36642120147709,0.050000000000000044
1030,286161,303.1340853233697,277,34.126193023330465,0.050000000000000044
1031,286531,277.06836112678275,370,41.434700933501524,0.050000000000000044
1032,286851,275.93790427718324,320,39.90712312879041,0.050000000000000044
1033,287222,225.04798366106468,371,38.06999465517921,0.050000000000000044
1034,287524,262.2496415785805,302,29.864703199030547,0.050000000000000044
1035,287759,308.2947024054008,235,33.11500666433192,0.050000000000000044
1036,287978,252.8669386089091,219,28.977207822206356,0.050000000000000044
1037,288303,262.47019666427155,325,30.976504281484164,0.050000000000000044
1038,288548,260.7236989860885,245,30.513310203260303,0.050000000000000044
1039,288817,257.6127756517155,269,39.50944546130953,0.050000000000000044
1040,289073,295.89284406293586,256,40.06115521106403,0.050000000000000044
1041,289458,240.5053010592728,385,30.431890826875513,0.050000000000000044
1042,289745,242.13762000696974,287,31.03595291976314,0.050000000000000044
1043,289991,234.12153507351624,246,33.128380579798204,0.050000000000000044
1044,290332,228.7977745175442,341,33.218381099424754,0.050000000000000044
1045,290725,290.039872307266,393,39.50634632743042,0.050000000000000044
1046,290991,275.0420763592312,266,31.739760199435672,0.050000000000000044
1047,291198,269.21015472625305,207,31.421716896088228,0.050000000000000044
1048,291561,226.45054009978523,363,34.90531626614657,0.050000000000000044
1049,291841,293.0760889756789,280,30.651946148489202,0.050000000000000044
1050,292213,253.23731103983351,372,31.855977640917864,0.050000000000000044
1051,292419,275.8729190923441,206,26.45929826217369,0.050000000000000044
1052,292666,273.2958970766471,247,32.60343330193628,0.050000000000000044
1053,292953,277.74019457795725,287,31.93624388174728,0.050000000000000044
1054,293202,246.75634750556867,249,26.68173500117528,0.050000000000000044
1055,293520,291.6001920124652,318,43.1710379364543,0.050000000000000044
1056,293817,243.5095083904828,297,29.456786353981453,0.050000000000000044
1057,294708,132.69959394103225,891,33.1426624519924,0.050000000000000044
1058,294944,256.10918150222585,236,30.08052649803586,0.050000000000000044
1059,295321,273.62565119737883,377,33.17100545803495,0.050000000000000044
1060,295641,311.8172797625223,320,30.857458277512343,0.050000000000000044
1061,295959,297.5063518136593,318,34.485947085345316,0.050000000000000044
1062,296631,230.44987903149467,672,34.96921027287664,0.050000000000000044
1063,296899,247.09131623251255,268,28.766110454143874,0.050000000000000044
1064,297283,246.5760717710363,384,27.261639399531607,0.050000000000000044
1065,297580,290.36226220243987,297,34.96969457888844,0.050000000000000044
1066,298235,247.71287054181212,655,40.709651279130966,0.050000000000000044
1067,298574,250.9301281465012,339,34.564677068002105,0.050000000000000044
1068,298819,256.5947520744273,245,37.56917161248168,0.050000000000000044
1069,299138,274.9349587897696,319,43.63793315446489,0.050000000000000044
1070,299470,238.20142205334065,332,33.43472335370908,0.050000000000000044
1071,299724,284.18903086631764,254,37.48459068867635,0.050000000000000044
1072,300353,207.1360098333451,629,35.59052523828463,0.050000000000000044
1073,300671,209.3008145564593,318,39.07921547840976,0.050000000000000044
1074,301028,219.67639679094557,357,30.010115561615518,0.050000000000000044
1075,301429,257.6904166269618,401,33.917754239795215,0.050000000000000044
1076,301761,246.35403040708974,332,37.90794524747923,0.050000000000000044
1077,302761,-40.46607579945674,1000,40.02897256392241,0.050000000000000044
1078,303067,222.6028252086209,306,28.110496062274073,0.050000000000000044
1079,303817,191.7130051049869,750,36.65491990081469,0.050000000000000044
1080,304254,204.01608145616703,437,36.97206566794786,0.050000000000000044
1081,304724,264.55921937474125,470,36.01230434420261,0.050000000000000044
1082,305225,247.29174376360726,501,33.167685229680735,0.050000000000000044
1083,305678,267.00112376918617,453,33.366997276907725,0.050000000000000044
1084,305957,250.35483137045543,279,33.05587325771222,0.050000000000000044
1085,306368,250.55404835497637,411,34.142655157694854,0.050000000000000044
1086,306919,210.3174952229652,551,32.70797734040963,0.050000000000000044
1087,307276,248.07371239133118,357,38.247672816368045,0.050000000000000044
1088,307588,284.9808472475309,312,29.754728032228275,0.050000000000000044
1089,307917,222.12401328205652,329,24.22869009975242,0.050000000000000044
1090,308193,267.0829641918287,276,37.40301439176867,0.050000000000000044
1091,308624,228.62397057279162,431,30.40386804115468,0.050000000000000044
1092,308935,257.92984701841465,311,43.656571862973585,0.050000000000000044
1093,309220,245.8101020488242,285,38.40716811083911,0.050000000000000044
1094,309499,253.88231471697767,279,33.18217535706831,0.050000000000000044
1095,309805,293.83729662093685,306,31.30165467435628,0.050000000000000044
1096,310147,227.69427258995117,342,35.916659392111484,0.050000000000000044
1097,310492,226.5092860981856,345,34.3432779064213,0.050000000000000044
1098,310794,289.094480069583,302,33.487040696159895,0.050000000000000044
1099,311098,274.3311461149157,304,30.942049969379838,0.050000000000000044
1100,311451,272.52558658289627,353,28.21169666468928,0.050000000000000044
1101,311746,263.4413224475856,295,34.951740212561724,0.050000000000000044
1102,312148,248.6164631728129,402,28.851391991720863,0.050000000000000044
1103,312396,239.76378585830136,248,29.1491788499538,0.050000000000000044
1104,312676,261.57392456080004,280,30.04978225284389,0.050000000000000044
1105,312913,253.88918925769366,237,25.133230198284746,0.050000000000000044
1106,313281,260.6524826212359,368,31.872112986672185,0.050000000000000044
1107,313488,241.7429341570213,207,29.622630649718687,0.050000000000000044
1108,313716,270.19616749405486,228,37.67549486602085,0.050000000000000044
1109,313968,284.17976528337766,252,33.580384898753394,0.050000000000000044
1110,314262,282.5820770586455,294,39.317615308425054,0.050000000000000044
1111,314633,254.10162793516832,371,32.95162711599767,0.050000000000000044
1112,314875,267.07883644277945,242,31.505755947887405,0.050000000000000044
1113,315275,230.18423752559232,400,37.75825237616897,0.050000000000000044
1114,315669,247.24095463100713,394,33.057601827352784,0.050000000000000044
1115,315934,261.88832979270654,265,35.196068064896565,0.050000000000000044
1116,316255,269.0938958744017,321,43.09386180828665,0.050000000000000044
1117,316598,256.57519531292473,343,39.299589562085906,0.050000000000000044
1118,316846,271.25880083563624,248,32.35269834810207,0.050000000000000044
1119,317261,-13.216672351708041,415,39.017162634593895,0.050000000000000044
1120,317485,292.7104325836253,224,30.91701861018581,0.050000000000000044
1121,317782,270.35141325702324,297,29.702858862150396,0.050000000000000044
1122,318000,238.30513710087388,218,35.64061020068619,0.050000000000000044
1123,318262,286.3816559446743,262,36.75022426907343,0.050000000000000044
1124,318567,288.39428489052324,305,35.408467237578066,0.050000000000000044
1125,318831,302.72531304549676,264,41.15142140650388,0.050000000000000044
1126,319117,288.7348214590636,286,29.90279347684,0.050000000000000044
1127,319390,298.3047742296151,273,33.740420849113676,0.050000000000000044
1128,319574,267.9251344003842,184,38.847182198225156,0.050000000000000044
1129,319898,260.2839376182649,324,36.7789103553435,0.050000000000000044
1130,320182,274.65310031024734,284,32.85591299139278,0.050000000000000044
1131,320432,284.60345639372576,250,34.89606943464279,0.050000000000000044
1132,320687,283.28885191102756,255,30.031318162703048,0.050000000000000044
1133,320973,272.12374329411466,286,34.27991805413178,0.050000000000000044
1134,321201,278.27319370327626,228,36.17288052689349,0.050000000000000044
1135,321541,279.51583432265693,340,36.44691545936991,0.050000000000000044
1136,321823,299.74393397300486,282,39.06385924799223,0.050000000000000044
1137,322012,255.70477922995656,189,33.308424995059056,0.050000000000000044
1138,322246,252.59219181310954,234,42.68916196114996,0.050000000000000044
1139,322441,277.2101133943539,195,37.12578812287404,0.050000000000000044
1140,322706,294.43390488713834,265,28.997058688582115,0.050000000000000044
1141,322981,278.57078925327073,275,29.54296239311045,0.050000000000000044
1142,323346,244.16712104013695,365,46.67506557025322,0.050000000000000044
1143,323575,300.47040656724795,229,41.63912116739427,0.050000000000000044
1144,323874,283.264298768504,299,39.7726766106277,0.050000000000000044
1145,324190,267.08551017366074,316,37.33334247513285,0.050000000000000044
1146,324410,251.93452264737795,220,38.584934787045825,0.050000000000000044
1147,324681,293.82971003340583,271,29.805144859196076,0.050000000000000044
1148,324969,284.51307646986265,288,35.6518510930861,0.050000000000000044
1149,325240,275.19965296727224,271,32.80717847532012,0.050000000000000044
1150,325457,274.75149819434364,217,48.89879567639619,0.050000000000000044
1151,325659,267.01181963796216,202,44.36279478772442,0.050000000000000044
1152,326208,276.722895629644,549,32.31339624866111,0.050000000000000044
1153,326696,257.90082795302504,488,41.824124925266034,0.050000000000000044
1154,326982,276.9849595748624,286,34.07627317184335,0.050000000000000044
1155,327182,304.9715320149621,200,34.12658553272486,0.050000000000000044
1156,327391,287.85843898977964,209,35.00421614153534,0.050000000000000044
1157,327731,251.772480482306,340,35.50836096721537,0.050000000000000044
1158,327977,245.33583356312812,246,28.782929747691,0.050000000000000044
1159,328326,246.52242073732936,349,35.44144751690862,0.050000000000000044
1160,328665,253.75010584885473,339,44.96413565657835,0.050000000000000044
1161,329047,241.1518708509001,382,28.96912262233764,0.050000000000000044
1162,329305,269.5845226044645,258,33.38728293210499,0.050000000000000044
1163,329548,298.4427427316082,243,42.85824900387246,0.050000000000000044
1164,330548,135.6341343374504,1000,34.93059362792969,0.050000000000000044
1165,330820,266.6502642369268,272,34.06747793581556,0.050000000000000044
1166,331030,269.0952149550444,210,34.52107282280922,0.050000000000000044
1167,331229,250.12901619811393,199,29.027647039099556,0.050000000000000044
1168,331512,262.9752119186048,283,44.99725269565734,0.050000000000000044
1169,331720,265.3659038600657,208,33.013977703996574,0.050000000000000044
1170,331955,281.34329612586873,235,28.508454156936484,0.050000000000000044
1171,332368,263.96053383231737,413,30.076133933324215,0.050000000000000044
1172,332780,242.47807975600747,412,43.41549116987916,0.050000000000000044
1173,332899,-13.541977843390711,119,39.22465142757953,0.050000000000000044
1174,333186,266.36483878092747,287,32.89878568364768,0.050000000000000044
1175,334025,234.74350223163594,839,32.170046757316136,0.050000000000000044
1176,334293,272.4819355564962,268,29.0827425779469,0.050000000000000044
1177,334723,239.04267041346114,430,37.698888902470124,0.050000000000000044
1178,334989,277.5130938285754,266,32.94882312002487,0.050000000000000044
1179,335202,271.61397118532375,213,32.59786455969855,0.050000000000000044
1180,335443,284.2064030038917,241,59.33932848317989,0.050000000000000044
1181,335762,280.1624868206844,319,24.267653167060924,0.050000000000000044
1182,335975,287.71514949782073,213,28.573478353415297,0.050000000000000044
1183,336151,270.4236309759052,176,29.261792983182453,0.050000000000000044
1184,336433,285.80195643660477,282,38.00386205104226,0.050000000000000044
1185,336649,269.1852745035284,216,44.65558423888352,0.050000000000000044
1186,336863,295.24868434103064,214,29.096820083594768,0.050000000000000044
1187,337201,291.9505503467491,338,48.75800651708651,0.050000000000000044
1188,337388,247.86483683637837,187,39.7739891926235,0.050000000000000044
1189,337641,305.6289422595203,253,41.481476134344526,0.050000000000000044
1190,337833,295.0930587798091,192,51.68715290740753,0.050000000000000044
1191,338033,274.73408154330184,200,29.250692887604238,0.050000000000000044
1192,338287,295.011125923142,254,34.742438555467785,0.050000000000000044
1193,338564,263.4551391651288,277,38.73060292801702,0.050000000000000044
1194,338732,81.90109305466751,168,35.511860848537516,0.050000000000000044
1195,339109,288.3073228456793,377,38.231249218515124,0.050000000000000044
1196,339373,299.3350451381702,264,30.954619537813194,0.050000000000000044
1197,339806,244.5642391570102,433,33.03865212202072,0.050000000000000044
1198,339989,257.6570743149969,183,33.208457535326154,0.050000000000000044
1199,340166,267.79042540462194,177,29.805511455246283,0.050000000000000044
1200,340342,279.71191147910906,176,56.46143559654328,0.050000000000000044
1201,340619,262.83319279429804,277,57.59045708373135,0.050000000000000044
1202,340833,264.51653186570195,214,28.04179258742065,0.050000000000000044
1203,341062,249.01202132279195,229,30.3041814589084,0.050000000000000044
1204,341396,287.91618814583757,334,39.207605012162716,0.050000000000000044
1205,341695,278.676879676015,299,26.52448980824206,0.050000000000000044
1206,341897,292.9495330862049,202,27.785022922081524,0.050000000000000044
1207,342137,272.7197056347249,240,20.739803079639874,0.050000000000000044
1208,342362,306.15514940964914,225,47.36061269428995,0.050000000000000044
1209,342604,287.38420747037196,242,19.55430728788218,0.050000000000000044
1210,342849,238.42415308734826,245,28.824107015254548,0.050000000000000044
1211,343014,271.66060027737717,165,59.20996064715313,0.050000000000000044
1212,343269,273.2393182370437,255,48.00256981499055,0.050000000000000044
1213,343517,260.00476344788353,248,29.188146545040993,0.050000000000000044
1214,343884,246.70948428407897,367,44.08766151522096,0.050000000000000044
1215,344084,239.21252812221252,200,51.56789104059339,0.050000000000000044
1216,344326,241.93715997425082,242,27.029139946930666,0.050000000000000044
1217,344515,299.8805070547782,189,39.941781586597834,0.050000000000000044
1218,344738,287.01867620408325,223,30.31603783756628,0.050000000000000044
1219,344954,299.48739166167525,216,42.22138251060689,0.050000000000000044
1220,345203,263.9958270452432,249,27.55929260147384,0.050000000000000044
1221,345445,308.6602870381321,242,28.245737650177695,0.050000000000000044
1222,345618,265.35063348384415,173,16.9093894467533,0.050000000000000044
1223,345894,270.2361192243126,276,25.444771362225648,0.050000000000000044
1224,346152,283.64932912247866,258,61.852187095224394,0.050000000000000044
1225,346292,64.78635842514993,140,26.13427691864116,0.050000000000000044
1226,346537,282.2985108948041,245,29.22706507225426,0.050000000000000044
1227,346699,268.7492645565892,162,32.29125900879318,0.050000000000000044
1228,346911,266.31775963426514,212,66.22256546636235,0.050000000000000044
1229,347209,285.8268546173749,298,28.228755574998438,0.050000000000000044
1230,347388,286.84366344376446,179,35.08026296599617,0.050000000000000044
1231,347571,265.33106767954126,183,71.08927347409269,0.050000000000000044
1232,347795,290.6453833782832,224,26.74975041512932,0.050000000000000044
1233,348002,268.3689242545544,207,22.165094193988953,0.050000000000000044
1234,348254,263.64558346274646,252,23.390594911835496,0.050000000000000044
1235,348562,292.5348218174371,308,32.95041432163932,0.050000000000000044
1236,348775,269.0226573227826,213,30.8226546846645,0.050000000000000044
1237,349389,229.66240059356753,614,26.051128990608433,0.050000000000000044
1238,349531,61.88876930662431,142,25.827084074977417,0.050000000000000044
1239,349767,291.9485679353041,236,36.361853759925246,0.050000000000000044
1240,350001,273.9697026657395,234,28.623295907026684,0.050000000000000044
1241,350213,297.83466769182985,212,28.437704088974673,0.050000000000000044
1242,350637,277.53655269627416,424,38.15849721354415,0.050000000000000044
1243,350889,302.37841236349834,252,23.157912976448497,0.050000000000000044
1244,351051,247.70190219391156,162,24.143460377498908,0.050000000000000044
1245,351236,277.1666134476181,185,57.60250233717867,0.050000000000000044
1246,351527,259.2653615562025,291,46.434926989664326,0.050000000000000044
1247,351740,277.91308138321307,213,18.461640684537485,0.050000000000000044
1248,351951,291.22502016042006,211,25.256690655415657,0.050000000000000044
1249,352128,259.8267833448551,177,23.341124397549926,0.050000000000000044
1250,352551,240.84717909952752,423,17.213605541075374,0.050000000000000044
1251,352839,273.4493401037971,288,29.02996425335813,0.050000000000000044
1252,353148,291.0663627856087,309,32.12150450113522,0.050000000000000044
1253,353370,255.70357057614035,222,18.7925394262011,0.050000000000000044
1254,353593,282.62400609949987,223,25.418536733551946,0.050000000000000044
1255,353940,283.44650732394905,347,25.45903305009394,0.050000000000000044
1256,354165,261.6453782557837,225,27.115052384667926,0.050000000000000044
1257,354353,289.336092333443,188,18.62790698217268,0.050000000000000044
1258,354548,291.10353293037053,195,27.709105076392493,0.050000000000000044
1259,354740,311.2747193188178,192,23.993988228340942,0.050000000000000044
1260,354958,313.9197725452283,218,77.43506427368986,0.050000000000000044
1261,355129,258.88602239912086,171,22.837933271251924,0.050000000000000044
1262,355343,280.5064216782896,214,22.34087335018911,0.050000000000000044
1263,355602,277.4348969402869,259,19.987964754169052,0.050000000000000044
1264,355838,285.88017057209265,236,20.748789060797733,0.050000000000000044
1265,356052,293.3243256477758,214,19.645486089949294,0.050000000000000044
1266,356393,275.42566437306897,341,26.40865987347018,0.050000000000000044
1267,356661,299.32213342149,268,18.17733283958106,0.050000000000000044
1268,356926,278.5587051061631,265,21.983890037604098,0.050000000000000044
1269,357105,251.0922895532819,179,22.525687722520455,0.050000000000000044
1270,357295,289.19921054900703,190,25.662604712185107,0.050000000000000044
1271,357510,243.4819047691203,215,19.407041744229407,0.050000000000000044
1272,357696,277.12983104817954,186,14.882695247569393,0.050000000000000044
1273,357967,290.0713163671155,271,40.359860060179805,0.050000000000000044
1274,358151,303.5353875924626,184,31.125161414723035,0.050000000000000044
1275,358309,70.768823765798,158,23.18933537470389,0.050000000000000044
1276,358566,283.172776472773,257,25.022867662665444,0.050000000000000044
1277,358800,298.7025999774279,234,21.34809122610296,0.050000000000000044
1278,358978,275.3070209073809,178,14.552898930699637,0.050000000000000044
1279,359334,295.0617573683875,356,41.77815603113241,0.050000000000000044
1280,359497,268.93782614435526,163,19.160658520240727,0.050000000000000044
1281,359776,293.25870404991576,279,22.014690025252253,0.050000000000000044
1282,360019,284.49092850585663,243,19.600467313832215,0.050000000000000044
1283,360428,303.3373038558808,409,25.364551061522988,0.050000000000000044
1284,360670,323.615756293187,242,19.115942932603772,0.050000000000000044
1285,360852,234.73563524880655,182,34.302488689402956,0.050000000000000044
1286,361012,274.17903419883015,160,18.467269000597298,0.050000000000000044
1287,361257,291.8204300359878,245,29.804595096135625,0.050000000000000044
1288,361415,242.29046973820573,158,28.40531061174749,0.050000000000000044
1289,361602,253.62125903706968,187,22.373750567914332,0.050000000000000044
1290,361786,277.2446094640876,184,32.769670799860485,0.050000000000000044
1291,361933,261.15291658683736,147,19.686949347557665,0.050000000000000044
1292,362181,247.8152679512566,248,17.473631988970503,0.050000000000000044
1293,362344,302.0065415607966,163,26.112822114507114,0.050000000000000044
1294,362541,268.86898249286986,197,21.982669400382164,0.050000000000000044
1295,362718,248.72647642819453,177,23.733799027689432,0.050000000000000044
1296,362908,243.35481053707943,190,22.834077807162938,0.050000000000000044
1297,363090,268.8387842637431,182,26.726921020300832,0.050000000000000044
1298,363290,236.0473864247041,200,26.420271153897048,0.050000000000000044
1299,363484,238.0667353821527,194,15.814808274820908,0.050000000000000044
1300,363696,275.76085844714123,212,17.162909911488587,0.050000000000000044
1301,363920,319.0119052649854,224,29.839336413757078,0.050000000000000044
1302,364185,290.47987059640843,265,18.015854449598294,0.050000000000000044
1303,364345,302.4722488104635,160,17.396047945320607,0.050000000000000044
1304,364686,310.76227592769686,341,23.377282781684855,0.050000000000000044
1305,364977,282.8048138153779,291,19.684700506659308,0.050000000000000044
1306,365122,16.518329320292523,145,15.561068400637858,0.050000000000000044
1307,365401,262.3903327728333,279,18.443290494836358,0.050000000000000044
1308,365531,29.68899134761122,130,13.675896483888993,0.050000000000000044
1309,365737,260.6699188785159,206,18.71126828075034,0.050000000000000044
1310,366061,255.8549226640561,324,23.88421221334993,0.050000000000000044
1311,366293,262.4194867690742,232,53.91001386921211,0.050000000000000044
1312,366560,267.3758454733231,267,29.77114381783464,0.050000000000000044
1313,366796,249.55127314510702,236,23.793818189304766,0.050000000000000044
1314,367342,277.3120688421768,546,37.98475241819362,0.050000000000000044
1315,367531,243.05711702232662,189,14.549618446953081,0.050000000000000044
1316,367679,46.35977254907186,148,21.159341957722162,0.050000000000000044
1317,367780,-14.449574843799581,101,17.953148340087125,0.050000000000000044
1318,367986,249.00219523517552,206,61.318364152196544,0.050000000000000044
1319,368184,290.738202380187,198,20.56732601378903,0.050000000000000044
1320,368413,254.30054657610432,229,22.341706421893235,0.050000000000000044
1321,368601,223.31227445964174,188,20.2652878385592,0.050000000000000044
1322,368829,291.6493568150755,228,56.05830773404031,0.050000000000000044
1323,369067,312.250298887335,238,20.212971630842745,0.050000000000000044
1324,369281,308.88553511881486,214,22.28498890195216,0.050000000000000044
1325,369586,274.7034652786426,305,18.47035805793082,0.050000000000000044
1326,369783,281.3467833081777,197,20.738857993014573,0.050000000000000044
1327,369983,271.4305154001729,200,22.5045708912611,0.050000000000000044
1328,370180,289.43259045963754,197,13.729075974165486,0.050000000000000044
1329,370398,280.0806789667017,218,26.163178619578343,0.050000000000000044
1330,370595,282.5655109282619,197,15.068847972956405,0.050000000000000044
1331,370797,305.78700009077744,202,19.101666743655016,0.050000000000000044
1332,370999,268.1603485201672,202,52.41076285510075,0.050000000000000044
1333,371247,296.20834058302455,248,21.280622341700138,0.050000000000000044
1334,371420,263.3605667771885,173,24.256652219447098,0.050000000000000044
1335,371615,298.4450129159947,195,14.654292100362289,0.050000000000000044
1336,371781,253.57701225918265,166,19.53268646619406,0.050000000000000044
1337,371988,270.190613163762,207,22.14535925872084,0.050000000000000044
1338,372282,275.431602037647,294,43.42210184331654,0.050000000000000044
1339,372482,288.2630299747634,200,11.982966806069017,0.050000000000000044
1340,372605,64.14571580513132,123,29.048748784433535,0.050000000000000044
1341,372825,296.08942360851614,220,24.74089936573397,0.050000000000000044
1342,373068,252.911125529632,243,22.376056481903962,0.050000000000000044
1343,373197,24.300310914597503,129,24.963336047276044,0.050000000000000044
1344,373368,283.65470172562857,171,22.291183476211035,0.050000000000000044
1345,373502,41.40632751383848,134,26.162609462862584,0.050000000000000044
1346,373745,269.1682261224772,243,24.011739821345717,0.050000000000000044
1347,373951,252.12051511967496,206,23.750269844766382,0.050000000000000044
1348,374174,304.69415244049816,223,33.86344296328156,0.050000000000000044
1349,374354,263.6718480051097,180,80.73517202205129,0.050000000000000044
1350,374566,240.35181366483235,212,17.499024522965247,0.050000000000000044
1351,374787,266.5700651635435,221,25.060564395933667,0.050000000000000044
1352,375266,282.4886654773027,479,23.917684430120385,0.050000000000000044
1353,375453,288.0382753382805,187,17.180708243885142,0.050000000000000044
1354,375633,275.07220783193395,180,23.033294613493812,0.050000000000000044
1355,375933,268.1151598865567,300,26.453523221512636,0.050000000000000044
1356,376131,289.817963620844,198,25.030482500641032,0.050000000000000044
1357,376333,269.33686097910277,202,34.47632706666937,0.050000000000000044
1358,376515,311.57737862443776,182,20.56450546688431,0.050000000000000044
1359,376688,265.7622484898614,173,18.79055568463885,0.050000000000000044
1360,376877,275.5440520227719,189,29.266208782555566,0.050000000000000044
1361,377048,259.00531722653574,171,17.774387286943302,0.050000000000000044
1362,377369,286.4117690474711,321,59.82105631629626,0.050000000000000044
1363,377575,273.1168217303453,206,22.288238207113395,0.050000000000000044
1364,377867,252.58159929414686,292,22.346721500464497,0.050000000000000044
1365,378052,280.4868699217834,185,37.89638954376852,0.050000000000000044
1366,378270,284.92574643092814,218,19.58442726950033,0.050000000000000044
1367,378512,254.8751729371472,242,54.18181359219896,0.050000000000000044
1368,378705,283.0316836592245,193,26.541914748249894,0.050000000000000044
1369,378974,296.1634049441765,269,19.228974272548932,0.050000000000000044
1370,379277,254.25746783078122,303,28.99421691820763,0.050000000000000044
1371,379418,56.35959833932941,141,14.265902398220192,0.050000000000000044
1372,379607,260.040304508228,189,23.381098541002427,0.050000000000000044
1373,379822,299.9110856221534,215,18.785672257251516,0.050000000000000044
1374,380016,320.472339818926,194,18.023542931245775,0.050000000000000044
1375,380263,257.2681105339931,247,18.909500860552555,0.050000000000000044
1376,380481,278.12855928401393,218,106.89210553248542,0.050000000000000044
1377,380622,24.065805317523356,141,85.7955547413716,0.050000000000000044
1378,380887,289.47016655193227,265,54.061436359331296,0.050000000000000044
1379,381127,294.5974167062433,240,22.51405818182975,0.050000000000000044
1380,381245,27.2092016017518,118,20.983061757128116,0.050000000000000044
1381,381578,273.39892778471096,333,17.46876159793622,0.050000000000000044
1382,381723,50.601833055634785,145,24.54442655238612,0.050000000000000044
1383,382000,253.16417909888781,277,26.961690223066384,0.050000000000000044
1384,382294,275.97872812623547,294,21.588227385059508,0.050000000000000044
1385,382461,245.3130228735036,167,16.20910512009067,0.050000000000000044
1386,382702,281.29848307979523,241,24.625954713564195,0.050000000000000044
1387,382968,282.3387616166973,266,14.733366525823012,0.050000000000000044
1388,383111,-5.006072407423829,143,19.34913929317381,0.050000000000000044
1389,383314,267.1929260220669,203,27.388522305145052,0.050000000000000044
1390,383507,260.70131062825715,193,17.594263531537873,0.050000000000000044
1391,383737,306.8121924306946,230,25.41705113105152,0.050000000000000044
1392,383972,311.61258580271743,235,19.49342543032575,0.050000000000000044
1393,384155,260.9493729190838,183,22.368414043403064,0.050000000000000044
1394,384386,276.71844021971594,231,17.24554661593654,0.050000000000000044
1395,384608,253.11229315816328,222,18.937022193595094,0.050000000000000044
1396,384856,287.41677663812516,248,25.893185450244815,0.050000000000000044
1397,385108,293.11575224491213,252,13.67714712325306,0.050000000000000044
1398,385347,287.89196142124257,239,19.37503954369154,0.050000000000000044
1399,385641,258.30402668544673,294,22.17529573732493,0.050000000000000044
1400,385811,285.3385515899634,170,22.935280254833838,0.050000000000000044
1401,386064,260.1153656621898,253,24.963380368566323,0.050000000000000044
1402,386276,300.92893304974115,212,23.79787145189519,0.050000000000000044
1403,386512,280.9023249787144,236,16.288050988657496,0.050000000000000044
1404,386859,287.0916627003096,347,21.383103190134857,0.050000000000000044
1405,387071,262.5676581648828,212,22.4864691663182,0.050000000000000044
1406,387344,293.41846287517444,273,17.609121875339376,0.050000000000000044
1407,387549,239.96902514688426,205,25.19583036419822,0.050000000000000044
1408,387760,288.761584776019,211,19.10280740868424,0.050000000000000044
1409,387940,280.7353026862814,180,23.38055462969674,0.050000000000000044
1410,388146,304.7129070282645,206,21.81871072152286,0.050000000000000044
1411,388321,282.3161791632683,175,22.42279091511454,0.050000000000000044
1412,388454,15.198714849223592,133,15.223564906676012,0.050000000000000044
1413,388552,52.35276288118976,98,21.434595471742202,0.050000000000000044
1414,388646,46.079774836309326,94,22.81046515481269,0.050000000000000044
1415,388848,318.43814554640517,202,17.42091305908,0.050000000000000044
1416,388958,23.394304830742158,110,17.897562696717003,0.050000000000000044
1417,389049,50.1361643031872,91,8.721291068327297,0.050000000000000044
1418,389318,262.60112114160563,269,28.601289217578433,0.050000000000000044
1419,389582,294.266117817664,264,24.90351984390255,0.050000000000000044
1420,389813,253.5525321402864,231,26.30737177150332,0.050000000000000044
1421,389942,16.071321391518822,129,26.26847719938256,0.050000000000000044
1422,390170,258.56497359205594,228,25.43817922956588,0.050000000000000044
1423,390372,298.11628190883187,202,33.48758592854927,0.050000000000000044
1424,390576,245.6003156547824,204,22.30487944412173,0.050000000000000044
1425,390788,293.3649889924608,212,24.900262780206383,0.050000000000000044
1426,390950,270.2734716619989,162,18.379239422763572,0.050000000000000044
1427,391950,133.66398489741528,1000,20.122000856012107,0.050000000000000044
1428,392232,285.5221507462721,282,23.07675732270623,0.050000000000000044
1429,392341,22.176361999276693,109,27.243819980993184,0.050000000000000044
1430,392584,289.8794772887778,243,19.221580259839204,0.050000000000000044
1431,392749,260.90201325822,165,16.476203433221038,0.050000000000000044
1432,392955,256.15320806072253,206,21.952449081881532,0.050000000000000044
1433,393311,296.08823992696,356,22.784972298681065,0.050000000000000044
1434,393879,229.7307498543293,568,27.370636003223105,0.050000000000000044
1435,394254,232.4051502488063,375,29.39977281363805,0.050000000000000044
1436,394560,292.5313121898032,306,21.756241826839695,0.050000000000000044
1437,394801,309.8703415344797,241,22.336579645694044,0.050000000000000044
1438,395006,271.33102132779135,205,24.0147481605774,0.050000000000000044
1439,395219,294.2761814529496,213,32.87305489469302,0.050000000000000044
1440,395494,288.2095165643881,275,25.786889709776098,0.050000000000000044
1441,395740,271.0632868036999,246,21.546068448421916,0.050000000000000044
1442,395914,316.2975568914766,174,21.899818076484504,0.050000000000000044
1443,396102,238.86569575760439,188,21.114594067506335,0.050000000000000044
1444,396354,290.1191322367163,252,25.5305017036578,0.050000000000000044
1445,396549,242.75496436955615,195,20.84258433129543,0.050000000000000044
1446,396790,302.4977660788152,241,27.113365331193222,0.050000000000000044
1447,396905,52.32466959244073,115,28.775484109443166,0.050000000000000044
1448,397151,284.8433851753321,246,24.946367800478043,0.050000000000000044
1449,397459,262.14737471410757,308,20.12252139798426,0.050000000000000044
1450,397640,273.69790234891263,181,26.501609275354205,0.050000000000000044
1451,397797,283.3241825929539,157,24.474348591391447,0.050000000000000044
1452,397984,290.02935942815714,187,23.165452311303525,0.050000000000000044
1453,398135,67.45879933723688,151,38.00872250730234,0.050000000000000044
1454,398262,57.00840462743608,127,27.626871265529648,0.050000000000000044
1455,398485,251.67798655348187,223,20.245415266920634,0.050000000000000044
1456,398783,288.70043821252074,298,32.86110036690163,0.050000000000000044
1457,398982,298.47041860580373,199,23.500602904351513,0.050000000000000044
1458,399216,282.811707855618,234,19.096927728281063,0.050000000000000044
1459,399450,282.0954976438228,234,23.255457839076843,0.050000000000000044
1460,399673,259.4793118632648,223,23.95511703848037,0.050000000000000044
1461,399938,259.89577655279743,265,28.74351492242993,0.050000000000000044
1462,400108,268.7925574525704,170,23.356649041000534,0.050000000000000044
1463,400284,277.7025039640432,176,29.621198275973175,0.050000000000000044
1464,400509,283.16489786760644,225,22.408729399310218,0.050000000000000044
1465,400767,298.6174949572624,258,22.03175608761782,0.050000000000000044
1466,401211,269.5854999658876,444,26.01461646964287,0.050000000000000044
1467,401491,288.09493932954274,280,24.51349350985672,0.050000000000000044
1468,401686,259.3510491919387,195,25.175117826385375,0.050000000000000044
1469,401895,234.66692411592533,209,22.918455617564717,0.050000000000000044
1470,402203,281.52939412004673,308,24.58463867236074,0.050000000000000044
1471,402368,277.461348528822,165,19.736917040926038,0.050000000000000044
1472,402695,281.0631626074706,327,24.526237615068023,0.050000000000000044
1473,402936,289.7612879495038,241,20.16702758616679,0.050000000000000044
1474,403141,275.3175560701271,205,14.95971722203057,0.050000000000000044
1475,403352,307.7003668969406,211,26.431571299995856,0.050000000000000044
1476,403593,278.04250887840374,241,26.134433828696174,0.050000000000000044
1477,403882,299.1576197469564,289,21.005241633750575,0.050000000000000044
1478,404061,307.1315627648454,179,26.82930831677754,0.050000000000000044
1479,404276,305.65993951095146,215,18.13987212229607,0.050000000000000044
1480,404497,286.80760204352396,221,25.975306058833503,0.050000000000000044
1481,404721,271.23511597725854,224,29.147824180046364,0.050000000000000044
1482,404912,262.27414077163917,191,31.16349933862062,0.050000000000000044
1483,405145,307.22928023192577,233,25.314413812283284,0.050000000000000044
1484,405350,269.46924757572896,205,25.34039502914359,0.050000000000000044
1485,405531,244.10846859741366,181,27.152228193882422,0.050000000000000044
1486,405776,298.94106064186815,245,34.736119040907646,0.050000000000000044
1487,406106,283.9945860047803,330,23.929300032014197,0.050000000000000044
1488,406344,279.23492536497747,238,24.71412736484233,0.050000000000000044
1489,406611,244.43644853142627,267,31.55467923610621,0.050000000000000044
1490,406797,279.7312959226358,186,21.752861634057055,0.050000000000000044
1491,406985,262.5963130342737,188,28.23267617583909,0.050000000000000044
1492,407230,268.975415412405,245,27.621282100130102,0.050000000000000044
1493,407495,266.58864506048087,265,24.560152992887318,0.050000000000000044
1494,407761,275.51426875375023,266,24.32156982771436,0.050000000000000044
1495,407967,304.9254511981967,206,36.35838349633715,0.050000000000000044
1496,408287,292.6638365807496,320,27.535332812508567,0.050000000000000044
1497,408507,265.5248510650339,220,27.04128755005923,0.050000000000000044
1498,408715,271.5031665086252,208,30.145189492748333,0.050000000000000044
1499,408926,270.28777185967704,211,39.912813363199554,0.050000000000000044
1500,409141,261.2295355632815,215,20.041460784299428,0.050000000000000044
1501,409374,292.93210252435233,233,20.42376638277406,0.050000000000000044
1502,409589,279.4040113790519,215,31.845811513274214,0.050000000000000044
1503,409816,285.7238484485374,227,23.576291000987464,0.050000000000000044
1504,410365,242.66753351425822,549,26.068545341247418,0.050000000000000044
1505,410614,241.86073496348837,249,24.031858710639447,0.050000000000000044
1506,410809,281.5898485951527,195,17.124583164850872,0.050000000000000044
1507,411019,284.31965626551005,210,25.30905806110019,0.050000000000000044
1508,411211,268.1996705904513,192,21.707654655445367,0.050000000000000044
1509,411406,276.7519895960079,195,20.827432901431354,0.050000000000000044
1510,411651,293.17112367941155,245,28.075627764937828,0.050000000000000044
1511,411856,232.78254551120608,205,29.384117167315832,0.050000000000000044
1512,412158,295.0493955560402,302,24.969331104283697,0.050000000000000044
1513,412438,272.5408674063825,280,26.20157161206007,0.050000000000000044
1514,412723,260.06007055672177,285,22.184317665769342,0.050000000000000044
1515,412947,269.64098472411325,224,34.991844748479444,0.050000000000000044
1516,413219,294.58646251344817,272,23.13711419104434,0.050000000000000044
1517,413403,235.0484576888722,184,32.19937458391423,0.050000000000000044
1518,413542,76.60011725885715,139,22.127128671935136,0.050000000000000044
1519,413746,247.85616813452125,204,22.702357384504058,0.050000000000000044
1520,414006,260.46320173282186,260,21.367147864745213,0.050000000000000044
1521,414187,292.873944132343,181,22.346315586599857,0.050000000000000044
1522,414412,311.0123429732349,225,24.734693882200453,0.050000000000000044
1523,414627,302.59366451628443,215,23.116933329645978,0.050000000000000044
1524,414910,244.71234634591627,283,28.46611955793502,0.050000000000000044
1525,415092,289.1156136750201,182,25.087166245248948,0.050000000000000044
1526,415270,249.30216647403086,178,22.837731483779596,0.050000000000000044
1527,415459,304.331345608466,189,23.782326985525074,0.050000000000000044
1528,415700,296.54845984339636,241,23.986621145947346,0.050000000000000044
1529,415989,294.6935553495043,289,28.32393322622075,0.050000000000000044
1530,416194,239.07011273873442,205,19.95095279798275,0.050000000000000044
1531,416377,266.126474026276,183,26.8578937530029,0.050000000000000044
1532,416604,275.31637744201123,227,22.739304501776655,0.050000000000000044
1533,417283,290.0318958316209,679,22.12221535741844,0.050000000000000044
1534,417485,302.3052513859044,202,29.177828418220034,0.050000000000000044
1535,417671,287.326529735756,186,17.800201861207846,0.050000000000000044
1536,417925,304.4109070808106,254,22.150699910333778,0.050000000000000044
1537,418116,283.25698949683374,191,32.505503949772624,0.050000000000000044
1538,418351,261.5862514146593,235,26.055046750129538,0.050000000000000044
1539,418618,298.29347266519966,267,22.48334272417906,0.050000000000000044
1540,418837,253.70933392802436,219,24.011909642584246,0.050000000000000044
1541,419114,287.7438935023571,277,24.38385902716365,0.050000000000000044
1542,419308,275.45048328135243,194,21.003631681587894,0.050000000000000044
1543,419542,275.19397889162553,234,31.52014235056873,0.050000000000000044
1544,419847,285.12155731744394,305,29.47173969154475,0.050000000000000044
1545,420001,305.28708544293113,154,25.42674785310572,0.050000000000000044
1546,420194,274.2192022070682,193,27.404440043658173,0.050000000000000044
1547,420404,279.5172798501124,210,22.317423335214457,0.050000000000000044
1548,420683,283.67408280348343,279,20.81294621329581,0.050000000000000044
1549,420860,261.6173039822065,177,22.587211082547398,0.050000000000000044
1550,420996,49.77922968991297,136,20.766576259890023,0.050000000000000044
1551,421195,255.77855428932614,199,32.61454950804686,0.050000000000000044
1552,421372,271.025936310832,177,24.277841729464505,0.050000000000000044
1553,421606,305.27977309401683,234,26.946197359480408,0.050000000000000044
1554,421877,309.10058950143707,271,29.77319063895083,0.050000000000000044
1555,422047,269.5903216174722,170,21.162525883316995,0.050000000000000044
1556,422293,277.24317876471724,246,24.294523432366248,0.050000000000000044
1557,422564,285.0200899681462,271,30.506220124414487,0.050000000000000044
1558,422766,262.9812231772502,202,30.788718717596907,0.050000000000000044
1559,423110,249.9698577460466,344,31.417558187445582,0.050000000000000044
1560,423340,258.23500346803985,230,26.110318763554098,0.050000000000000044
1561,423631,264.72763197520806,291,22.03365625195282,0.050000000000000044
1562,423873,282.02710623086205,242,33.28005942037283,0.050000000000000044
1563,424073,274.6203348379698,200,25.968396026194096,0.050000000000000044
1564,424309,275.8800772755332,236,29.854089913984478,0.050000000000000044
1565,424422,46.97851092190015,113,32.00482190552011,0.050000000000000044
1566,424661,318.9104853085637,239,24.27564480645138,0.050000000000000044
1567,424943,302.02620733537225,282,26.869520695444116,0.050000000000000044
1568,425112,282.0921962143324,169,24.674300213272755,0.050000000000000044
1569,425197,-20.687713446979217,85,20.4188158794361,0.050000000000000044
1570,425378,271.0422500830147,181,31.728683556311697,0.050000000000000044
1571,425612,301.3888019973898,234,27.794453275190968,0.050000000000000044
1572,425836,301.04409324121525,224,21.238853692010576,0.050000000000000044
1573,426056,241.7302649963442,220,24.04324242716486,0.050000000000000044
1574,426251,279.6017211521066,195,23.045636832790496,0.050000000000000044
1575,426356,-19.080138834217834,105,25.775579333447276,0.050000000000000044
1576,426585,248.34610215131573,229,26.970060284025806,0.050000000000000044
1577,426819,281.6386480980873,234,30.723383159718963,0.050000000000000044
1578,426933,14.659676158747885,114,26.877760606768884,0.050000000000000044
1579,427143,260.7537442718444,210,22.122511458325953,0.050000000000000044
1580,427234,64.02327661537603,91,33.862832177471326,0.050000000000000044
1581,427444,283.5423052312331,210,24.670409441916714,0.050000000000000044
1582,427635,267.85291077057593,191,23.251254710227407,0.050000000000000044
1583,427812,293.7376197640351,177,27.46974093807956,0.050000000000000044
1584,428812,165.7381952452148,1000,24.80063804627955,0.050000000000000044
1585,429011,314.9777982042259,199,24.421937437437887,0.050000000000000044
1586,429223,301.4281184130173,212,27.897624030709267,0.050000000000000044
1587,429322,-47.03206043022057,99,20.715259035127332,0.050000000000000044
1588,429565,295.1294365803759,243,34.217749714483446,0.050000000000000044
1589,429783,269.2361338570786,218,27.797827166838385,0.050000000000000044
1590,429976,289.4130200933004,193,37.3909242012649,0.050000000000000044
1591,430201,237.07568163982802,225,23.80966460128625,0.050000000000000044
1592,430426,263.459845965739,225,37.321284765733616,0.050000000000000044
1593,430690,293.8173829469548,264,19.303007570292912,0.050000000000000044
1594,430913,305.07837237038996,223,35.736300303863835,0.050000000000000044
1595,431014,-37.524893421594555,101,25.7319795040801,0.050000000000000044
1596,431225,277.59418164707273,211,28.575259190105715,0.050000000000000044
1597,431507,264.81752128327867,282,27.639092082408727,0.050000000000000044
1598,431756,298.8574287416017,249,26.653077044700044,0.050000000000000044
1599,431994,285.09852760754865,238,28.408557021379973,0.050000000000000044
1600,432225,297.1319002118252,231,32.728161002005336,0.050000000000000044
1601,432432,322.0950481462369,207,28.156362156433183,0.050000000000000044
1602,432591,297.44282652218175,159,23.353540766070473,0.050000000000000044
1603,432804,286.7197429515031,213,39.15459142856195,0.050000000000000044
1604,433066,249.29231515343838,262,41.85528356234991,0.050000000000000044
1605,433253,266.3741109243948,187,21.540714662820896,0.050000000000000044
1606,433372,23.820218993759,119,18.754325872459333,0.050000000000000044
1607,433542,246.47585144197205,170,40.79444887778338,0.050000000000000044
1608,433740,260.01152578425564,198,28.994288065894082,0.050000000000000044
1609,433964,244.85002738998753,224,29.449933313698107,0.050000000000000044
1610,434150,279.67034742928195,186,22.01216601764643,0.050000000000000044
1611,434366,273.6071837623907,216,30.92035678587854,0.050000000000000044
1612,434574,256.3833174313602,208,27.2118531753524,0.050000000000000044
1613,434847,315.72781205350174,273,24.33008999101845,0.050000000000000044
1614,435128,277.14823937305033,281,32.904119271877825,0.050000000000000044
1615,435209,34.996684584611614,81,31.1437059254558,0.050000000000000044
1616,435396,268.2419883628298,187,31.909995798758644,0.050000000000000044
1617,435542,266.09746346919604,146,21.248670806215234,0.050000000000000044
1618,435720,278.5587555669333,178,32.425904243598495,0.050000000000000044
1619,435931,296.65250136914347,211,33.62227565600974,0.050000000000000044
1620,436172,286.91011802681106,241,28.200490122204993,0.050000000000000044
1621,436425,294.35037824971175,253,37.4632346502877,0.050000000000000044
1622,436515,-45.32754273245891,90,30.37427587227689,0.050000000000000044
1623,436790,274.0421463611033,275,24.639095530184832,0.050000000000000044
1624,437067,303.6541401247859,277,33.37939407410174,0.050000000000000044
1625,437249,280.49631554153643,182,26.293549682740327,0.050000000000000044
1626,437347,59.15156768528047,98,26.44209997127859,0.050000000000000044
1627,437566,257.2422905906829,219,30.87469353863638,0.050000000000000044
1628,437721,71.42117301352283,155,22.462687514866552,0.050000000000000044
1629,437979,305.5686880061872,258,21.22747073749932,0.050000000000000044
1630,438241,266.39303834817065,262,36.11657445326106,0.050000000000000044
1631,438476,273.0154427732262,235,30.188568868028355,0.050000000000000044
1632,438595,30.682289689645927,119,34.19035983411204,0.050000000000000044
1633,438699,27.611814217472173,104,26.117968178425844,0.050000000000000044
1634,438930,293.24837927300786,231,28.171951813550738,0.050000000000000044
1635,439128,281.67708322656114,198,26.664010618371194,0.050000000000000044
1636,439373,289.58551412454784,245,17.63654722346335,0.050000000000000044
1637,439466,35.79548585129774,93,22.05881138626606,0.050000000000000044
1638,439759,298.3621207285876,293,26.38223962653619,0.050000000000000044
1639,440003,260.79795215653155,244,22.979478507317967,0.050000000000000044
1640,440195,254.41714367149558,192,21.13803009238715,0.050000000000000044
1641,440407,284.1415034706599,212,34.0775711679796,0.050000000000000044
1642,440722,272.28984527775276,315,28.755193458426568,0.050000000000000044
1643,440957,287.26902701908625,235,27.809433453197176,0.050000000000000044
1644,441235,303.6867839762397,278,23.51131367077716,0.050000000000000044
1645,441423,281.50891667410394,188,17.315458139523546,0.050000000000000044
1646,441675,258.88059586260147,252,24.935126596618268,0.050000000000000044
1647,441869,305.9024769510148,194,30.32837788637766,0.050000000000000044
1648,442083,242.7635864053439,214,25.551877866977843,0.050000000000000044
1649,442281,256.58192238897857,198,25.284077815034173,0.050000000000000044
1650,442392,1.5934435710204298,111,27.72033506967463,0.050000000000000044
1651,442598,254.30836617646835,206,32.751754526446746,0.050000000000000044
1652,442789,256.4045434949381,191,26.752694173243032,0.050000000000000044
1653,443037,262.345119520305,248,26.240566630637453,0.050000000000000044
1654,443241,256.4627990815035,204,28.380279778411577,0.050000000000000044
1655,443426,299.2573820508941,185,27.5192218693527,0.050000000000000044
1656,443622,287.55489621013874,196,23.843404430972072,0.050000000000000044
1657,443719,28.24218067977614,97,29.556802825522176,0.050000000000000044
1658,443820,-1.6359271439552998,101,24.110566095402927,0.050000000000000044
1659,443998,290.21362067636016,178,24.829066236283673,0.050000000000000044
1660,444208,263.687643745786,210,30.40895978467805,0.050000000000000044
1661,444405,310.8113680819638,197,18.0201625308107,0.050000000000000044
1662,445065,273.3296063316835,660,28.798381807293858,0.050000000000000044
1663,445154,59.07741907386077,89,29.568675261200145,0.050000000000000044
1664,445266,45.08414662377538,112,27.991506387346558,0.050000000000000044
1665,445474,294.3989690582757,208,27.849033679240026,0.050000000000000044
1666,445695,286.4586969451458,221,25.513060800427766,0.050000000000000044
1667,445825,16.791354519731527,130,15.70318632114392,0.050000000000000044
1668,446035,301.7699170066253,210,28.613015286269643,0.050000000000000044
1669,446255,287.6492060586605,220,27.28359970897436,0.050000000000000044
1670,446490,295.28253614860597,235,32.540207089325214,0.050000000000000044
1671,446695,282.8191226666655,205,31.904399368166924,0.050000000000000044
1672,446889,288.21917846507995,194,21.782899912408332,0.050000000000000044
1673,447095,260.67213126935343,206,23.18931605883883,0.050000000000000044
1674,447186,60.468118918273376,91,30.05785435962153,0.050000000000000044
1675,447391,299.9952205849544,205,35.33196801245212,0.050000000000000044
1676,447597,271.31312594360713,206,19.893150904224914,0.050000000000000044
1677,447786,307.276198264557,189,23.13289776515393,0.050000000000000044
1678,448002,254.88610789955996,216,25.98998871480149,0.050000000000000044
1679,448253,305.82483848364325,251,32.906068183986314,0.050000000000000044
1680,448466,298.19711029810276,213,33.66924476539585,0.050000000000000044
1681,448571,40.02526926645186,105,25.170458879499208,0.050000000000000044
1682,448765,262.8407756335397,194,22.147650909869327,0.050000000000000044
1683,449022,305.42418139331653,257,26.717334184839103,0.050000000000000044
1684,449250,302.65123220256737,228,33.40646150675521,0.050000000000000044
1685,449470,287.91770204376826,220,21.934061119095844,0.050000000000000044
1686,449553,16.77992844616095,83,30.770822092531674,0.050000000000000044
1687,449761,309.47248569611736,208,26.46056316133875,0.050000000000000044
1688,449992,307.31626261786244,231,28.940096760467018,0.050000000000000044
1689,450173,282.2215530101287,181,25.629062515513674,0.050000000000000044
1690,450441,289.69206785418635,268,29.701482815028573,0.050000000000000044
1691,450686,282.78168848959297,245,19.18198102992408,0.050000000000000044
1692,450937,283.47367818381804,251,33.4540166151951,0.050000000000000044
1693,451056,25.391277558463543,119,16.779850378507327,0.050000000000000044
1694,451319,253.92956064566488,263,23.409101110277522,0.050000000000000044
1695,451614,269.3100151530566,295,23.6640191387322,0.050000000000000044
1696,451812,260.2045467342882,198,20.50093455620185,0.050000000000000044
1697,452043,264.95165683874063,231,32.16494357211765,0.050000000000000044
1698,452274,283.69956691974306,231,34.36220081873012,0.050000000000000044
1699,452490,313.91563402999395,216,32.49621936947935,0.050000000000000044
1700,452632,79.54950261042123,142,20.062485432226055,0.050000000000000044
1701,452810,261.80068322740937,178,28.378264013719694,0.050000000000000044
1702,453019,286.6729828793202,209,20.18716870676102,0.050000000000000044
1703,453220,282.7470432717695,201,28.63744607019187,0.050000000000000044
1704,453400,272.2408115604819,180,38.83103911934627,0.050000000000000044
1705,453633,272.43532821771123,233,22.619756432561914,0.050000000000000044
1706,453834,296.2105914635937,201,31.31368764916166,0.050000000000000044
1707,454025,291.0321198627046,191,26.228248928697944,0.050000000000000044
1708,454259,259.4970295790457,234,26.607665767399673,0.050000000000000044
1709,454475,285.14444587199876,216,30.04232567700523,0.050000000000000044
1710,454799,269.7702667890834,324,28.182535860779478,0.050000000000000044
1711,454967,289.1283589422725,168,33.89594764120522,0.050000000000000044
1712,455135,272.39617710101504,168,32.37102776668256,0.050000000000000044
1713,455293,308.69925631253983,158,32.28716430963972,0.050000000000000044
1714,455461,282.97127324925873,168,24.50360932848638,0.050000000000000044
1715,455601,45.593078499870614,140,26.21473158172199,0.050000000000000044
1716,455797,250.37577880753759,196,29.40519286038316,0.050000000000000044
1717,456136,264.56030660057536,339,36.03204825265569,0.050000000000000044
1718,456369,276.7080504576082,233,31.731113954291324,0.050000000000000044
1719,456609,267.0490339162486,240,31.455679770248633,0.050000000000000044
1720,456706,62.53817435247461,97,26.38011568969058,0.050000000000000044
1721,456931,261.46943136021144,225,35.65138931757874,0.050000000000000044
1722,457162,291.68709537259366,231,31.667118143080632,0.050000000000000044
1723,457340,301.4843371990242,178,27.17466554673535,0.050000000000000044
1724,457521,270.3067698316622,181,31.027791206925613,0.050000000000000044
1725,457693,298.67796918214333,172,36.288106677317344,0.050000000000000044
1726,457888,292.4181171809415,195,28.23177024546342,0.050000000000000044
1727,458050,271.557202689208,162,16.403229012717436,0.050000000000000044
1728,458234,231.65517459621896,184,27.57544605134298,0.050000000000000044
1729,458409,290.58268841752613,175,21.22093083986214,0.050000000000000044
1730,458656,255.30578329190834,247,29.907587689728388,0.050000000000000044
1731,458838,268.8579368588913,182,31.216613775016842,0.050000000000000044
1732,459030,321.5221927696951,192,26.628287274002407,0.050000000000000044
1733,459226,289.25204797612355,196,21.42988573873834,0.050000000000000044
1734,459451,309.79928522457976,225,33.34235697501236,0.050000000000000044
1735,459652,237.27805425314102,201,37.59327842035697,0.050000000000000044
1736,459873,283.90288758118743,221,29.574025219921612,0.050000000000000044
1737,460049,267.5850211796358,176,23.728409817442298,0.050000000000000044
1738,460226,272.634974490956,177,24.2202196166677,0.050000000000000044
1739,460448,303.16482851787487,222,22.010918867413526,0.050000000000000044
1740,460545,-412.7523749933946,97,36.66279288143227,0.050000000000000044
1741,460789,291.67683103964436,244,28.90197088233516,0.050000000000000044
1742,460895,47.56761836505382,106,25.54153876582969,0.050000000000000044
1743,461356,282.90355685879933,461,21.13706470014216,0.050000000000000044
1744,461562,276.17891588460463,206,36.876152269397544,0.050000000000000044
1745,461758,282.7660890452396,196,36.92528483119546,0.050000000000000044
1746,461973,307.54071888545775,215,26.873802151305732,0.050000000000000044
1747,462190,251.9729498069308,217,40.73182343379144,0.050000000000000044
1748,462458,282.77516125591666,268,42.24332081865686,0.050000000000000044
1749,462643,297.4140692808725,185,21.016569158032134,0.050000000000000044
1750,462824,245.7468814062556,181,49.19149872924083,0.050000000000000044
1751,463027,258.2522247594419,203,44.26823583421449,0.050000000000000044
1752,463259,297.32661282021763,232,31.21838456411557,0.050000000000000044
1753,463430,279.3427265073466,171,59.58356476736348,0.050000000000000044
1754,463622,292.97214954003573,192,34.809612741072975,0.050000000000000044
1755,463874,302.8406254951333,252,23.146996603421275,0.050000000000000044
1756,464114,292.63174405637403,240,25.989275199485323,0.050000000000000044
1757,464319,259.3216043699911,205,35.00258598429401,0.050000000000000044
1758,464502,259.55071302289394,183,47.78423336278546,0.050000000000000044
1759,464680,266.72250553707846,178,34.61896490314034,0.050000000000000044
1760,464877,263.10987972865735,197,32.76180406913237,0.050000000000000044
1761,465117,281.187791632428,240,25.98371217418462,0.050000000000000044
1762,465269,293.81199708335134,152,38.62082597378053,0.050000000000000044
1763,465484,271.03788217914473,215,42.320530760426855,0.050000000000000044
1764,465769,265.6851812066568,285,22.95425877440394,0.050000000000000044
1765,465930,316.2078468068422,161,31.933793466191116,0.050000000000000044
1766,466141,253.87892819833135,211,25.807480099641882,0.050000000000000044
1767,466339,286.31365238371393,198,41.037113857239184,0.050000000000000044
1768,466602,286.64192766331655,263,22.01522055392936,0.050000000000000044
1769,466778,260.7930134146634,176,30.195692284540698,0.050000000000000044
1770,466978,286.13444982859403,200,26.659975483641027,0.050000000000000044
1771,467176,298.55874719172215,198,24.60822430531485,0.050000000000000044
1772,467377,288.0856272545082,201,34.276803650443824,0.050000000000000044
1773,467683,281.8171725900046,306,33.793760354807176,0.050000000000000044
1774,467935,293.7834836025504,252,30.18648604167596,0.050000000000000044
1775,468200,289.8708049439987,265,27.69726838233336,0.050000000000000044
1776,468386,294.8848048306005,186,22.97263038054269,0.050000000000000044
1777,468640,289.7404974138917,254,51.07995736123774,0.050000000000000044
1778,468847,282.5561174641981,207,28.712724452721325,0.050000000000000044
1779,469049,301.273189842119,202,30.91207427081495,0.050000000000000044
1780,469189,64.9724108491489,140,38.204964485019445,0.050000000000000044
1781,469370,290.52749990216836,181,55.47572141375331,0.050000000000000044
1782,469565,255.38898926608243,195,27.248958420218564,0.050000000000000044
1783,469670,40.64246336895843,105,19.891349357224644,0.050000000000000044
1784,469862,273.5737771096299,192,33.682754272750266,0.050000000000000044
1785,470310,240.17522230330914,448,27.351960602415993,0.050000000000000044
1786,470479,8.96613978379861,169,25.83027761962992,0.050000000000000044
1787,470618,44.67295953313868,139,27.351185775274853,0.050000000000000044
1788,470837,297.3020184070831,219,28.32892010650134,0.050000000000000044
1789,471040,258.7191610264182,203,29.33103455155354,0.050000000000000044
1790,471351,284.0353422523789,311,36.99246266244692,0.050000000000000044
1791,471547,280.2771475793729,196,25.80105050782464,0.050000000000000044
1792,471740,264.274453847436,193,27.368522972949428,0.050000000000000044
1793,471911,279.29254342913185,171,29.17440519852248,0.050000000000000044
1794,472096,263.052396620238,185,29.0929429452967,0.050000000000000044
1795,472262,282.8546252469719,166,116.79502870214273,0.050000000000000044
1796,472434,59.51031240432121,172,33.95791964388864,0.050000000000000044
1797,472626,269.59235178292795,192,24.875314862312127,0.050000000000000044
1798,472799,265.70569626231315,173,29.530331816804203,0.050000000000000044
1799,472955,64.98855997640987,156,28.309774689280832,0.050000000000000044
1800,473202,266.00498210394255,247,28.044253886831918,0.050000000000000044
1801,473431,307.6218823435793,229,81.38408822940427,0.050000000000000044
1802,473620,301.94692485960155,189,21.139138273934208,0.050000000000000044
1803,473803,9.115962801972302,183,39.74035814673197,0.050000000000000044
1804,474016,276.9928023611982,213,30.558590929832818,0.050000000000000044
1805,474253,287.02278914733495,237,29.175000578668048,0.050000000000000044
1806,474434,261.8263007537223,181,29.422612902538553,0.050000000000000044
1807,475034,276.78044593154664,600,28.70373569990198,0.050000000000000044
1808,475200,275.8116474471283,166,78.69200085695968,0.050000000000000044
1809,475367,305.12162617800874,167,32.34313763178394,0.050000000000000044
1810,475631,284.734368284962,264,36.25216540186243,0.050000000000000044
1811,475839,266.8455613579133,208,29.753633821024916,0.050000000000000044
1812,476075,253.9454620895645,236,30.40963980877551,0.050000000000000044
1813,476291,282.4593077399379,216,19.186360646591144,0.050000000000000044
1814,476558,262.6510835853976,267,78.00072536893775,0.050000000000000044
1815,476738,252.20242551979177,180,60.84617334173785,0.050000000000000044
1816,476946,264.27014415065673,208,94.78932330585442,0.050000000000000044
1817,477125,278.7672709376937,179,62.608389849602844,0.050000000000000044
1818,477326,250.12374043865861,201,63.14856052472817,0.050000000000000044
1819,477491,272.6883638582845,165,31.299541193698392,0.050000000000000044
1820,477731,252.0666243447476,240,51.84146431131909,0.050000000000000044
1821,477951,270.592790999134,220,23.301089183918453,0.050000000000000044
1822,478446,296.2012394902322,495,36.26048527742275,0.050000000000000044
1823,478647,284.0006645267729,201,22.314048513881307,0.050000000000000044
1824,478826,268.8121233119985,179,28.460109770547746,0.050000000000000044
1825,479068,271.3193531866724,242,26.49414129037995,0.050000000000000044
1826,479273,275.06124603218313,205,30.00849758066782,0.050000000000000044
1827,479484,261.55356257163777,211,47.939626650505154,0.050000000000000044
1828,479611,42.95047874518525,127,24.41943802092019,0.050000000000000044
1829,479843,303.3196740406077,232,76.54002316970507,0.050000000000000044
1830,480049,273.7685639273267,206,26.592493721437684,0.050000000000000044
1831,480297,292.1857152803402,248,22.63673684782078,0.050000000000000044
1832,480509,303.11951613258105,212,20.10531985773793,0.050000000000000044
1833,480704,270.5682464912179,195,26.062993812102537,0.050000000000000044
1834,480901,266.87556849289564,197,28.32293642081585,0.050000000000000044
1835,481087,291.17001107132774,186,32.2045484337435,0.050000000000000044
1836,481279,276.3662272225859,192,21.299581380172942,0.050000000000000044
1837,481487,274.2044315843741,208,26.36406695470214,0.050000000000000044
1838,481694,303.0628412017496,207,73.50205462422348,0.050000000000000044
1839,481901,246.1108468838541,207,26.942102662679076,0.050000000000000044
1840,482128,275.13066907085295,227,29.388853624856946,0.050000000000000044
1841,482300,283.9388019348711,172,58.14712537166684,0.050000000000000044
1842,482547,279.4705926757468,247,32.8508269494241,0.050000000000000044
1843,482684,35.99015332556104,137,21.967129591825234,0.050000000000000044
1844,483027,247.87871421429318,343,20.9173711417976,0.050000000000000044
1845,483265,273.6925276716629,238,20.525202733128012,0.050000000000000044
1846,483509,292.6504001718714,244,26.345831237733364,0.050000000000000044
1847,483765,281.3922880164142,256,23.24451601220062,0.050000000000000044
1848,484012,304.11439922555815,247,33.03618481562205,0.050000000000000044
1849,484227,289.3302237411209,215,22.541153172420902,0.050000000000000044
1850,484422,287.3199136820367,195,18.441391627987226,0.050000000000000044
1851,484631,272.3252417206859,209,22.970457125437317,0.050000000000000044
1852,484790,278.53087656698426,159,29.4221184104681,0.050000000000000044
1853,484989,247.02334778266734,199,24.718354097263298,0.050000000000000044
1854,485230,280.9597379891335,241,25.31180904861308,0.050000000000000044
1855,485426,301.54676158875293,196,33.33554208157014,0.050000000000000044
1856,485553,-230.94180365776623,127,30.253225714906932,0.050000000000000044
1857,485811,301.382454950672,258,65.1009095724701,0.050000000000000044
1858,486094,307.96214192062143,283,24.212300185285272,0.050000000000000044
1859,486223,63.68186220806649,129,23.673226335945056,0.050000000000000044
1860,486499,295.19837244801,276,31.965630574502807,0.050000000000000044
1861,486842,252.62635387007262,343,52.28756072435191,0.050000000000000044
1862,487013,285.61244454051035,171,28.829927743439786,0.050000000000000044
1863,487195,241.5647466913726,182,25.661706230551985,0.050000000000000044
1864,487440,260.34624201444905,245,60.014440113306044,0.050000000000000044
1865,487635,245.9720224562203,195,76.14827881791653,0.050000000000000044
1866,488081,262.491830490642,446,33.938543705795915,0.050000000000000044
1867,488251,306.29735878639093,170,29.80343325155623,0.050000000000000044
1868,488466,258.3170491518332,215,114.68593370124351,0.050000000000000044
1869,488572,-66.67249323745975,106,29.784309256189275,0.050000000000000044
1870,488887,258.25884560432917,315,27.305452373765764,0.050000000000000044
1871,489108,269.43653092590955,221,24.954453357204592,0.050000000000000044
1872,489371,266.42079572530304,263,99.41738064796752,0.050000000000000044
1873,489580,280.3796755710677,209,26.504191264795345,0.050000000000000044
1874,489805,297.69078121795803,225,53.471802588038976,0.050000000000000044
1875,489972,260.7596103582845,167,19.14319480928832,0.050000000000000044
1876,490172,266.361404791057,200,23.727797363176943,0.050000000000000044
1877,490366,281.64230619103245,194,24.535521078509152,0.050000000000000044
1878,490554,276.19769606610475,188,23.929292724566892,0.050000000000000044
1879,490670,-78.88135743213147,116,31.88022271106983,0.050000000000000044
1880,490906,308.3640595681034,236,27.378886415796764,0.050000000000000044
1881,491186,266.7812880350577,280,26.442099656271083,0.050000000000000044
1882,491488,268.956125073484,302,26.131073743795717,0.050000000000000044
1883,491760,283.0876254806019,272,25.80197343164507,0.050000000000000044
1884,491940,284.12211354119427,180,21.004055517001284,0.050000000000000044
1885,492107,291.89437308555523,167,56.13574732340381,0.050000000000000044
1886,492342,278.1590068770599,235,72.09203366719662,0.050000000000000044
1887,492611,247.24343956067065,269,18.5335894940511,0.050000000000000044
1888,492812,272.2055608869962,201,28.99060036264249,0.050000000000000044
1889,493015,287.4584960142835,203,50.45893786634718,0.050000000000000044
1890,493277,277.3223418527806,262,45.54405795077559,0.050000000000000044
1891,493547,267.0025240297007,270,23.277379180877297,0.050000000000000044
1892,493742,299.4470013539499,195,22.061067715134374,0.050000000000000044
1893,493919,273.52507713549727,177,29.968515161908954,0.050000000000000044
1894,494117,279.2044998809247,198,16.616917224619726,0.050000000000000044
1895,494455,295.78300082905344,338,69.7697121442775,0.050000000000000044
1896,494694,281.2062955379836,239,26.654052809317243,0.050000000000000044
1897,494904,258.13724418647666,210,43.20628693203131,0.050000000000000044
1898,495103,305.9697713920766,199,28.403884059669984,0.050000000000000044
1899,495405,252.9427698523368,302,31.226228858066712,0.050000000000000044
1900,495662,295.1333866513203,257,18.31883676819764,0.050000000000000044
1901,495857,-336.66743889353245,195,108.09166843371514,0.050000000000000044
1902,496043,268.55745254304986,186,22.104383330832245,0.050000000000000044
1903,496327,269.3779661305347,284,23.82208475596468,0.050000000000000044
1904,496562,285.1869927283708,235,30.961221662417373,0.050000000000000044
1905,496786,277.73338123266507,224,41.119735615327954,0.050000000000000044
1906,496997,265.53643226650576,211,22.749941990697554,0.050000000000000044
1907,497207,301.4993502606859,210,36.450289075715204,0.050000000000000044
1908,497521,289.5873853893004,314,86.11432781132163,0.050000000000000044
1909,497735,249.4261128253812,214,39.014593378405706,0.050000000000000044
1910,497954,257.18800888234296,219,23.744303641730248,0.050000000000000044
1911,498170,283.7444442847602,216,16.243947726984818,0.050000000000000044
1912,498402,279.19684129957625,232,19.528649194101835,0.050000000000000044
1913,498602,307.9305266149263,200,23.93612901881337,0.050000000000000044
1914,498775,257.4909690899559,173,29.00432873306247,0.050000000000000044
1915,498972,310.59322706600483,197,143.4163161796059,0.050000000000000044
1916,499193,291.27592313755696,221,121.78091777881346,0.050000000000000044
1917,499361,255.7433222673681,168,23.12463690713048,0.050000000000000044
1918,499558,276.6591536682098,197,133.44705385461373,0.050000000000000044
1919,499733,267.32544289106244,175,23.845154487746104,0.050000000000000044
1920,499987,273.3660228079789,254,18.869223008005637,0.050000000000000044
1921,500190,301.0686041748163,203,18.45376718352581,0.050000000000000044
1922,500366,240.98708977883436,176,21.74122059548443,0.050000000000000044
1923,500683,300.9969478092394,317,20.533714785889874,0.050000000000000044
1924,500853,292.1646123832415,170,34.7735169894555,0.050000000000000044
1925,501092,309.7900470962806,239,25.98036449673784,0.050000000000000044
1926,501321,273.5579612802578,229,110.54170130407967,0.050000000000000044
1927,501540,277.7189265128112,219,37.84455113378289,0.050000000000000044
1928,501783,292.46424337591725,243,125.9053786999772,0.050000000000000044
1929,502052,269.74844942973624,269,27.898620679032845,0.050000000000000044
1930,502242,264.1911796522221,190,35.03744504663505,0.050000000000000044
1931,502489,267.46915573834735,247,139.29782560431522,0.050000000000000044
1932,502666,283.69004467745043,177,159.25018019595387,0.050000000000000044
1933,502862,308.8517077153293,196,21.308387729586386,0.050000000000000044
1934,503200,282.3271095006877,338,36.737840469860465,0.050000000000000044
1935,503415,264.0290982543464,215,24.62145404385966,0.050000000000000044
1936,503666,284.68915697309274,251,28.218010555344275,0.050000000000000044
1937,503862,279.0764341766916,196,156.4612850714095,0.050000000000000044
1938,504050,293.8243592118987,188,24.061532924942515,0.050000000000000044
1939,504260,289.166087660218,210,23.663985544230258,0.050000000000000044
1940,504503,300.3590738264114,243,25.629113906818162,0.050000000000000044
1941,504753,251.06951959311107,250,19.331072991609574,0.050000000000000044
1942,504983,301.249643510841,230,23.647832546674685,0.050000000000000044
1943,505215,255.54188276114434,232,21.677057277475452,0.050000000000000044
1944,505438,273.9548020420095,223,129.97803430499783,0.050000000000000044
1945,505627,263.82210454100573,189,25.404974864273473,0.050000000000000044
1946,505831,293.40302214279507,204,26.65386707642499,0.050000000000000044
1947,506030,307.25126127431014,199,27.939147440557505,0.050000000000000044
1948,506222,282.94308697207157,192,23.68546444720899,0.050000000000000044
1949,506524,286.36197900126433,302,94.20187385330927,0.050000000000000044
1950,506830,273.5977350106946,306,20.70879164192022,0.050000000000000044
1951,507030,290.9175554914867,200,226.548383782953,0.050000000000000044
1952,507423,281.0434030404215,393,74.58535818448503,0.050000000000000044
1953,507542,-0.9410370334326785,119,205.65653750049967,0.050000000000000044
1954,507707,289.7374209635885,165,159.9971663738742,0.050000000000000044
1955,507903,296.48281419253607,196,21.01527867207722,0.050000000000000044
1956,508148,293.2817677262925,245,127.57397240826062,0.050000000000000044
1957,508308,261.8605796168005,160,18.138620514981447,0.050000000000000044
1958,508608,283.9326653469386,300,23.163851168453693,0.050000000000000044
1959,508699,-259.3631748025245,91,21.219444252796226,0.050000000000000044
1960,508915,266.7612127494041,216,27.19127067813167,0.050000000000000044
1961,509164,275.76155235817134,249,72.98437676731362,0.050000000000000044
1962,509393,280.94272449474346,229,32.30964658777006,0.050000000000000044
1963,509708,281.5945981996688,315,102.16983314818806,0.050000000000000044
1964,509921,308.68050856280195,213,23.139312204760564,0.050000000000000044
1965,510092,303.32718066786913,171,29.176205293825497,0.050000000000000044
1966,510274,278.9637904349248,182,27.016391179063817,0.050000000000000044
1967,510459,257.72815881480346,185,21.769438676898545,0.050000000000000044
1968,510722,268.9847280386432,263,32.06801628658527,0.050000000000000044
1969,510902,279.6358301344719,180,172.15479803689652,0.050000000000000044
1970,511017,31.664721719410295,115,19.232750380039214,0.050000000000000044
1971,511240,296.13672656348217,223,16.95457284546754,0.050000000000000044
1972,511486,318.85838575801176,246,30.38525680906889,0.050000000000000044
1973,511653,265.54629209310735,167,26.484460021207433,0.050000000000000044
1974,511802,258.9159225961008,149,23.444908993956226,0.050000000000000044
1975,512073,306.17664265629776,271,42.08144683805999,0.050000000000000044
1976,512294,304.7385446937644,221,52.16250666787182,0.050000000000000044
1977,512621,266.08385300671057,327,25.338472944607428,0.050000000000000044
1978,512814,280.1114130098952,193,179.6601356439331,0.050000000000000044
1979,513004,264.55022262077364,190,29.585524102182763,0.050000000000000044
1980,513278,275.45209602150493,274,61.458171401580756,0.050000000000000044
1981,513518,267.7216950431664,240,30.23272257509331,0.050000000000000044
1982,513688,306.959571811565,170,26.6873487288461,0.050000000000000044
1983,513805,26.263877480244233,117,18.17082790329925,0.050000000000000044
1984,513989,282.89666158253067,184,86.21265663433334,0.050000000000000044
1985,514263,254.35614491663776,274,44.23018317620684,0.050000000000000044
1986,514471,291.0545527415686,208,34.591506120963736,0.050000000000000044
1987,514660,286.7639053419314,189,26.341540841198473,0.050000000000000044
1988,514879,288.2260511919679,219,37.434920097186684,0.050000000000000044
1989,514958,-113.65469227437103,79,17.936100288282468,0.050000000000000044
1990,515167,278.92422906885986,209,196.0281348162861,0.050000000000000044
1991,515325,293.33056548588604,158,30.929985464373722,0.050000000000000044
1992,515573,281.6075838409057,248,19.744350027292967,0.050000000000000044
1993,515753,292.02086960957956,180,29.262788848910066,0.050000000000000044
1994,515928,251.24233961479405,175,20.296020123958588,0.050000000000000044
1995,516118,265.83437806584755,190,22.246876517879336,0.050000000000000044
1996,516229,-28.044627446429672,111,93.46236449184718,0.050000000000000044
1997,516419,260.36223282047536,190,196.8197281559831,0.050000000000000044
1998,516587,247.1910970946135,168,36.99536193676648,0.050000000000000044
1999,516786,310.0056406249263,199,222.06908181511878,0.050000000000000044
2000,516971,245.21734894145902,185,26.544053199323447,0.050000000000000044
