episode,total_steps,reward,length,mean_loss,epsilon
1,69,-204.24691582528018,69,,0.999354
2,172,-166.34378413001753,103,,0.9983755
3,295,-272.87429199617304,123,,0.997207
4,380,-150.158526776026,85,,0.9963995
5,445,-183.7745184368284,65,,0.995782
6,545,-232.13387275422835,100,,0.994832
7,652,-361.25483911062605,107,,0.9938155
8,712,-65.14558376667448,60,,0.9932455
9,800,-138.18685377277578,88,,0.9924094999999999
10,874,-67.15352042850674,74,,0.9917065
11,976,-206.63831341222837,102,,0.9907375
12,1092,-124.75690161557188,116,,0.9896355
13,1164,-38.73029853151965,72,,0.9889515
14,1294,-88.02198190586736,130,,0.9877165
15,1370,-327.12938695659557,76,,0.9869945
16,1445,-58.39629847928538,75,,0.986282
17,1558,-117.56752137312321,113,,0.9852085
18,1640,-94.12760663880681,82,,0.9844295
19,1737,-298.1303036356956,97,,0.983508
20,1832,-254.4445150130624,95,,0.9826055
21,1967,-243.83333597634547,135,,0.981323
22,2034,-151.66306035061132,67,,0.9806865
23,2134,-173.28953783246664,100,,0.9797365
24,2237,-339.4017464281726,103,,0.978758
25,2306,-114.8435439578304,69,,0.9781025
26,2371,-88.17767100272364,65,,0.977485
27,2456,-107.70038661789766,85,,0.9766775
28,2577,-236.94880324668205,121,,0.975528
29,2663,-185.44711361011127,86,,0.974711
30,2729,-118.72343460046218,66,,0.974084
31,2800,-298.5865804585334,71,,0.9734095
32,2899,-322.5471287808099,99,,0.972469
33,2992,-120.85483676521108,93,,0.9715855
34,3055,-171.5064054814615,63,,0.970987
35,3126,-115.40208721826562,71,,0.9703125
36,3226,-288.0762297566228,100,,0.9693625
37,3322,-272.99241588343097,96,,0.9684505
38,3430,-255.97805146744165,108,,0.9674245
39,3514,-98.40916979636019,84,,0.9666265
40,3601,-120.79001229260444,87,,0.9658
41,3710,-415.10685790071244,109,,0.9647645
42,3798,-146.37630235500805,88,,0.9639285
43,3902,-276.01441318249215,104,,0.9629405
44,4004,-259.5238160655741,102,,0.9619715
45,4092,-102.46957194963156,88,,0.9611355
46,4172,-410.36739098182926,80,,0.9603755
47,4280,-135.0854417446667,108,,0.9593495
48,4349,-129.9650943868551,69,,0.958694
49,4433,-296.39732387459696,84,,0.957896
50,4556,-171.0509183864471,123,,0.9567275
51,4631,-96.39575307484971,75,,0.9560150000000001
52,4721,-162.37942057943633,90,,0.95516
53,4784,-104.86750217605773,63,,0.9545615000000001
54,4909,-118.26000351336893,125,,0.953374
55,4990,-100.18051521206853,81,,0.9526045
56,5080,-71.64019214048622,90,128.49006020286936,0.9517495
57,5175,-109.38437662487156,95,138.84553146362305,0.950847
58,5273,-179.7174459649517,98,97.31202507870537,0.949916
59,5401,-119.37371091457626,128,137.4250822076574,0.9487
60,5465,-106.71789012351819,64,122.39558134973049,0.948092
61,5591,-274.40480250789676,126,97.54726304894402,0.946895
62,6591,60.695309944292845,1000,81.52653801840543,0.937395
63,6690,-56.49155983532926,99,61.91343075338036,0.9364545
64,6839,-83.58378608561102,149,63.23204692178125,0.935039
65,6940,-236.3182159588503,101,54.90622555973506,0.9340795
66,7011,-352.58281516403144,71,61.09026783620808,0.933405
67,7103,-81.8032647597814,92,52.36854521087978,0.932531
68,7188,-169.1593542673898,85,50.81763222357806,0.9317235
69,7272,-111.58619970900381,84,47.55248921258109,0.9309255
70,7374,-271.4216669570236,102,46.65166492906271,0.9299565
71,7449,-91.94359737768534,75,43.6883522049586,0.929244
72,7521,-72.32972321020745,72,55.84391734666295,0.92856
73,7658,-306.3060188737635,137,47.15323112045761,0.9272585
74,7730,-128.1585890852874,72,48.684955755869545,0.9265745
75,7858,-131.22495205380633,128,49.69148305384442,0.9253585
76,7944,-212.7393351763851,86,56.95719632021216,0.9245415
77,8044,-32.56668447123795,100,54.09667520403862,0.9235915
78,8177,-154.95330282680442,133,36.60777307094488,0.922328
79,8339,-192.09306724823563,162,30.72580161580333,0.920789
80,8424,-125.26708647273735,85,43.838563170152554,0.9199815
81,8546,-142.37312020552628,122,41.02644998909997,0.9188225
82,8626,-135.1586654118984,80,38.221552935242656,0.9180625
83,8738,-157.40694812385047,112,39.49427891309772,0.9169985
84,8870,-337.1002158483685,132,34.65098835753672,0.9157445
85,8927,-208.5286966371081,57,31.585335494133464,0.915203
86,9034,-145.95610346134447,107,47.54322198395417,0.9141865
87,9101,-51.274830706373294,67,45.49923646805891,0.91355
88,9193,-210.67676183503193,92,35.520969078592636,0.912676
89,9314,-147.8082167185824,121,32.4699009420458,0.9115265
90,9417,-333.7717186921045,103,33.70098352200777,0.910548
91,9520,-69.19541014753227,103,32.30016180033822,0.9095695
92,9597,-104.89253365867411,77,33.16406491669741,0.908838
93,9701,-177.56304754125816,104,36.08184899045871,0.90785
94,9817,-80.70974663563904,116,26.03370270698235,0.906748
95,9901,-126.33207707434077,84,39.21538803052334,0.90595
96,9969,-135.45405211250923,68,33.148196423754975,0.905304
97,10096,-304.85686885438236,127,33.549913969565566,0.9040975
98,10197,-147.03782647191935,101,36.682807231893634,0.903138
99,10298,-109.49118996067594,101,43.47212610504415,0.9021785
100,10359,-202.9104627132919,61,49.1755737877283,0.901599
101,10484,-117.48100926134508,125,37.24245229911804,0.9004115
102,10570,-133.21783467257214,86,43.61428756907929,0.8995945
103,10661,16.063225815687673,91,39.173687151500154,0.89873
104,10758,-98.10012077125697,97,49.86166646861538,0.8978085
105,10837,-127.65773524129315,79,44.95960261851926,0.897058
106,10905,-154.12270258964656,68,31.156486227231866,0.896412
107,10998,-40.31789120575222,93,41.24460023128858,0.8955285
108,11116,-71.37990590060205,118,35.78367547160488,0.8944075
109,11211,-149.01023508705865,95,36.83411059316836,0.893505
110,11324,-85.26151616753711,113,43.78262248503423,0.8924315
111,11437,-176.17626428040205,113,29.044112389066576,0.891358
112,11522,-102.33418235924145,85,42.13084107006297,0.8905505
113,11628,-358.33488371118847,106,27.011011140526467,0.8895435
114,11710,-32.60953060263064,82,35.65111736989603,0.8887645
115,11838,-242.81943768061979,128,33.20158478943631,0.8875485
116,11924,-118.7927593928543,86,37.07497872862705,0.8867315
117,11994,-119.05506364682378,70,29.668613491739546,0.8860665
118,12124,-263.2052465112105,130,48.43211738237968,0.8848315
119,12195,-65.33271000356709,71,59.215434628473204,0.884157
120,12314,-138.03478486460534,119,27.230715818264905,0.8830265
121,12391,-104.105885614415,77,26.945573811407215,0.882295
122,12460,-138.82377647925424,69,51.32950097927149,0.8816395
123,12574,-137.68318669640894,114,28.87222740420124,0.8805565
124,12664,-117.19438943459092,90,35.98956818713082,0.8797015
125,12742,-95.53608457345376,78,45.75060011790349,0.8789605
126,12849,-180.74371297010578,107,32.997861883907674,0.8779440000000001
127,12976,-150.88156463891244,127,28.76624272939727,0.8767375
128,13051,-100.8773787864799,75,52.72821589310964,0.876025
129,13132,-142.39583527356123,81,30.911712090910218,0.8752555
130,13213,-145.97342897884252,81,51.99753719200323,0.874486
131,13293,-100.46714936937958,80,32.14048591628671,0.873726
132,13371,-244.53459072652953,78,24.660293999390724,0.872985
133,13483,28.64248841329217,112,34.578223942645955,0.871921
134,13549,-51.03640345778176,66,51.698200419093624,0.871294
135,13698,-99.44260871107592,149,36.58617361599967,0.8698785
136,13824,-99.50653049065588,126,43.13205484028847,0.8686815
137,13927,-190.49935518327675,103,25.341532475740006,0.867703
138,13989,-131.36089596544363,62,38.08203346306278,0.8671139999999999
139,14066,-102.07963123862397,77,61.72452178713563,0.8663825
140,14152,-39.235394754241746,86,33.39990193760672,0.8655655
141,14251,-106.8589230170716,99,32.4722123423008,0.864625
142,14361,-59.06800931923439,110,34.805603695999494,0.86358
143,14490,-111.36343592882194,129,24.726813641629477,0.8623545
144,14551,-133.16091949209778,61,30.474347901148874,0.861775
145,14616,-154.99201146884394,65,30.729800248146056,0.8611575
146,14685,-89.97438687379464,69,31.07548634815907,0.860502
147,14775,-34.06305677991632,90,28.769949683215884,0.859647
148,14847,-72.37470333601269,72,54.87238756153319,0.858963
149,14931,-188.4513602196118,84,25.699546818931896,0.8581650000000001
150,14994,-92.12173874362094,63,29.14065250801662,0.8575665
151,15087,-103.6418536621741,93,38.12432577340834,0.856683
152,15209,-132.9842966524894,122,37.949047950447586,0.855524
153,15277,-77.66260740871084,68,52.105337381362915,0.854878
154,15358,-110.30165676174144,81,22.80744198222219,0.8541084999999999
155,15426,-59.54140543363871,68,25.324956694070032,0.8534625
156,15499,-81.7536230888986,73,28.25759780896853,0.852769
157,15618,-277.7100484751944,119,32.00704654625484,0.8516385
158,15741,-188.7325038600727,123,22.108365925346934,0.8504700000000001
159,15922,-97.94595679375529,181,26.48152996295065,0.8487505
160,16037,-67.18592165008961,115,42.94410140618034,0.847658
161,16149,-120.3315088898885,112,34.239479083035675,0.846594
162,16237,-88.2744284497739,88,45.06542926078493,0.845758
163,16371,-169.97005402624495,134,36.96335097480176,0.8444849999999999
164,16459,-41.63107552136824,88,49.11795721270821,0.843649
165,16574,-60.58971316395126,115,36.366629488053526,0.8425565
166,16669,-149.4835888281578,95,25.614422808822834,0.841654
167,16775,-128.1375029925131,106,27.642550066956932,0.840647
168,16892,-197.18743756054204,117,43.67237719766095,0.8395355
169,17049,-118.24414207070888,157,31.13257769794221,0.838044
170,17144,-66.42363631827396,95,27.52582433349208,0.8371415
171,17247,-152.6199551177687,103,41.70552512511466,0.836163
172,17319,-80.66689783627679,72,26.686877357463043,0.835479
173,17401,-78.26306281990833,82,29.60759287563766,0.8347
174,17533,-94.71601931309687,132,37.24130667746067,0.833446
175,17613,-82.2766498118024,80,31.897669600695373,0.832686
176,17676,-39.76346485638969,63,28.008793560285415,0.8320875
177,17779,-130.95873173517182,103,42.63333339367098,0.831109
178,17931,-164.06663398985708,152,34.48670844302366,0.829665
179,18050,-122.54954904599187,119,39.5586215978911,0.8285345
180,18173,-147.18450781904332,123,41.391059949630645,0.827366
181,18299,-78.60793590548997,126,52.73390612904988,0.826169
182,18387,-112.94373666119579,88,33.77423055605455,0.825333
183,18463,-141.75158428101835,76,43.004753465715204,0.824611
184,18529,-96.64523507903436,66,66.64891800735936,0.823984
185,18644,-169.03672231491015,115,33.51344738939534,0.8228915
186,18730,-101.99449332156777,86,33.6208077170128,0.8220745
187,18807,-21.715053515820216,77,36.600014677295434,0.821343
188,18880,-252.8106579401784,73,28.922796927902798,0.8206495
189,18978,-27.41821047708993,98,39.497707162584575,0.8197185
190,19104,-79.86556325966313,126,44.658806657507306,0.8185215
191,19182,-29.77339503391393,78,30.96774374674528,0.8177805
192,19286,-161.49597779451287,104,47.448119042011406,0.8167925
193,19364,-56.96201620791685,78,34.73810997987405,0.8160515
194,19477,-109.29516191069627,113,53.752646282183385,0.814978
195,19593,-107.781820140609,116,44.134578596929025,0.813876
196,19731,-64.89367327268283,138,47.40291972566342,0.812565
197,19800,-53.64941957739769,69,48.88506861182227,0.8119095000000001
198,19951,-86.37898131600426,151,39.59471899902584,0.8104750000000001
199,20075,-101.25936921195597,124,41.71038745151412,0.809297
200,20143,-58.9028918051601,68,58.397650344406856,0.808651
201,20311,7.746607377123226,168,37.79636288789057,0.807055
202,20403,-65.7410768045602,92,35.49099072036536,0.806181
203,20502,-111.7751926693056,99,29.241640338994035,0.8052405
204,20593,-44.14056039866142,91,42.96562474704051,0.804376
205,20685,-24.491233311448937,92,32.73130491375923,0.803502
206,20772,-63.483601210279744,87,57.5395705658814,0.8026755
207,20833,-59.143407019135765,61,27.371415341486696,0.802096
208,20966,-241.96766785710014,133,53.72458721865389,0.8008325000000001
209,21085,-126.4906790821652,119,33.60926856413609,0.799702
210,21202,-76.2319939791299,117,32.4574954458791,0.7985905
211,21283,-152.72194698792455,81,38.15567786310926,0.797821
212,21478,-75.34722929258535,195,40.65315258778059,0.7959685000000001
213,21582,-139.08070481578778,104,47.450650439812584,0.7949805
214,21660,-113.2045779153231,78,35.83368718776948,0.7942395
215,21799,-82.9527652722877,139,37.565967621563146,0.792919
216,21924,-86.58252032888565,125,34.39216494846344,0.7917315
217,22070,-67.61620757459562,146,44.92335148176102,0.7903445
218,22130,-90.69131485158704,60,42.08657164673011,0.7897745
219,22250,-116.67850196161632,120,34.93135244299968,0.7886345
220,22352,-150.38014113839102,102,51.75946594745505,0.7876655
221,22443,-60.87282929919107,91,46.86555136036087,0.786801
222,22536,-39.49468591723634,93,33.64228727932899,0.7859175
223,22646,-356.5016948326929,110,38.99408722086386,0.7848725
224,22795,-84.84067895312064,149,37.36848829016589,0.7834570000000001
225,22922,-56.85993693719223,127,41.53826046647049,0.7822505
226,23039,-72.75114959278054,117,35.30446234167132,0.781139
227,23167,-51.877541107727325,128,31.246641252655536,0.779923
228,23258,-56.75487992779191,91,37.871173555379386,0.7790585
229,23331,-106.4525553018158,73,57.61185317578381,0.778365
230,23398,-108.76996885841743,67,55.48386687129291,0.7777285
231,23509,-118.45618865368832,111,58.5456225968696,0.776674
232,23578,-86.59358125115537,69,44.504776742147364,0.7760184999999999
233,23694,-110.55012604599413,116,51.931261492700415,0.7749165
234,23784,-108.8405488246049,90,51.61770189205806,0.7740615
235,23864,-30.430879332237296,80,49.743994464725255,0.7733015
236,24007,-99.33555618240787,143,44.19039128335206,0.771943
237,24067,-90.76448116452325,60,52.869524916013084,0.771373
238,24142,-134.829950480681,75,53.16254364331564,0.7706605
239,24269,-94.29505072651614,127,39.93049584176597,0.769454
240,24388,-48.81978118859441,119,50.53759946943331,0.7683235
241,24462,-105.6286466097749,74,45.33383699204471,0.7676205
242,24545,-79.15566367634182,83,68.41464579608066,0.766832
243,24621,-64.08466560017482,76,76.0584701919242,0.7661100000000001
244,24709,-120.56959670414413,88,38.32732883434404,0.765274
245,24824,-118.2174288324992,115,58.26146443615789,0.7641815000000001
246,24963,-69.24800801477144,139,34.01895100950337,0.762861
247,25064,-63.34282430446332,101,40.915428773011314,0.7619015
248,25171,-85.1215651229383,107,49.937420597143266,0.760885
249,25237,-48.796633094211266,66,55.36541311849248,0.7602580000000001
250,25351,-156.39378038794058,114,32.00134639624964,0.759175
251,25430,-40.857104336146236,79,61.73861261259152,0.7584245000000001
252,25518,-84.66135742630792,88,48.50377859649333,0.7575885
253,25619,-89.10107722993094,101,59.06381724966634,0.756629
254,25719,-107.39035284021281,100,50.06448279023171,0.755679
255,25828,-69.54951793928733,109,20.696316493213722,0.7546435
256,25942,-83.94249297892028,114,56.253080519144994,0.7535605000000001
257,26072,-49.12000259205779,130,49.352884553028986,0.7523255
258,26149,5.558060277834684,77,48.36129315100707,0.751594
259,26213,-93.22965603104385,64,65.68129180371761,0.7509859999999999
260,26303,-100.25997333149714,90,35.70004993346002,0.7501310000000001
261,26366,-71.65023326713417,63,41.880923116964006,0.7495324999999999
262,26432,-88.49445296660227,66,52.467057864774354,0.7489055
263,26557,-195.2722049737936,125,60.14702555656433,0.747718
264,26662,-82.87419994531501,105,66.84758391834441,0.7467205
265,26777,-71.62200855923706,115,49.88946825473205,0.745628
266,26879,-71.08119794475746,102,51.30369529595562,0.744659
267,26978,-67.18909365881221,99,52.07672783943138,0.7437185
268,27083,-76.4317917795783,105,73.37356843380701,0.742721
269,27153,-93.48431277416182,70,42.28907290697098,0.742056
270,27248,-49.73583633029429,95,87.11529936288532,0.7411535
271,27340,-71.06002553067415,92,66.23123733504958,0.7402795
272,27444,-96.98242989013086,104,52.41019004697983,0.7392915
273,27559,-101.08101071574325,115,72.01641915310984,0.738199
274,27650,-103.47516338698094,91,49.35485629721002,0.7373345
275,27776,-59.08549133880578,126,56.0092751568272,0.7361375
276,27845,-45.44935889555322,69,53.42843187546384,0.735482
277,27926,-71.5229750610711,81,53.997839875427296,0.7347125
278,28008,-3.6735414636247867,82,59.49521019255243,0.7339335
279,28134,-64.79075545543562,126,52.04549553564617,0.7327365
280,28228,-49.80685845413903,94,98.82140157324203,0.7318435
281,28367,-74.91422471634812,139,54.69569175835136,0.730523
282,28464,-130.064155318719,97,60.848357238720375,0.7296015
283,28588,-49.09994464184942,124,42.869766968873236,0.7284235
284,28655,-34.67515785591404,67,49.18270382952334,0.727787
285,28788,-34.81708705914744,133,51.94907653511019,0.7265235
286,28877,-100.8923949204043,89,56.14725514878048,0.725678
287,29014,-62.46130048947644,137,49.00007124103769,0.7243765
288,29136,-44.511409308491366,122,64.72338345207152,0.7232175000000001
289,29238,-39.90092741655026,102,55.693677106324365,0.7222485000000001
290,29320,-96.43427890553802,82,60.373017718152305,0.7214695
291,29406,-18.10087471002325,86,76.63984996773476,0.7206525
292,29477,-55.271349425916235,71,54.92531352815494,0.719978
293,29566,-91.32098284817356,89,55.64399111203933,0.7191325
294,29672,-75.82464669522882,106,81.33537166523483,0.7181255
295,29738,-78.79379217478576,66,62.94168918060534,0.7174985
296,29846,-75.75723923870163,108,56.66921265754435,0.7164725000000001
297,29943,-85.89380377678962,97,55.85391733695551,0.715551
298,30053,-31.12681246120586,110,81.63455445224588,0.7145060000000001
299,30181,-219.24396030282423,128,56.44820197671652,0.71329
300,30256,-65.77782798948931,75,54.31944651683172,0.7125775000000001
301,30364,-96.72405579117648,108,61.70701402205008,0.7115515
302,30468,-66.85966291170914,104,57.48550287462198,0.7105635
303,30569,-103.06420629444095,101,106.6014195019656,0.709604
304,30688,-73.08950127281209,119,55.013446373098034,0.7084735
305,30770,-102.68796354628545,82,72.25944091052544,0.7076945
306,30880,-82.30991759151291,110,70.8219707922502,0.7066494999999999
307,30961,-54.51000856467691,81,72.02271506815781,0.7058800000000001
308,31079,-29.699205231842598,118,87.6140140113184,0.704759
309,31184,-43.40038530253082,105,96.52293812660943,0.7037615
310,31288,-34.99470521419961,104,60.92169932963756,0.7027735
311,31386,-52.93610198248756,98,57.87745467983947,0.7018424999999999
312,31478,-100.65917083140859,92,55.8992538050465,0.7009685
313,31608,-134.66003066753655,130,74.8545306609227,0.6997335
314,31693,-31.87939868721756,85,56.16778265868916,0.698926
315,31796,-100.16975189758996,103,90.21207860604073,0.6979474999999999
316,31892,-79.59318089160396,96,84.6418907319506,0.6970354999999999
317,32026,-41.98512595216135,134,47.67856601636801,0.6957625000000001
318,32152,-109.8946680192127,126,115.2441861780863,0.6945655
319,32255,-24.046529395265992,103,98.5921558037545,0.693587
320,32344,11.234215624024742,89,83.30732648426228,0.6927415
321,32443,-65.5311936784,99,97.37813466606718,0.6918010000000001
322,32540,-76.39071679533481,97,56.49184111651686,0.6908795
323,32651,-22.790733616327728,111,56.624164074390855,0.689825
324,32777,-37.007697029198496,126,99.8717073684647,0.688628
325,32870,-24.32532190061808,93,127.66386624690026,0.6877445
326,32965,-54.46351675092866,95,77.66819081808391,0.686842
327,33094,-58.0488595134471,129,85.07400400601617,0.6856165000000001
328,33188,-119.88619489794296,94,59.809362625188015,0.6847235
329,33267,-70.20973754973963,79,54.70473177825348,0.6839729999999999
330,33352,-51.78277157668311,85,78.84801115849439,0.6831655000000001
331,33477,-53.141785224089276,125,68.77568394327163,0.681978
332,33570,1.4015797099692975,93,74.63269795205004,0.6810945
333,33677,-1.6829359806020392,107,53.45863880286707,0.680078
334,33792,-259.92795559396757,115,100.21010124838871,0.6789855
335,33908,-97.07407160960331,116,42.014994386968944,0.6778835000000001
336,34024,-45.3763208148344,116,93.89635328691581,0.6767815
337,34120,-45.499060413387,96,81.02473764245708,0.6758695
338,34199,-34.44219460110217,79,117.20001025667673,0.675119
339,34284,-56.05944574839758,85,111.6056011108791,0.6743115
340,34368,-100.85720765429055,84,88.6698872546355,0.6735135000000001
341,34479,-60.72596787499447,111,89.33925508271467,0.672459
342,34566,-35.71320706817232,87,96.06604683125155,0.6716325000000001
343,34677,-61.52350662254253,111,83.93132975187388,0.670578
344,34782,-77.28096851797842,105,113.59921985353742,0.6695805
345,34914,-80.53867781706627,132,136.14110856074277,0.6683265
346,34974,-89.37430441748097,60,41.328506312767665,0.6677565000000001
347,35079,-47.29045329023164,105,93.57744398457663,0.6667590000000001
348,35137,-92.56446011111753,58,82.49927612419786,0.666208
349,35209,-98.4803260207373,72,113.47050850424502,0.665524
350,35353,-101.9556005273327,144,90.03612261017163,0.664156
351,35438,-90.58805892498509,85,57.745679891810695,0.6633485
352,35546,-47.8016006644515,108,142.83658221915917,0.6623225
353,35656,-136.64259784115637,110,94.57854704098268,0.6612775
354,35727,-45.84952971725866,71,114.36394962794344,0.660603
355,35812,-56.829649002346514,85,50.52160812546225,0.6597955
356,35924,-79.47719284168885,112,104.58317754098347,0.6587315
357,35998,-65.0121005625918,74,71.00846606331902,0.6580285
358,36099,-26.397218442840938,101,86.29749417777109,0.657069
359,36198,26.543599596844004,99,116.40156966748864,0.6561285
360,36272,-68.67001452909145,74,144.63167442663297,0.6554255
361,36395,-13.529656127306367,123,80.60083746037832,0.6542570000000001
362,36511,-29.797862904743553,116,51.81867043006009,0.653155
363,36641,-92.14486754303822,130,70.32733349066514,0.65192
364,36737,-85.21700055247304,96,101.73741541678707,0.651008
365,36843,-99.5971041032085,106,133.27695288410726,0.650001
366,36913,-46.356351907582024,70,114.87248828070504,0.649336
367,36997,-56.77819162239105,84,95.59344240029652,0.6485380000000001
368,37072,-97.9054130650824,75,52.65669513225556,0.6478255
369,37143,-109.49431836277586,71,61.602938408582986,0.647151
370,37225,-103.922241261711,82,53.000650575975094,0.646372
371,37321,-95.85945722883345,96,100.05867067724466,0.64546
372,37434,-62.836821851206885,113,78.76561961553793,0.6443865
373,37560,-102.36578919400317,126,114.42261816584875,0.6431895000000001
374,37619,-50.108318707119736,59,135.89348763934638,0.642629
375,37710,-67.32805208867731,91,104.07711924432398,0.6417645000000001
376,37801,-79.52183707488328,91,87.07320471517332,0.6409
377,37901,-50.46770135548418,100,66.32032766342164,0.63995
378,37982,-91.95947720993041,81,104.38999373530164,0.6391805
379,38079,-60.83495333447887,97,125.6763766586166,0.638259
380,38149,-40.729984937508775,70,85.11831962040492,0.637594
381,38255,-88.14110491335735,106,98.3501459596292,0.636587
382,38332,-82.44602121558974,77,84.92137317843252,0.6358555
383,38416,-32.42239588357377,84,111.89843976213818,0.6350575
384,38502,-42.85726468796543,86,144.0740607283836,0.6342405
385,38636,-34.70411403496577,134,141.88330072831752,0.6329675
386,38766,-85.21989567022646,130,87.20244309627093,0.6317325
387,38848,-43.58192043826333,82,49.91223143658987,0.6309535000000001
388,38970,-47.100168086089646,122,75.4690563541944,0.6297945
389,39059,-71.56205637632681,89,53.37718988670392,0.628949
390,39190,-148.4588925327172,131,133.02678328980016,0.6277045
391,39301,18.3480862042543,111,106.77917475958128,0.6266499999999999
392,39411,-80.4104323382461,110,73.20139497897841,0.625605
393,39486,-32.655479469382726,75,116.40365173339843,0.6248925000000001
394,39567,-65.00543874526663,81,119.44219089731757,0.624123
395,39668,-64.73738911983314,101,107.59092829251054,0.6231635
396,39782,-13.147862983408757,114,158.08857835280267,0.6220805
397,39896,-87.57447550023525,114,121.69763434769814,0.6209975
398,40024,-13.998783239818465,128,42.41181102395058,0.6197815
399,40143,-39.80322335280523,119,85.93264653602569,0.6186510000000001
400,40204,-66.66533275569222,61,48.23970289113092,0.6180715
401,40281,-37.7384916287712,77,122.70746681442509,0.61734
402,40391,-34.25945706468406,110,92.91180351864207,0.616295
403,40476,-72.07782737695058,85,105.36090686882244,0.6154875
404,40575,-38.21806296460528,99,77.61981579872092,0.614547
405,40702,-55.83343234493183,127,91.1304514952532,0.6133405000000001
406,40828,-60.352143244932705,126,116.78871507304055,0.6121435
407,40913,-43.74579686258483,85,127.33541363407583,0.6113360000000001
408,41003,-38.372608964165764,90,98.2511421336068,0.610481
409,41080,-36.88487108716049,77,71.24614715576172,0.6097495
410,41711,-310.82346300912917,631,115.99904342083092,0.603755
411,41797,-44.17996916504498,86,88.39257274533428,0.602938
412,41883,-49.60929337340497,86,71.78262601203697,0.602121
413,41990,-63.98751404721077,107,110.22296720353242,0.6011045
414,42086,-34.41841938693905,96,104.30123186856508,0.6001925
415,42168,-90.70602037498641,82,90.94640720762858,0.5994135
416,42258,13.920588643126749,90,131.29774196412828,0.5985585
417,42330,-30.164649817075016,72,128.58107897473707,0.5978745000000001
418,42421,-97.65296426443683,91,70.07898944550818,0.59701
419,42508,-59.68487742802072,87,105.86356601221809,0.5961835
420,42639,-65.3022733116201,131,71.89254663281768,0.5949390000000001
421,42752,-62.85819814910473,113,121.91584605558783,0.5938654999999999
422,42821,-44.6431522809856,69,143.18460912635362,0.59321
423,42927,-76.63702645703401,106,82.20297383924701,0.592203
424,43009,-77.5321955417877,82,86.32885183648365,0.591424
425,43089,-62.286833631693256,80,89.97741357535124,0.5906640000000001
426,43199,-63.44565685027119,110,139.03887834115463,0.5896190000000001
427,43283,-117.34948083068161,84,137.89755155642828,0.588821
428,43370,-63.57273969700719,87,134.28473923535182,0.5879945
429,43474,-55.627092515186305,104,94.96807112487463,0.5870065
430,43566,-76.06520829175923,92,138.11986286808616,0.5861325000000001
431,43647,-30.400637973717608,81,157.21912567409467,0.5853630000000001
432,43731,9.648218590817677,84,147.2499651312828,0.584565
433,43824,-97.96958019551592,93,163.12039576166418,0.5836815
434,43922,-86.33640124293105,98,132.43958892992563,0.5827505
435,44070,-69.68999325125543,148,109.92575711092434,0.5813444999999999
436,44162,-43.11716084327472,92,113.14590099842653,0.5804705
437,44246,-69.04766323379769,84,87.290678580602,0.5796725
438,44347,-84.99236104138595,101,32.913612700925015,0.578713
439,44442,-68.94510568802316,95,106.13039656061875,0.5778105
440,44562,-66.48167108157989,120,90.68978278040886,0.5766705000000001
441,44665,-47.379383772326776,103,55.98104454475699,0.5756920000000001
442,44756,-88.12625334450834,91,109.36292350947203,0.5748275
443,44827,-39.63806224332596,71,83.05788172130853,0.574153
444,44933,-85.23788012545953,106,61.32408860044659,0.573146
445,45047,-24.9489125121424,114,105.703196064422,0.572063
446,45145,-68.05366035086735,98,80.71043740000043,0.571132
447,45300,-138.71841334235313,155,108.57690670720993,0.5696595
448,45374,-63.70770785486519,74,115.89321551290718,0.5689565
449,45484,-5.159417552761781,110,132.69568493582986,0.5679115
450,45586,-48.357834871165394,102,94.79280399107465,0.5669425
451,45709,20.83451881599524,123,180.15293059988718,0.565774
452,45812,-38.034788484197264,103,91.96134426987287,0.5647955
453,45953,-101.53721606641437,141,144.4946493392295,0.563456
454,46043,-73.74713265092677,90,167.14736039638518,0.562601
455,46167,-51.82005735108972,124,141.04621683301465,0.561423
456,46244,-56.55341072963084,77,70.50360945292881,0.5606915
457,46326,-105.65828644033117,82,152.27830973630998,0.5599125
458,46404,-97.20433027815487,78,166.5681100426576,0.5591715
459,46531,-20.038840426627345,127,76.0460938402987,0.557965
460,46619,-72.9502507654475,88,79.57907296446237,0.557129
461,46741,-62.168214636486475,122,83.76130530091582,0.5559700000000001
462,46828,-52.42780472600276,87,79.35333910070617,0.5551435
463,46956,-76.02156201548522,128,159.74797257501632,0.5539275
464,47101,-83.82072728376488,145,130.13804485880095,0.5525500000000001
465,47206,-50.70613334931852,105,114.38576242583139,0.5515525
466,47338,-60.90830018983893,132,150.4319285632986,0.5502985
467,47454,-68.28375825107909,116,178.90414027612786,0.5491965000000001
468,47585,-37.52494681359428,131,132.15638194557366,0.547952
469,47656,-62.77797797672032,71,144.77422396397927,0.5472775000000001
470,47809,-91.08410221370855,153,121.04117871733273,0.5458240000000001
471,47904,-48.84179752235957,95,112.0913128012105,0.5449215000000001
472,47990,-26.868774363116785,86,96.76481086154317,0.5441045
473,48113,-33.466927720276345,123,191.3085457716531,0.5429360000000001
474,48250,-52.178023810110375,137,104.1411359884443,0.5416345
475,48315,-70.43160487479392,65,107.38313864744626,0.5410170000000001
476,48400,-56.78513820400984,85,94.3027990397285,0.5402095
477,48521,-13.491402086291757,121,100.25895622643557,0.53906
478,48615,-34.47630528926919,94,89.45260842303013,0.5381670000000001
479,48720,-36.07151978605573,105,146.82760807219006,0.5371695000000001
480,49066,-83.97936048797928,346,99.28694007231321,0.5338825
481,49140,-68.7191202055282,74,109.90297842992318,0.5331795
482,49239,10.042074639294185,99,107.32486497633386,0.532239
483,49352,-30.121341831445847,113,79.92774187041594,0.5311655
484,49428,-51.43480922147183,76,50.75050295183533,0.5304435000000001
485,49562,-59.9496452212277,134,141.37145022580873,0.5291705
486,49629,-49.40933046276344,67,60.61935576574126,0.5285340000000001
487,49749,-32.9213055076557,120,95.64636164506277,0.527394
488,49849,-30.609933179362542,100,87.82288033246994,0.526444
489,49982,-72.62229864922884,133,166.58553063152428,0.5251805
490,50081,-35.8657372923966,99,29.755771769417656,0.52424
491,50180,-41.62050450048375,99,120.26883652475145,0.5232995
492,50273,12.050716840003105,93,118.34168226872721,0.5224160000000001
493,50405,-33.58755809131992,132,144.37783446185517,0.5211619999999999
494,50510,-58.590253308493814,105,79.92453840233031,0.5201644999999999
495,50618,-64.72937320107289,108,124.00263351202011,0.5191385
496,50730,-45.9571722832009,112,84.79431251010725,0.5180745
497,50839,-100.0047278106514,109,102.37044813217373,0.517039
498,50940,-64.60033693327885,101,99.20672181691273,0.5160795
499,51049,-94.10565326900046,109,94.44665522094166,0.5150440000000001
500,51134,-88.8020592222058,85,103.81566452138564,0.5142365000000001
501,51247,4.734525825604848,113,64.91017238545207,0.513163
502,51356,-11.649779519666126,109,136.6287999098454,0.5121275000000001
503,51456,-43.3555995426419,100,90.68664348602294,0.5111775000000001
504,51592,-6.732746950594191,136,133.6279508900993,0.5098855
505,51721,16.054485777734385,129,70.40033111646194,0.5086600000000001
506,51826,-79.32186286792447,105,143.0202433256876,0.5076625
507,51917,-22.154892265465634,91,48.40716191700527,0.5067980000000001
508,52044,4.408560751765123,127,66.78185217399297,0.5055915000000001
509,52159,31.409023996977794,115,122.26652739255324,0.504499
510,52251,-46.48523218831863,92,112.79505420508592,0.503625
511,52324,-16.191631155217237,73,146.23850392642086,0.5029315000000001
512,52407,-86.00379476889545,83,165.77524976270743,0.502143
513,52530,-7.0259853374008685,123,134.67999676766433,0.5009745
514,52636,-49.48701688228848,106,63.9604579468943,0.4999675
515,52714,-37.400872035103205,78,135.86583985732153,0.4992265
516,52799,-52.84664315924337,85,120.81427053142997,0.49841900000000006
517,52867,-57.037966926856505,68,192.79100064845647,0.497773
518,52931,-30.381241452623968,64,109.52231188863516,0.4971650000000001
519,53068,-67.19689153180114,137,144.427757939283,0.4958635
520,53183,-26.02466404381488,115,169.83355168674302,0.49477100000000007
521,53276,-11.295539888900223,93,147.46899388554274,0.49388750000000003
522,53395,23.27767306712346,119,113.21478236923699,0.492757
523,53506,-1.5537938412044667,111,67.73254322576094,0.49170250000000004
524,53610,-31.643865143608522,104,111.40942991811495,0.49071450000000005
525,53699,-13.065132622796042,89,116.93712567479423,0.489869
526,53840,-55.18457001944679,141,145.72508471739206,0.48852949999999995
527,53925,-30.82495817056504,85,114.52686407846564,0.487722
528,54044,-24.621011393658648,119,95.22787258304467,0.48659150000000007
529,54147,-30.09481407586304,103,99.70809903191132,0.48561299999999996
530,54272,29.163454839052008,125,46.52862481307984,0.48442549999999995
531,54392,-45.529156007228444,120,129.26101739505927,0.48328550000000003
532,54459,-13.34907621365771,67,143.17321155854125,0.4826490000000001
533,54677,-162.68698329786776,218,87.61324639932825,0.48057799999999995
534,54800,-225.79350733192095,123,164.42647410117513,0.47940950000000004
535,54905,-44.72139174059488,105,133.91488310268946,0.47841200000000006
536,55021,-50.06149253401296,116,82.94096653831416,0.47731
537,55103,-61.331601868913616,82,52.50312356251042,0.47653100000000004
538,55182,24.505963550304955,79,225.56425604035582,0.47578050000000005
539,55260,13.41936577969004,78,165.74590247410995,0.47503949999999995
540,55369,-85.76372948015684,109,98.83315440602259,0.4740040000000001
541,55438,-17.239324767983817,69,115.96145498925361,0.47334849999999995
542,55518,-31.755037569624847,80,77.05784431099892,0.47258849999999997
543,55592,-65.27068133675184,74,57.061631540994384,0.47188549999999996
544,56592,-14.778149047441335,1000,94.73164878332615,0.4623855
545,56665,-30.211526813220118,73,178.62745213998508,0.461692
546,56806,-24.20501001802613,141,109.2161894563242,0.46035249999999994
547,56896,-17.617789433946967,90,143.55945323175854,0.4594975000000001
548,57896,3.3486608998289764,1000,103.04705106949807,0.44999750000000005
549,58033,16.30714713911368,137,104.82444042707012,0.4486960000000001
550,58105,-2.616225984114493,72,121.09757294588618,0.4480120000000001
551,58272,11.927890415016535,167,106.62726369589389,0.44642550000000003
552,58387,-69.81352874145513,115,129.17307895784793,0.445333
553,58471,-9.520617307493723,84,56.310039982909245,0.444535
554,58548,-35.82491592621889,77,92.56180841582162,0.4438035
555,58683,30.737661972777744,135,132.91827196191858,0.44252100000000005
556,58801,-57.01155075951586,118,123.1972625619274,0.4414
557,58902,3.0482381540541468,101,110.04649149545348,0.4404405
558,58993,-54.887406456656926,91,27.65333199763036,0.4395760000000001
559,59085,5.076655183088462,92,112.30817390783973,0.43870200000000004
560,59205,-43.5409372226175,120,111.4470826804638,0.437562
561,59315,-53.87295919996396,110,118.70629758943211,0.43651700000000004
562,59431,-16.814134214785412,116,79.92332137658678,0.435415
563,59545,8.381318634875996,114,225.83434638851568,0.43433200000000005
564,59665,-0.2076772631405106,120,83.75102683703105,0.433192
565,59767,-46.38741992681889,102,69.83225408021141,0.432223
566,59885,7.943568217273906,118,153.1739904526937,0.431102
567,60885,77.96960434812927,1000,110.53011852693558,0.42160200000000003
568,61000,26.61929163036004,115,65.44151939412822,0.4205095
569,61080,-27.16699008075659,80,139.64892061054707,0.4197495
570,61250,-9.219795199118153,170,89.32469945935642,0.4181345000000001
571,61378,-42.7620387450512,128,152.50361574813724,0.41691849999999997
572,61492,2.985334170112594,114,103.97691383905578,0.4158355
573,61564,-72.52013822155054,72,67.33740639355447,0.4151515
574,61703,55.85273097619583,139,159.19969322012483,0.41383100000000006
575,61836,-99.57024594359326,133,105.78436233585042,0.4125675000000001
576,61936,6.048167624460106,100,46.91271455526352,0.4116175000000001
577,62936,24.992259255205077,1000,86.61066132223606,0.4021175
578,63027,20.145954605009365,91,65.02798949755154,0.40125299999999997
579,63932,-151.1035401164912,905,107.57306866197955,0.39265549999999994
580,64061,57.3927227763088,129,150.79341536714125,0.39143000000000006
581,64165,-7.680488174692925,104,86.2847414475221,0.39044200000000007
582,64253,-65.05144149266508,88,119.54833495075053,0.389606
583,64355,-73.71953141449852,102,209.83843737490037,0.388637
584,64855,-93.15167865560386,500,89.53403470015526,0.383887
585,65003,34.63239857380461,148,131.28320003361316,0.38248099999999996
586,66003,1.2873733011054895,1000,86.96127609241009,0.372981
587,67003,-35.34848383489944,1000,103.75055262792111,0.36348100000000005
588,67122,-28.403842691126997,119,139.27856972037245,0.3623505
589,67788,-181.09081801003452,666,97.91535301054562,0.35602350000000005
590,67909,-25.818365494894493,121,67.16840311515429,0.354874
591,68909,-0.8022710147038674,1000,73.61883025360108,0.34537399999999996
592,68998,-64.12146007451983,89,45.34560414646449,0.3445285
593,69114,-1.2274123737563656,116,46.39000379422615,0.34342649999999997
594,70114,-42.25726122716291,1000,80.426124153018,0.3339265
595,70225,12.35965445686412,111,124.79571850235398,0.33287200000000006
596,71225,-15.698667567794038,1000,88.65503450357915,0.323372
597,71315,-25.304865788583385,90,62.46950518820021,0.32251700000000005
598,71411,-19.098687468353376,96,169.87991165121397,0.32160500000000003
599,71651,-51.11718245417748,240,59.11526398758094,0.31932499999999997
600,71744,27.63152299125845,93,130.79076707234947,0.31844150000000004
601,72473,-187.23968689160517,729,71.24094173692382,0.311516
602,72583,42.79774368479315,110,134.03945716294376,0.31047100000000005
603,72686,12.929526653505064,103,31.82458530814902,0.30949250000000006
604,72781,-4.0106940566116975,95,80.67032766342163,0.30859000000000003
605,73781,-13.267783461162125,1000,89.23879820168018,0.29908999999999997
606,74781,34.48926466448143,1000,99.15308218061924,0.28959
607,75004,-140.7261694704478,223,79.70050791453887,0.2874715000000001
608,75127,16.43450389813519,123,108.48047945460652,0.286303
609,75260,-6.5947137755507015,133,53.76848822070244,0.2850395
610,76260,1.6518350135720286,1000,89.73907769060135,0.27553950000000005
611,77260,-44.79562822404874,1000,63.294115743756294,0.2660395
612,78260,-17.984745000785516,1000,73.82098212993145,0.25653950000000003
613,79260,-42.850549217335974,1000,79.59082713401318,0.24703949999999997
614,80260,33.60349751860851,1000,100.74487786114216,0.23753950000000001
615,81260,-6.82594234423361,1000,100.28039654040336,0.22803949999999995
616,82260,32.58664208602536,1000,91.02673680996895,0.2185395
617,83260,-7.251945604434885,1000,95.74742322027683,0.20903949999999993
618,84260,58.16454252470902,1000,63.95476394045353,0.1995395000000001
619,85260,36.25001104585817,1000,69.51319508874417,0.19003950000000003
620,86260,100.567061270126,1000,101.36430450177193,0.18053950000000007
621,87260,99.3076270010236,1000,68.69182519447803,0.1710395
622,88204,183.2954885619883,944,66.15537494231583,0.16207150000000003
623,89204,22.6594601816373,1000,83.30200276589393,0.15257150000000008
624,89821,179.42367552409934,617,58.53377297921544,0.14671
625,90821,16.14772934300246,1000,80.54927574336529,0.13721000000000005
626,91821,53.62527298648624,1000,63.752469724416734,0.12771
627,92557,191.25153894194682,736,94.50714422972953,0.12071799999999999
628,93557,115.43400402237664,1000,94.41015869045258,0.11121800000000004
629,93990,210.17845757315348,433,73.02822110008698,0.10710450000000005
630,94721,145.84136444890865,731,80.18317539029833,0.10016000000000003
631,95304,214.98865101448717,583,75.32914769976666,0.09462150000000003
632,95788,198.9770298512899,484,100.58841284592289,0.09002350000000003
633,96429,141.86621812626467,641,81.55464731363722,0.08393400000000006
634,96889,244.92161060947979,460,86.48466297128927,0.07956400000000008
635,97530,225.02403694566425,641,105.64860043733987,0.0734745
636,97988,250.37525627422568,458,76.9451975083247,0.0691235
637,98536,231.50878182504488,548,59.30320450032715,0.06391750000000007
638,99064,179.63553647886118,528,108.00547496455185,0.05890150000000005
639,99875,179.26393678786272,811,64.56572360645534,0.05119700000000005
640,100875,30.12150477832125,1000,75.48076608777046,0.050000000000000044
641,101862,148.2928503477769,987,84.34919913658135,0.050000000000000044
642,102339,217.37286472790245,477,76.4258595392639,0.050000000000000044
643,103159,134.4830412313304,820,72.72075814604759,0.050000000000000044
644,104159,-45.39202204011866,1000,73.71233337450028,0.050000000000000044
645,105159,1.290090470424744,1000,39.65304012608528,0.050000000000000044
646,106092,194.01500532640517,933,69.71911966404603,0.050000000000000044
647,106589,246.0072724440337,497,67.15941065969602,0.050000000000000044
648,107117,218.49535986145625,528,83.3991988357721,0.050000000000000044
649,107788,192.8844776984185,671,49.411264395927,0.050000000000000044
650,108236,225.436981390105,448,79.69261516364557,0.050000000000000044
651,109236,52.90862385197944,1000,40.490422934412955,0.050000000000000044
652,110211,143.8261461757296,975,36.14039622661395,0.050000000000000044
653,110729,198.03357357916036,518,57.6347842000166,0.050000000000000044
654,111364,192.75105398560567,635,45.865309462021656,0.050000000000000044
655,112364,-59.309403911383164,1000,39.40882379221916,0.050000000000000044
656,113364,-22.8182344392441,1000,51.96361160123348,0.050000000000000044
657,114203,177.63268784856214,839,43.801999093380815,0.050000000000000044
658,115054,188.7901691396855,851,44.450006809554004,0.050000000000000044
659,115651,190.97880958410056,597,56.965410924636736,0.050000000000000044
660,116651,-54.41246469080106,1000,46.842104836463925,0.050000000000000044
661,117651,-38.023858918020885,1000,55.4711929461956,0.050000000000000044
662,118047,240.01121788340112,396,71.14220929687673,0.050000000000000044
663,118599,179.23006884057986,552,61.08979323981465,0.050000000000000044
664,119175,253.7449851483584,576,31.862267366300028,0.050000000000000044
665,119624,242.43449201484236,449,27.80767537251878,0.050000000000000044
666,120190,166.86316408803623,566,24.497435717405786,0.050000000000000044
667,120578,212.16492066350338,388,28.83316811120387,0.050000000000000044
668,121204,218.02368448599725,626,24.536465839265635,0.050000000000000044
669,121800,179.49388593428694,596,25.229582836563957,0.050000000000000044
670,122602,-132.2792991213187,802,26.76334709910086,0.050000000000000044
671,123407,109.68325917166209,805,31.629451874324253,0.050000000000000044
672,124338,173.20472679105876,931,33.511892651896986,0.050000000000000044
673,125338,-13.606372414020184,1000,32.52250405621528,0.050000000000000044
674,126338,-37.831412968180395,1000,31.645894978761675,0.050000000000000044
675,127338,-97.57974730234153,1000,25.31656157040596,0.050000000000000044
676,128338,-49.99152146421437,1000,31.88800670027733,0.050000000000000044
677,128943,172.07190971487483,605,27.426055513334667,0.050000000000000044
678,129465,174.19511819261294,522,31.318686976743383,0.050000000000000044
679,130073,253.81672340088937,608,32.41442939933194,0.050000000000000044
680,130745,165.43302144077325,672,24.104965749063663,0.050000000000000044
681,130960,-164.85074878656317,215,25.726546193278114,0.050000000000000044
682,131296,244.7435203093193,336,35.79388704186394,0.050000000000000044
683,132165,175.03624589517284,869,39.978704400386306,0.050000000000000044
684,133008,160.15202785733476,843,30.164996305253016,0.050000000000000044
685,133725,203.74774922477513,717,26.65190033799601,0.050000000000000044
686,134217,219.98176041612336,492,26.947084517013735,0.050000000000000044
687,135217,102.49525782419062,1000,31.57958703863621,0.050000000000000044
688,136143,177.1787326411566,926,26.639582681089447,0.050000000000000044
689,136828,225.95210827770507,685,26.358266493525818,0.050000000000000044
690,137351,194.12268645536824,523,25.292199721071963,0.050000000000000044
691,137647,-220.65241580189263,296,20.78830902157603,0.050000000000000044
692,138262,236.4030628477695,615,20.768221912926776,0.050000000000000044
693,138678,223.7831150421411,416,24.448585810569618,0.050000000000000044
694,139157,209.88974181601594,479,26.93619205309603,0.050000000000000044
695,139546,-247.4599198169916,389,30.772839143221052,0.050000000000000044
696,139859,223.9973341278596,313,35.09696774970228,0.050000000000000044
697,140456,184.23564480767033,597,25.46784742673238,0.050000000000000044
698,140830,212.57916852530388,374,27.963129771743866,0.050000000000000044
699,141540,262.3848669555847,710,26.474598671852704,0.050000000000000044
700,142119,219.15188891830635,579,26.136097520744244,0.050000000000000044
701,142760,218.97962652404004,641,20.004453305614163,0.050000000000000044
702,143170,213.44876360794797,410,20.622108844431434,0.050000000000000044
703,143798,258.1446061993297,628,28.076619037397347,0.050000000000000044
704,144070,225.6877681525212,272,27.128429260104895,0.050000000000000044
705,144353,255.8048317589701,283,26.770959392032015,0.050000000000000044
706,144627,244.64793949572572,274,20.207434756042314,0.050000000000000044
707,145137,212.00593031169583,510,24.548019097482456,0.050000000000000044
708,145577,216.61898158533825,440,24.59942719841545,0.050000000000000044
709,145982,264.04773738030036,405,23.649910074987528,0.050000000000000044
710,146295,225.1952891699613,313,22.58275728351392,0.050000000000000044
711,146734,220.85400410573305,439,23.267099736763296,0.050000000000000044
712,147278,247.84559971855631,544,23.38813686053104,0.050000000000000044
713,147795,254.5993366991844,517,18.885950393556858,0.050000000000000044
714,148118,-196.47593262444707,323,18.09595531815715,0.050000000000000044
715,148431,260.69485876175816,313,24.40272994201404,0.050000000000000044
716,148773,232.2752846141507,342,23.496078535652998,0.050000000000000044
717,149023,272.76366313448466,250,22.908099851608277,0.050000000000000044
718,149443,-169.9395097711828,420,25.00781722835132,0.050000000000000044
719,150443,57.88205010118136,1000,24.05313928925991,0.050000000000000044
720,150764,230.52681341914302,321,23.17168122864215,0.050000000000000044
721,151041,228.7367209180538,277,23.12890057572389,0.050000000000000044
722,151495,259.2661652526875,454,23.576269280542885,0.050000000000000044
723,151838,266.621206382635,343,21.505810753249566,0.050000000000000044
724,152074,247.81950206019255,236,24.280903160066927,0.050000000000000044
725,152377,196.72368867674032,303,18.002442260189813,0.050000000000000044
726,152680,222.6936632465396,303,18.485113616823757,0.050000000000000044
727,153024,246.6068173216179,344,28.902728655310565,0.050000000000000044
728,153381,246.8722331885765,357,20.882933636673357,0.050000000000000044
729,153759,-8.28720644137924,378,21.837665013850682,0.050000000000000044
730,153908,-148.9945013648541,149,29.775012558738656,0.050000000000000044
731,154060,-126.25953422274799,152,14.108220718801022,0.050000000000000044
732,154303,239.74359636757055,243,18.599118012704967,0.050000000000000044
733,154539,243.8610359253879,236,21.06694774304406,0.050000000000000044
734,154832,-233.83851928427066,293,16.02213151930949,0.050000000000000044
735,155190,220.25527025493793,358,21.294009969554136,0.050000000000000044
736,155581,235.1132325261104,391,20.961879920166776,0.050000000000000044
737,156410,206.16878668945932,829,20.987681227440714,0.050000000000000044
738,156575,-124.01117502879426,165,15.339450719862274,0.050000000000000044
739,157011,225.89012289286,436,15.433996678082222,0.050000000000000044
740,157546,131.0213678898685,535,19.622364519689686,0.050000000000000044
741,157854,183.68971758867542,308,20.469837429461542,0.050000000000000044
742,158180,206.7308896519191,326,16.836547226810747,0.050000000000000044
743,158695,201.0701395467094,515,22.258372581352308,0.050000000000000044
744,159695,-67.67183615641164,1000,15.511719679236412,0.050000000000000044
745,160600,126.69860097421909,905,17.602427425239625,0.050000000000000044
746,160908,245.8447370552992,308,14.428364689667504,0.050000000000000044
747,161231,-100.86944836505775,323,16.035084616104516,0.050000000000000044
748,161476,-23.822076017109538,245,18.807248959006095,0.050000000000000044
749,161739,231.680107707526,263,12.215628579768845,0.050000000000000044
750,162739,-37.04513256971874,1000,14.392980309188365,0.050000000000000044
751,163204,210.86072014623468,465,16.20210509556596,0.050000000000000044
752,163586,231.0991326225729,382,18.03912127876157,0.050000000000000044
753,164560,60.593683565219,974,13.55733296991129,0.050000000000000044
754,164951,244.362980815689,391,15.75096320313261,0.050000000000000044
755,165700,128.64451336329805,749,13.221698305197807,0.050000000000000044
756,166080,199.19825840446438,380,14.437756034418156,0.050000000000000044
757,167080,-36.91225138558222,1000,16.76352529859543,0.050000000000000044
758,168080,-68.17879914563036,1000,16.577029196500778,0.050000000000000044
759,168633,215.56762103474762,553,11.367689551539705,0.050000000000000044
760,169274,246.19724465984643,641,16.217529256146708,0.050000000000000044
761,170274,127.4277928181583,1000,15.487043192625046,0.050000000000000044
762,170870,227.48801974416733,596,8.967816384496706,0.050000000000000044
763,171238,-59.26998442481492,368,9.77760265621802,0.050000000000000044
764,172238,-62.04208870596656,1000,10.934135875314475,0.050000000000000044
765,172787,219.81938530694129,549,12.618495420951444,0.050000000000000044
766,173787,-38.0394255351412,1000,11.852733088314533,0.050000000000000044
767,174141,242.4324070310313,354,10.133375443560256,0.050000000000000044
768,174437,-63.128841001064195,296,10.937304038957164,0.050000000000000044
769,175437,-49.00184305628353,1000,12.187698243290185,0.050000000000000044
770,176437,-56.79111240922785,1000,13.469563038229943,0.050000000000000044
771,177315,170.2653024394969,878,11.066418965306804,0.050000000000000044
772,177760,191.75119047062367,445,13.3131921729345,0.050000000000000044
773,178586,128.63327166501082,826,10.235008205650216,0.050000000000000044
774,179073,227.07043287158956,487,9.666069703119247,0.050000000000000044
775,180073,-16.98847385873298,1000,10.14499176377058,0.050000000000000044
776,180560,250.71686346676358,487,9.84791840475198,0.050000000000000044
777,181005,216.45664067797208,445,13.837444774488384,0.050000000000000044
778,182005,-44.45007721425582,1000,13.799888245522975,0.050000000000000044
779,182732,228.86121905749448,727,15.639821887139277,0.050000000000000044
780,183558,135.916619524894,826,12.332243866983973,0.050000000000000044
781,184188,266.6461498802138,630,15.995843516030009,0.050000000000000044
782,184530,8.466940595979707,342,17.333995884360625,0.050000000000000044
783,185286,189.46850976634772,756,12.129231297386387,0.050000000000000044
784,185569,299.3383314481083,283,14.096496933445914,0.050000000000000044
785,186425,103.93150463560103,856,12.074594091693653,0.050000000000000044
786,187063,175.19398412692004,638,14.16144030095081,0.050000000000000044
787,187583,214.05454926928343,520,13.240423312897866,0.050000000000000044
788,187993,216.64876224666392,410,12.259304337312535,0.050000000000000044
789,188579,190.06963234558955,586,14.589543981560261,0.050000000000000044
790,189271,189.94937256274966,692,15.117683042292995,0.050000000000000044
791,190271,25.91184005199437,1000,10.55488704764843,0.050000000000000044
792,190537,254.7536280571335,266,7.166314537699957,0.050000000000000044
793,190965,302.4246297682892,428,15.43591103674931,0.050000000000000044
794,191517,240.13908706363122,552,15.49110171922307,0.050000000000000044
795,192079,233.79981884145988,562,11.49643193429263,0.050000000000000044
796,192676,241.13651831303434,597,12.441600227525685,0.050000000000000044
797,192974,298.7336738402425,298,13.434566660515413,0.050000000000000044
798,193520,252.56305076231115,546,14.244842291260378,0.050000000000000044
799,194023,265.110589427572,503,12.761868137962539,0.050000000000000044
800,195023,-49.94018326695491,1000,13.52319465509057,0.050000000000000044
801,195345,295.41418848473654,322,17.952083163750096,0.050000000000000044
802,195729,283.6662451524087,384,18.09286286922482,0.050000000000000044
803,195980,288.0122046488045,251,12.498014488661907,0.050000000000000044
804,196842,236.81889492576042,862,17.825620047143055,0.050000000000000044
805,197017,-1.8711203216394239,175,10.768912987879345,0.050000000000000044
806,197465,278.22644433886535,448,22.544638492433087,0.050000000000000044
807,197713,259.90976567329903,248,16.776513608232623,0.050000000000000044
808,197832,-9.765072885225337,119,8.020865725869893,0.050000000000000044
809,198013,47.29276582452786,181,23.264847623544505,0.050000000000000044
810,198178,52.48796543352529,165,17.418294473489127,0.050000000000000044
811,198320,27.34272419872744,142,19.17126157900817,0.050000000000000044
812,198444,10.323806293760512,124,12.394046742348902,0.050000000000000044
813,198903,232.68589847061105,459,13.147602843757808,0.050000000000000044
814,199301,214.99499599339757,398,19.739443513316726,0.050000000000000044
815,199640,250.04626902437064,339,16.01040330995149,0.050000000000000044
816,199888,289.1118737391829,248,13.969843594657798,0.050000000000000044
817,200181,303.6475324240322,293,24.284691775109582,0.050000000000000044
818,200906,242.8980851615782,725,18.697201345789022,0.050000000000000044
819,201576,221.7105284178808,670,17.90039988351402,0.050000000000000044
820,202487,279.3832317956392,911,23.595324481259848,0.050000000000000044
821,203109,193.88803310532148,622,14.912955805563467,0.050000000000000044
822,203565,231.02301933888717,456,16.57919174700714,0.050000000000000044
823,203928,248.82422052631662,363,18.162058080277166,0.050000000000000044
824,204292,294.6908488299972,364,16.378960484413657,0.050000000000000044
825,204533,232.3248629554076,241,14.459890898332556,0.050000000000000044
826,204699,41.20855019313353,166,17.26788752158004,0.050000000000000044
827,205054,268.7400995932402,355,17.028503643458997,0.050000000000000044
828,205274,242.33079821603084,220,22.332575022361496,0.050000000000000044
829,205656,271.80850360257546,382,21.94259881879647,0.050000000000000044
830,206210,212.35620886707926,554,14.984561252680066,0.050000000000000044
831,206469,69.05735426755211,259,13.937981037099389,0.050000000000000044
832,206800,-48.743308804408855,331,16.977670836169555,0.050000000000000044
833,207119,241.22740802331776,319,19.67538804750084,0.050000000000000044
834,207477,274.6669049426215,358,22.55465324689223,0.050000000000000044
835,207713,246.4114437449817,236,25.123790096302155,0.050000000000000044
836,208177,286.80440833337633,464,17.06042434294419,0.050000000000000044
837,208678,245.5477904091126,501,18.562059400740736,0.050000000000000044
838,208979,243.47566345989517,301,16.119543751014824,0.050000000000000044
839,209271,305.4705037893444,292,16.616567899205098,0.050000000000000044
840,209463,42.5113642457284,192,15.416942190689346,0.050000000000000044
841,209614,33.09107347564009,151,23.511420329477613,0.050000000000000044
842,209896,250.30401629153653,282,24.189191530465234,0.050000000000000044
843,210105,48.156974879200135,209,17.53024159920843,0.050000000000000044
844,210535,251.28724570950905,430,16.378133743446927,0.050000000000000044
845,211080,216.55196990216405,545,23.76115625347566,0.050000000000000044
846,212080,105.97005764896633,1000,17.66528880944848,0.050000000000000044
847,212451,257.73264546586176,371,13.363410431339412,0.050000000000000044
848,212810,306.10102225337283,359,22.799855600326506,0.050000000000000044
849,213200,226.12622216508484,390,18.20072839986055,0.050000000000000044
850,213352,31.777026227496435,152,17.50885916658138,0.050000000000000044
851,213646,209.9247495581427,294,21.82469801199274,0.050000000000000044
852,213872,27.596318968659034,226,16.185302535780764,0.050000000000000044
853,214236,296.01067385455383,364,39.15660117484711,0.050000000000000044
854,214578,253.51205996793345,342,23.53134299317996,0.050000000000000044
855,214742,3.4076108276853887,164,19.34220460965866,0.050000000000000044
856,214953,36.6248694713224,211,23.42504867614728,0.050000000000000044
857,215358,240.37459175221628,405,16.699082131444673,0.050000000000000044
858,215579,254.3308326507098,221,15.941803537073179,0.050000000000000044
859,215761,34.876421345929316,182,27.192643832701904,0.050000000000000044
860,215962,55.05570354553919,201,21.605601400285217,0.050000000000000044
861,216190,22.202205235810183,228,19.22406054157437,0.050000000000000044
862,216483,241.56627458092868,293,19.914911981125332,0.050000000000000044
863,216945,252.58399871308825,462,16.726454651136418,0.050000000000000044
864,217137,23.90401297488448,192,28.089834313529234,0.050000000000000044
865,217303,52.60571058458612,166,14.718278022954262,0.050000000000000044
866,217651,252.9566196227941,348,24.465718871988784,0.050000000000000044
867,217890,275.21343242149607,239,26.309662959815068,0.050000000000000044
868,218041,-10.90477240878937,151,19.73196293009038,0.050000000000000044
869,218187,38.324588751584685,146,24.74629802940643,0.050000000000000044
870,218517,263.43677525386886,330,34.52944992861965,0.050000000000000044
871,218764,239.62429478689424,247,13.116668571344754,0.050000000000000044
872,218915,35.688097591292376,151,50.50743796158311,0.050000000000000044
873,219111,42.107580829522135,196,35.54758586947407,0.050000000000000044
874,219245,26.141614215284662,134,34.7068615382287,0.050000000000000044
875,219441,292.4111062964405,196,33.70481960080108,0.050000000000000044
876,219720,241.7059876494013,279,35.663696805636086,0.050000000000000044
877,220072,300.02829430567823,352,24.846995447338983,0.050000000000000044
878,220233,43.62250329775728,161,15.194568911694592,0.050000000000000044
879,220523,239.31638925577033,290,30.685467082159274,0.050000000000000044
880,220676,50.36169063633676,153,22.981457432500676,0.050000000000000044
881,220940,292.5266655265568,264,29.714832784664452,0.050000000000000044
882,221345,232.3848050456158,405,38.72879213720192,0.050000000000000044
883,221555,37.97823729648934,210,28.040131934483846,0.050000000000000044
884,221821,267.50754390429097,266,31.43170102971389,0.050000000000000044
885,222149,276.9796048948458,328,22.86234415531522,0.050000000000000044
886,222381,270.4130072539485,232,16.482014022767544,0.050000000000000044
887,222728,-16.402890974787013,347,38.324525620820545,0.050000000000000044
888,222859,55.07496855541467,131,32.89528899543158,0.050000000000000044
889,222993,6.29226975335817,134,18.563577742496534,0.050000000000000044
890,223219,285.77028341969685,226,15.041735429020054,0.050000000000000044
891,223477,288.51583110436627,258,39.99350972485173,0.050000000000000044
892,223563,16.292555091184894,86,41.5943132600812,0.050000000000000044
893,223672,44.139125490004204,109,52.583410839695446,0.050000000000000044
894,223916,45.08992926359926,244,33.86876708574471,0.050000000000000044
895,224625,169.68457109818598,709,35.058972758533926,0.050000000000000044
896,224949,269.8871647988794,324,35.67932002319966,0.050000000000000044
897,225232,303.029294473134,283,17.240727520873605,0.050000000000000044
898,225458,277.7006822002267,226,37.986751192966395,0.050000000000000044
899,225553,-22.42706489891617,95,40.95000047181782,0.050000000000000044
900,225790,241.00193109767525,237,17.624169664543892,0.050000000000000044
901,226027,-117.27006831439253,237,21.699898235028304,0.050000000000000044
902,226161,58.84663762138078,134,33.59321860457534,0.050000000000000044
903,226496,240.39287099793415,335,28.69709572542959,0.050000000000000044
904,226690,280.3520571274304,194,16.533837315040767,0.050000000000000044
905,226926,24.474885398074505,236,22.861896883317474,0.050000000000000044
906,227087,16.9724129565234,161,24.5321883997932,0.050000000000000044
907,227198,52.08730707323954,111,31.15035362984683,0.050000000000000044
908,227393,246.9212948249135,195,17.995966875323884,0.050000000000000044
909,227478,50.060111653143224,85,23.979745179064132,0.050000000000000044
910,227584,15.075773893308167,106,24.93226254155051,0.050000000000000044
911,227753,41.23967545517047,169,35.46127743833869,0.050000000000000044
912,228176,263.0713418924659,423,20.987603293313484,0.050000000000000044
913,228537,221.38257627666815,361,42.987563711701995,0.050000000000000044
914,228685,34.126733856014994,148,21.016098466676635,0.050000000000000044
915,229052,250.90596399760986,367,56.72626844413924,0.050000000000000044
916,229274,288.4151774310541,222,35.38709737400751,0.050000000000000044
917,229481,257.3465839106856,207,33.32179750854842,0.050000000000000044
918,229672,254.41175197212078,191,33.202424486738224,0.050000000000000044
919,229922,294.5317916287467,250,54.35583626902103,0.050000000000000044
920,230006,28.866853991242436,84,64.40224532889468,0.050000000000000044
921,230147,49.13094584122115,141,26.33595795982273,0.050000000000000044
922,230210,1.2621774767808063,63,25.410996102151415,0.050000000000000044
923,230510,286.7707353412426,300,36.882517880598705,0.050000000000000044
924,230922,250.79707814002734,412,37.89126487662202,0.050000000000000044
925,231346,277.06557492049143,424,40.291803557285164,0.050000000000000044
926,231819,298.3787878343013,473,29.01585881931837,0.050000000000000044
927,231967,287.80363503415396,148,28.147499087493163,0.050000000000000044
928,232055,28.97116571366277,88,20.924891679801725,0.050000000000000044
929,232333,261.9664846044858,278,57.485767208629376,0.050000000000000044
930,232682,194.1739455260614,349,32.52848144067734,0.050000000000000044
931,232767,21.64183519658603,85,26.66679967501584,0.050000000000000044
932,232874,37.237686880489235,107,28.683418060017523,0.050000000000000044
933,232971,-117.69258063080834,97,31.10892192143755,0.050000000000000044
934,233175,268.45881768146825,204,38.536350951183074,0.050000000000000044
935,233396,238.73903869295984,221,53.235821696697855,0.050000000000000044
936,233520,47.46275621526519,124,14.79784578709833,0.050000000000000044
937,233757,285.1723266471822,237,32.61874097874899,0.050000000000000044
938,233866,-14.530658910653358,109,40.12272619572254,0.050000000000000044
939,234031,8.573201478216518,165,21.10404888752735,0.050000000000000044
940,234396,228.35709919233977,365,27.757283346538674,0.050000000000000044
941,234533,9.054142533754657,137,64.81936548030289,0.050000000000000044
942,234696,257.010866273478,163,64.13500647365682,0.050000000000000044
943,234904,299.0731777105692,208,30.783224729104685,0.050000000000000044
944,234993,11.305301820330016,89,35.01292679550942,0.050000000000000044
945,235186,267.46250484183065,193,41.93335781227122,0.050000000000000044
946,235308,24.066749390698988,122,34.3970328193219,0.050000000000000044
947,235665,270.81044395265786,357,51.17688595589136,0.050000000000000044
948,235771,-5.639553056845699,106,47.72578664264589,0.050000000000000044
949,235965,261.97383292713624,194,43.75912021576744,0.050000000000000044
950,236218,291.1188200833867,253,74.33036039045206,0.050000000000000044
951,236340,-14.731996410466351,122,35.7323311547764,0.050000000000000044
952,236476,12.906082108248171,136,64.15841966494918,0.050000000000000044
953,236771,261.5460670801733,295,46.4604437091593,0.050000000000000044
954,237204,274.44811382775623,433,45.516478257628016,0.050000000000000044
955,237357,50.602254195182496,153,76.51267667553005,0.050000000000000044
956,237431,9.71676604015606,74,43.23464925949638,0.050000000000000044
957,237537,42.22144004916444,106,19.56138493233132,0.050000000000000044
958,237769,292.3160348417015,232,52.146781639934616,0.050000000000000044
959,237956,275.44779778726434,187,42.61101832316521,0.050000000000000044
960,238189,286.40787744304464,233,42.56538770996961,0.050000000000000044
961,238284,-9.42948803145805,95,46.746387337383474,0.050000000000000044
962,238708,297.6184291941162,424,50.10244069824804,0.050000000000000044
963,238815,-16.11203623056609,107,23.062834331922442,0.050000000000000044
964,239047,247.21809040229243,232,45.41036823000117,0.050000000000000044
965,239250,254.43905160160767,203,44.21166328931677,0.050000000000000044
966,239573,294.14049633014594,323,36.28743839097835,0.050000000000000044
967,239843,283.592810478994,270,36.13757234557911,0.050000000000000044
968,240122,305.53831606032224,279,32.14587850404042,0.050000000000000044
969,240211,25.76520726340982,89,26.4022869919793,0.050000000000000044
970,240368,19.636130235397047,157,48.4297871832635,0.050000000000000044
971,240704,305.6741027472,336,20.553842236154846,0.050000000000000044
972,240904,265.1696949534469,200,35.337807621955875,0.050000000000000044
973,241107,280.36979875133795,203,58.44248456496911,0.050000000000000044
974,241405,304.2351618390563,298,32.76124738826848,0.050000000000000044
975,241524,-12.688318392531073,119,47.81472701760901,0.050000000000000044
976,241636,22.54971801554055,112,58.98337731270918,0.050000000000000044
977,241851,278.82716389799054,215,34.05417809791343,0.050000000000000044
978,241988,11.523664293225053,137,31.117942851390282,0.050000000000000044
979,242305,266.2257280192173,317,74.02613616459753,0.050000000000000044
980,242569,258.7173487706706,264,54.01510568888801,0.050000000000000044
981,242940,269.05083925269537,371,31.687614505342395,0.050000000000000044
982,243205,274.00946227218355,265,38.63391763061847,0.050000000000000044
983,243442,236.00925328413416,237,44.86613837312042,0.050000000000000044
984,243594,31.544260428147396,152,29.426993103207725,0.050000000000000044
985,243878,284.44957984005606,284,54.05814663110904,0.050000000000000044
986,243993,50.09964775486145,115,53.773891926330066,0.050000000000000044
987,244315,285.85159514905683,322,28.733447806898113,0.050000000000000044
988,244573,291.7370577042239,258,49.41278727964838,0.050000000000000044
989,244849,268.18098898235934,276,39.74513693898916,0.050000000000000044
990,245136,280.5366088490513,287,50.183309171673315,0.050000000000000044
991,245596,196.96792766263678,460,42.43470805902844,0.050000000000000044
992,245971,275.0930071283477,375,35.46128729200363,0.050000000000000044
993,246288,280.6080413273503,317,43.768419689372514,0.050000000000000044
994,246734,246.48306155038202,446,30.61767947059041,0.050000000000000044
995,246925,256.42132385039326,191,41.493127983434036,0.050000000000000044
996,247170,307.83837450947044,245,40.95171672786985,0.050000000000000044
997,247569,241.2266307674542,399,39.2664351212351,0.050000000000000044
998,248062,263.4782423736856,493,29.906539785813607,0.050000000000000044
999,248477,277.65021417873186,415,41.29457084830985,0.050000000000000044
1000,248756,284.27111553839455,279,36.28896743165976,0.050000000000000044
1001,249129,243.06257077447475,373,54.07345813353004,0.050000000000000044
1002,249321,304.0954393323527,192,39.1177445584132,0.050000000000000044
1003,249739,273.37791245116296,418,25.58698950244479,0.050000000000000044
1004,250101,240.45932509256335,362,53.2980114304723,0.050000000000000044
1005,250378,301.29251290466647,277,32.17345747270954,0.050000000000000044
1006,250703,310.80138601584287,325,36.22094911969625,0.050000000000000044
1007,250822,25.93050742057433,119,68.41694371114258,0.050000000000000044
1008,251079,270.90930555825696,257,39.143062805967105,0.050000000000000044
1009,251193,26.26061012754839,114,29.074081625070487,0.050000000000000044
1010,251499,296.9413721023418,306,38.92637029192806,0.050000000000000044
1011,252499,171.4807393808744,1000,31.098409799814224,0.050000000000000044
1012,253071,253.36125006307128,572,33.56985640015218,0.050000000000000044
1013,253347,303.48960006445907,276,32.166217994862706,0.050000000000000044
1014,253585,273.30389425277974,238,49.037445169912665,0.050000000000000044
1015,253981,266.981184808675,396,44.218896328048274,0.050000000000000044
1016,254157,-161.5640793777481,176,34.194231473756105,0.050000000000000044
1017,255157,61.951547095058494,1000,46.01865480300784,0.050000000000000044
1018,255314,31.285663603974115,157,48.28217970261908,0.050000000000000044
1019,255686,311.1231245377119,372,27.191967651808774,0.050000000000000044
1020,256014,281.99988915037,328,38.614505911291374,0.050000000000000044
1021,256547,255.63796715786597,533,46.4691761249561,0.050000000000000044
1022,256878,274.00151784394046,331,25.060717153495172,0.050000000000000044
1023,256964,-30.513046063911617,86,27.491329907331355,0.050000000000000044
1024,257262,269.8303660233824,298,37.473470371941595,0.050000000000000044
1025,257842,225.11042455719974,580,39.60033202459072,0.050000000000000044
1026,258139,241.79811938412493,297,36.48361929568779,0.050000000000000044
1027,258600,229.19240063511498,461,33.068385477761645,0.050000000000000044
1028,258990,271.19191902737293,390,43.84386960046414,0.050000000000000044
1029,259213,4.460558162823091,223,32.44993648641313,0.050000000000000044
1030,259491,-319.0617759702106,278,37.18360792346996,0.050000000000000044
1031,259664,215.94544260176548,173,23.7166882407114,0.050000000000000044
1032,259854,-14.31861627467768,190,31.376985771248215,0.050000000000000044
1033,260159,220.04179058955415,305,30.682406823361507,0.050000000000000044
1034,260373,279.037385415147,214,26.394132323493466,0.050000000000000044
1035,260715,266.361404996165,342,29.198753635960017,0.050000000000000044
1036,260926,263.24494429182073,211,35.30855641729459,0.050000000000000044
1037,261262,197.76102679704132,336,31.562428467862663,0.050000000000000044
1038,261688,254.27130312796496,426,29.08290874272445,0.050000000000000044
1039,262045,231.19361099766033,357,41.680078128806684,0.050000000000000044
1040,262403,229.23338260022425,358,39.21149651864388,0.050000000000000044
1041,262951,155.89338853634385,548,27.28262598464524,0.050000000000000044
1042,263347,288.4402056784255,396,31.193122129924973,0.050000000000000044
1043,263792,249.4344579979724,445,36.45583991415045,0.050000000000000044
1044,264044,219.73384008717426,252,56.16500084220417,0.050000000000000044
1045,264470,264.620494943435,426,49.27238199373646,0.050000000000000044
1046,264790,263.5544850721694,320,46.1238955152221,0.050000000000000044
1047,264897,-9.007766952685515,107,47.72684796697626,0.050000000000000044
1048,265151,215.1561448335454,254,59.53710015247187,0.050000000000000044
1049,265507,291.78925456723107,356,25.850645121312542,0.050000000000000044
1050,265883,253.1737974219072,376,22.647418562877686,0.050000000000000044
1051,266287,229.2056437387745,404,44.96051010113246,0.050000000000000044
1052,266518,258.00089646088026,231,38.517561748430325,0.050000000000000044
1053,266794,219.57825106201946,276,36.14581590480562,0.050000000000000044
1054,267273,247.8761867293003,479,35.59589161093897,0.050000000000000044
1055,267673,277.47167021196594,400,51.72336326017976,0.050000000000000044
1056,268064,274.2506200460764,391,27.30019347358238,0.050000000000000044
1057,268460,280.13775555956136,396,39.97133477942811,0.050000000000000044
1058,268921,261.90506525446125,461,52.39367054684043,0.050000000000000044
1059,269277,257.72576968987903,356,34.5860798514626,0.050000000000000044
1060,270277,38.23716268616095,1000,50.506204282611606,0.050000000000000044
1061,270546,262.28100435314644,269,47.38339507313909,0.050000000000000044
1062,270944,220.55774146193323,398,30.53616448158595,0.050000000000000044
1063,271744,188.03076696724574,800,34.74411298468709,0.050000000000000044
1064,272095,279.863096441794,351,39.91392900053932,0.050000000000000044
1065,272660,198.7876801791148,565,33.19880972235604,0.050000000000000044
1066,273070,240.0905078195211,410,30.50291652286925,0.050000000000000044
1067,273301,-41.857037449098065,231,40.054640880781854,0.050000000000000044
1068,273655,284.02342905784633,354,27.549620802119627,0.050000000000000044
1069,273945,282.9218734330744,290,48.846317526287045,0.050000000000000044
1070,274463,261.0166366001815,518,35.14397830237063,0.050000000000000044
1071,274895,220.5247945004801,432,31.509194252874565,0.050000000000000044
1072,275281,250.61694472723096,386,41.01933690094886,0.050000000000000044
1073,275554,-231.0111787546982,273,26.66779885241837,0.050000000000000044
1074,275783,271.1486211748996,229,38.13384785662572,0.050000000000000044
1075,276091,213.84618166346735,308,33.320094556293704,0.050000000000000044
1076,276310,270.2046255426294,219,30.953653380070648,0.050000000000000044
1077,277034,246.0722016930804,724,31.874459223523324,0.050000000000000044
1078,277260,276.8941426228805,226,29.826386140906706,0.050000000000000044
1079,277517,221.1989025926573,257,37.85529452585524,0.050000000000000044
1080,277929,217.54353504872802,412,44.37522326670226,0.050000000000000044
1081,278192,-63.586696983008025,263,27.08174144621131,0.050000000000000044
1082,279192,109.03751502025693,1000,34.105090276360514,0.050000000000000044
1083,279336,24.000236240162607,144,41.54587497914003,0.050000000000000044
1084,279605,285.2898527258144,269,42.76598466472998,0.050000000000000044
1085,279805,277.6207335855631,200,36.97461884468794,0.050000000000000044
1086,280052,280.95493246425127,247,33.42727584044943,0.050000000000000044
1087,280328,296.20586812743375,276,31.38059632015833,0.050000000000000044
1088,280629,276.9236843994921,301,48.45236456513009,0.050000000000000044
1089,280891,233.48665028319715,262,33.15524416399821,0.050000000000000044
1090,281186,272.3666903417828,295,31.511873421830646,0.050000000000000044
1091,281436,-83.31734225717435,250,36.6308588770628,0.050000000000000044
1092,281706,258.51443272666046,270,31.93267977480535,0.050000000000000044
1093,282173,256.67171534310637,467,40.619456304727834,0.050000000000000044
1094,282420,269.74419124170436,247,33.31232100761371,0.050000000000000044
1095,282836,245.42494753962438,416,36.293185311083036,0.050000000000000044
1096,283099,297.99304642006757,263,21.948453305338724,0.050000000000000044
1097,283759,228.99405573876834,660,32.22214207766634,0.050000000000000044
1098,284422,239.0208000378684,663,31.771117956345257,0.050000000000000044
1099,284914,237.90285344873573,492,35.646595348066434,0.050000000000000044
1100,285262,249.61283514032093,348,47.2651890255939,0.050000000000000044
1101,285515,288.6664875118097,253,48.52896492224437,0.050000000000000044
1102,285878,230.18005108279172,363,37.50816132821984,0.050000000000000044
1103,286203,230.29675173392215,325,29.171697092147973,0.050000000000000044
1104,286282,-30.52179430830698,79,38.97257122397423,0.050000000000000044
1105,286526,247.65298895484358,244,37.53257561584965,0.050000000000000044
1106,286703,3.858459517561954,177,49.16731134528494,0.050000000000000044
1107,286977,242.54824341017851,274,49.696201849157795,0.050000000000000044
1108,287409,244.72417965219492,432,40.81637433433422,0.050000000000000044
1109,287652,261.90901562807494,243,33.71661903509878,0.050000000000000044
1110,287919,297.3534690946729,267,42.52672290121125,0.050000000000000044
1111,288347,271.9582481363732,428,28.47183885676003,0.050000000000000044
1112,288696,249.71655848256702,349,27.467895686882613,0.050000000000000044
1113,289066,250.60581475703302,370,45.79528557867617,0.050000000000000044
1114,289129,-23.141403384125354,63,36.43725290563371,0.050000000000000044
1115,289432,263.8559808036729,303,38.74194989306699,0.050000000000000044
1116,289906,234.00975020565866,474,33.79355584896064,0.050000000000000044
1117,290144,249.37788563472037,238,42.64542253378059,0.050000000000000044
1118,290449,238.70013132406206,305,36.27226297298416,0.050000000000000044
1119,290790,257.57190829411394,341,47.60657421759496,0.050000000000000044
1120,290867,-32.511899645990184,77,20.05358803968925,0.050000000000000044
1121,291286,283.9155336784481,419,36.40944571213392,0.050000000000000044
1122,291696,263.80612629774083,410,36.299914457085656,0.050000000000000044
1123,291962,245.274579187201,266,33.63853364084896,0.050000000000000044
1124,292281,256.60761841638737,319,50.735294411828896,0.050000000000000044
1125,292653,257.7916548897174,372,42.24181582089714,0.050000000000000044
1126,292953,267.8676214674364,300,41.52179698278507,0.050000000000000044
1127,293287,267.4873514623831,334,39.6399545711493,0.050000000000000044
1128,293485,205.70158557962853,198,53.712561306929345,0.050000000000000044
1129,293837,256.6680215081956,352,46.62565330026502,0.050000000000000044
1130,294242,261.1924993317211,405,37.60763773079272,0.050000000000000044
1131,294337,8.180573234678988,95,38.14481687483035,0.050000000000000044
1132,294637,282.67494609019366,300,24.2062076463302,0.050000000000000044
1133,294884,301.255242953095,247,36.56141597659964,0.050000000000000044
1134,295149,254.48673764244597,265,28.022923679846638,0.050000000000000044
1135,295461,281.7879078239197,312,30.263529191318995,0.050000000000000044
1136,295801,270.17665349510446,340,30.871850355495425,0.050000000000000044
1137,295987,250.64650560200712,186,26.34725349436524,0.050000000000000044
1138,296267,252.90680704588192,280,35.710958369502,0.050000000000000044
1139,296359,27.99281056369641,92,41.36645340530769,0.050000000000000044
1140,296447,18.575167061498732,88,41.93861928988587,0.050000000000000044
1141,296844,260.68157031689816,397,34.10303151059511,0.050000000000000044
1142,297095,315.82629655606735,251,43.592603626776025,0.050000000000000044
1143,297289,276.4207028418139,194,48.550460167305985,0.050000000000000044
1144,297564,267.87193456560135,275,49.41814298727296,0.050000000000000044
1145,297696,37.15098414783111,132,36.9446579215653,0.050000000000000044
1146,297804,-5.532478255527693,108,30.612117957461763,0.050000000000000044
1147,298092,260.2763496169349,288,40.21697432961729,0.050000000000000044
1148,298356,272.50656391679354,264,27.040298422967847,0.050000000000000044
1149,298568,292.9054604825433,212,36.765646961781215,0.050000000000000044
1150,298909,294.540522206569,341,37.12777033133591,0.050000000000000044
1151,299145,294.8816117008822,236,39.763737045481044,0.050000000000000044
1152,299500,278.62525699784953,355,51.18567471840012,0.050000000000000044
1153,299738,277.58856972575853,238,39.30272526237644,0.050000000000000044
1154,299931,261.3393911678826,193,29.725680555704344,0.050000000000000044
1155,300144,269.7012137943322,213,28.189571624210743,0.050000000000000044
1156,300382,238.38025063965065,238,38.169075922805725,0.050000000000000044
1157,300747,238.31766880081216,365,39.02984189946358,0.050000000000000044
1158,300981,249.83340577842776,234,38.46369221258877,0.050000000000000044
1159,301082,39.25005316861473,101,23.109279914067525,0.050000000000000044
1160,301282,262.53353319599063,200,43.31837526068092,0.050000000000000044
1161,301505,274.2544623307922,223,34.71857473909053,0.050000000000000044
1162,301787,282.54490887210926,282,30.378863660684715,0.050000000000000044
1163,301966,226.54417837774554,179,32.60366364164725,0.050000000000000044
1164,302219,237.05582230033042,253,34.061869625635296,0.050000000000000044
1165,302407,268.72563037120756,188,40.43307744822604,0.050000000000000044
1166,302677,301.46561522286464,270,40.44484198656347,0.050000000000000044
1167,302892,274.59811740365774,215,33.90036218249521,0.050000000000000044
1168,303081,244.35060816144684,189,31.76512448450245,0.050000000000000044
1169,303365,284.72655318883847,284,53.33042492990343,0.050000000000000044
1170,303497,38.418480862634,132,39.3237986921361,0.050000000000000044
1171,303690,256.7914388566235,193,33.35861595044482,0.050000000000000044
1172,303853,276.1414387649785,163,29.543672624541205,0.050000000000000044
1173,304045,274.11175584050557,192,41.25667086088409,0.050000000000000044
1174,304311,258.02543528082333,266,35.721228191166894,0.050000000000000044
1175,304593,300.52328515516285,282,27.619353134264337,0.050000000000000044
1176,304776,260.72120406366696,183,25.47998709479968,0.050000000000000044
1177,305335,249.6420644922114,559,41.04733536217848,0.050000000000000044
1178,305552,279.209659916423,217,38.837575892424255,0.050000000000000044
1179,305849,273.5373095209627,297,34.71862499711891,0.050000000000000044
1180,306081,279.0887029825608,232,39.23776230421559,0.050000000000000044
1181,306251,245.41019473358554,170,37.48030972761266,0.050000000000000044
1182,306482,258.3666020903239,231,32.19191789652878,0.050000000000000044
1183,306640,285.60114150120864,158,32.03842505058156,0.050000000000000044
1184,306886,289.64909335773905,246,29.424818178987117,0.050000000000000044
1185,307005,-257.73822310176877,119,29.591554520510826,0.050000000000000044
1186,307427,287.3387634199586,422,39.36256402632071,0.050000000000000044
1187,307753,226.23719151580198,326,35.97526876939221,0.050000000000000044
1188,307939,276.70184184100935,186,55.445695053425524,0.050000000000000044
1189,308225,280.0000640431276,286,41.922021074311715,0.050000000000000044
1190,308403,245.62010513829384,178,39.116861317934614,0.050000000000000044
1191,308579,278.71080451875196,176,113.40425600111485,0.050000000000000044
1192,308841,274.2943782533891,262,31.9547320827273,0.050000000000000044
1193,309056,270.5480508521607,215,39.90011357970016,0.050000000000000044
1194,309365,263.7536464271451,309,27.252793320270804,0.050000000000000044
1195,309463,53.41755535202847,98,29.699635959705528,0.050000000000000044
1196,309677,291.8282761395859,214,39.378821347082884,0.050000000000000044
1197,309874,242.28827942840974,197,30.001628891314347,0.050000000000000044
1198,310146,288.99225793812303,272,29.019317109137774,0.050000000000000044
1199,310369,311.1214837439544,223,44.18080196479511,0.050000000000000044
1200,310600,263.36744237442224,231,26.937005065736315,0.050000000000000044
1201,310797,258.34751104687984,197,31.54068586593352,0.050000000000000044
1202,311059,301.7187384676072,262,34.94901382456754,0.050000000000000044
1203,311181,39.05799327251876,122,21.990525359990166,0.050000000000000044
1204,311340,294.4367307838502,159,38.52576499408896,0.050000000000000044
1205,311514,311.47824652650473,174,31.143048426029328,0.050000000000000044
1206,311733,309.0646999347577,219,39.27354201293427,0.050000000000000044
1207,311977,254.24452226412922,244,50.508265376213146,0.050000000000000044
1208,312309,311.5510001055891,332,43.091761613646185,0.050000000000000044
1209,312485,282.450313414176,176,34.44623735767197,0.050000000000000044
1210,312772,303.544467196062,287,49.14361831390069,0.050000000000000044
1211,312964,283.9894730479617,192,53.18362806054453,0.050000000000000044
1212,313197,272.92610962163445,233,46.68746131236461,0.050000000000000044
1213,313448,282.917865502233,251,25.1323692700065,0.050000000000000044
1214,313637,262.3967730576179,189,58.963763535811154,0.050000000000000044
1215,313888,246.0708386761616,251,40.96358349468129,0.050000000000000044
1216,314084,289.25654337899834,196,57.66619147208272,0.050000000000000044
1217,314485,282.9288554545284,401,54.380973603362754,0.050000000000000044
1218,314703,273.42876965411017,218,40.903449473988026,0.050000000000000044
1219,314904,274.11813051320985,201,40.973664312368605,0.050000000000000044
1220,315215,292.4830113882411,311,38.58300224061564,0.050000000000000044
1221,315556,243.79931918859552,341,47.095781982819005,0.050000000000000044
1222,315754,308.95192877978616,198,34.18478946779111,0.050000000000000044
1223,316028,284.5357926783902,274,31.19207953917284,0.050000000000000044
1224,316358,308.3495515610764,330,37.56868398279855,0.050000000000000044
1225,316548,273.23647455910844,190,40.26022679303822,0.050000000000000044
1226,316720,299.3434815178948,172,40.47364913568247,0.050000000000000044
1227,316954,288.50836298076206,234,39.932927774185806,0.050000000000000044
1228,317174,264.9194100356054,220,29.00071995298971,0.050000000000000044
1229,317407,273.56850440928906,233,27.207698135289,0.050000000000000044
1230,317667,289.3330806245053,260,25.250321660018884,0.050000000000000044
1231,317855,249.36535430525439,188,33.21647535898584,0.050000000000000044
1232,318008,255.92081304019226,153,40.862957412510916,0.050000000000000044
1233,318203,282.24720782759493,195,21.25768198905847,0.050000000000000044
1234,318406,303.37309780634587,203,28.822475028155473,0.050000000000000044
1235,318654,291.3894206439377,248,45.4295724686836,0.050000000000000044
1236,318853,270.5217950547104,199,65.80768276384129,0.050000000000000044
1237,319277,305.18355809859867,424,42.72164974994254,0.050000000000000044
1238,319504,259.80101649007366,227,26.778008052431016,0.050000000000000044
1239,319725,276.42202899367226,221,41.566947371441856,0.050000000000000044
1240,319911,242.35034585122082,186,20.216083115787917,0.050000000000000044
1241,320112,318.54383361066067,201,56.07371319081653,0.050000000000000044
1242,320392,242.16092367257414,280,26.38623306282929,0.050000000000000044
1243,320538,67.22479820008226,146,35.670119819575795,0.050000000000000044
1244,320625,-10.205979940921068,87,25.60278453498051,0.050000000000000044
1245,320764,31.56021145274312,139,32.84436478031625,0.050000000000000044
1246,320972,323.738510235723,208,62.36494439582412,0.050000000000000044
1247,321169,308.1998927002041,197,57.60745209228569,0.050000000000000044
1248,321351,255.4296976871123,182,26.535911938482588,0.050000000000000044
1249,321576,244.41568701036852,225,37.53121192985111,0.050000000000000044
1250,321900,304.7726288274246,324,31.80851988669163,0.050000000000000044
1251,322133,273.74180676508263,233,54.418486219746875,0.050000000000000044
1252,322490,309.94728697994697,357,49.2062985885377,0.050000000000000044
1253,322849,291.11206320602776,359,51.612694430069006,0.050000000000000044
1254,323101,293.26156701981864,252,37.90292641615111,0.050000000000000044
1255,323220,25.268319071784234,119,30.362676535834787,0.050000000000000044
1256,323507,285.55380569496094,287,37.36274319835241,0.050000000000000044
1257,323651,38.71182782323507,144,27.201409707880682,0.050000000000000044
1258,323759,66.5325851456063,108,28.47570075508621,0.050000000000000044
1259,324177,319.49107465138485,418,34.19537907075939,0.050000000000000044
1260,324444,288.4706681824464,267,24.200267365697616,0.050000000000000044
1261,324655,269.79647298205737,211,30.006353288182716,0.050000000000000044
1262,324869,258.479088710019,214,24.406673824536465,0.050000000000000044
1263,325099,278.567911487415,230,32.419139625326444,0.050000000000000044
1264,325324,258.97411096506346,225,65.42057322647837,0.050000000000000044
1265,325548,289.23978860982106,224,40.37815506130989,0.050000000000000044
1266,325843,302.63264899265323,295,53.03380203469325,0.050000000000000044
1267,326075,274.14796454876375,232,57.652766381486735,0.050000000000000044
1268,326283,292.12885932583316,208,30.880912254062984,0.050000000000000044
1269,326555,287.13742837748896,272,53.30471717851127,0.050000000000000044
1270,327093,248.25061093611876,538,41.06983778955325,0.050000000000000044
1271,327269,249.75374231423098,176,27.973624723540112,0.050000000000000044
1272,327521,301.51968246889396,252,44.03929326162925,0.050000000000000044
1273,327673,278.4279781348804,152,38.11185394188291,0.050000000000000044
1274,327870,288.21855552201305,197,24.10978634042788,0.050000000000000044
1275,328155,303.2000267848103,285,52.66261949936549,0.050000000000000044
1276,328395,309.21312390461384,240,33.87532626527051,0.050000000000000044
1277,328676,267.5184016557107,281,29.515394511914337,0.050000000000000044
1278,328866,252.59833644000952,190,49.46796799709922,0.050000000000000044
1279,329105,274.70317592272505,239,38.72473804284838,0.050000000000000044
1280,329198,70.89530987592875,93,53.22192867725126,0.050000000000000044
1281,329404,276.73159648241005,206,33.079582763817704,0.050000000000000044
1282,329595,266.3196283454635,191,54.154902453978025,0.050000000000000044
1283,329849,287.7347299468072,254,32.367623371636775,0.050000000000000044
1284,329995,64.15549894235153,146,28.71596186904058,0.050000000000000044
1285,330629,227.4400883485433,634,49.831493869987945,0.050000000000000044
1286,330759,13.882927861643608,130,33.70069940136029,0.050000000000000044
1287,330937,221.30412842786376,178,56.34653937264105,0.050000000000000044
1288,331161,288.4365496664551,224,45.740751867847784,0.050000000000000044
1289,331314,35.13454905069116,153,37.48169944566839,0.050000000000000044
1290,331636,281.1737076268586,322,30.600900092850562,0.050000000000000044
1291,331844,314.0615288155565,208,29.01067150111955,0.050000000000000044
1292,332287,284.4729046998252,443,35.648460137453895,0.050000000000000044
1293,332489,281.74112770658405,202,26.49464438221242,0.050000000000000044
1294,332810,271.1131011356688,321,29.86611753145111,0.050000000000000044
1295,333038,288.4202902835773,228,35.5845003141123,0.050000000000000044
1296,333369,290.50280837874845,331,35.68495934859504,0.050000000000000044
1297,333567,273.3552435921682,198,95.51862671595029,0.050000000000000044
1298,333755,255.2597816808054,188,59.35859992489853,0.050000000000000044
1299,333937,283.4571855614693,182,20.850507548713423,0.050000000000000044
1300,334143,248.16218519014825,206,25.297857176910327,0.050000000000000044
1301,334402,257.31315373288646,259,29.611642180147317,0.050000000000000044
1302,334574,268.4667188977089,172,28.232178075715552,0.050000000000000044
1303,334793,278.82138742028064,219,14.04109164813882,0.050000000000000044
1304,335028,286.6996695601922,235,24.95413274714287,0.050000000000000044
1305,335120,37.383639861744456,92,29.598935548702013,0.050000000000000044
1306,335363,300.2274567941047,243,22.769951982385336,0.050000000000000044
1307,335660,296.61596377891027,297,22.434761666388624,0.050000000000000044
1308,335838,289.49207994333074,178,18.482087642624137,0.050000000000000044
1309,335953,47.03303785852762,115,30.158484100906744,0.050000000000000044
1310,336144,292.1804739866066,191,36.48579896416964,0.050000000000000044
1311,336343,275.79697473974204,199,47.686046057310534,0.050000000000000044
1312,336450,52.21947452952048,107,44.584167364462516,0.050000000000000044
1313,336564,44.38741910813957,114,30.882290577417926,0.050000000000000044
1314,336786,258.7424597666364,222,22.352212924543803,0.050000000000000044
1315,336884,26.021931567367872,98,44.293259091523225,0.050000000000000044
1316,337062,307.9378249510509,178,50.50370641956838,0.050000000000000044
1317,337187,48.14198063250436,125,28.580350307703018,0.050000000000000044
1318,337405,279.7671877093631,218,29.360661561062578,0.050000000000000044
1319,337714,320.5851408944322,309,24.456076415225525,0.050000000000000044
1320,337844,45.57329439208644,130,99.19921026229858,0.050000000000000044
1321,338074,291.599815139149,230,44.110717463882075,0.050000000000000044
1322,338206,12.605287616017876,132,35.795730069956996,0.050000000000000044
1323,338361,280.0818753146017,155,39.089776420208715,0.050000000000000044
1324,338627,298.0518876793865,266,31.979331305824726,0.050000000000000044
1325,338786,297.86858564914564,159,53.99122742905557,0.050000000000000044
1326,338871,24.347999007682702,85,23.121703022367814,0.050000000000000044
1327,338997,38.61099646465331,126,20.433327529875058,0.050000000000000044
1328,339103,6.839032361904742,106,52.91338060796261,0.050000000000000044
1329,339482,231.00025645144166,379,30.95162754983575,0.050000000000000044
1330,339568,16.91340425925145,86,17.642059629393177,0.050000000000000044
1331,339750,288.04758544863114,182,84.07228366653997,0.050000000000000044
1332,340228,257.43200943395993,478,56.987415155045156,0.050000000000000044
1333,340363,15.357459398797246,135,38.926574334171086,0.050000000000000044
1334,340766,253.21287968280888,403,55.53116708091707,0.050000000000000044
1335,340962,292.3374337655954,196,45.66402791972671,0.050000000000000044
1336,341181,264.2094482944758,219,24.483333603704356,0.050000000000000044
1337,341313,45.12484061511324,132,36.194731664928526,0.050000000000000044
1338,341652,280.00422035000474,339,37.64806641572345,0.050000000000000044
1339,342129,302.1718771798622,477,28.031090420059687,0.050000000000000044
1340,342242,27.511081681274774,113,29.16347987066328,0.050000000000000044
1341,342411,280.2062334348436,169,20.911262456658324,0.050000000000000044
1342,342836,308.0017604305592,425,23.54787012626143,0.050000000000000044
1343,342970,25.158855185809117,134,35.07904366726306,0.050000000000000044
1344,343107,32.82276385479787,137,31.132881875020743,0.050000000000000044
1345,343236,34.99862041372825,129,27.28414796027102,0.050000000000000044
1346,343374,27.378552926550597,138,18.43965833428977,0.050000000000000044
1347,343556,240.2062193912147,182,35.382469470356845,0.050000000000000044
1348,343790,251.38345281636794,234,40.604342992998596,0.050000000000000044
1349,344790,138.9380128608642,1000,28.336899376809598,0.050000000000000044
1350,344894,43.299075865644056,104,44.297918515996294,0.050000000000000044
1351,345092,322.63528633980866,198,52.03056058362879,0.050000000000000044
1352,345304,262.672249024596,212,25.150969366701144,0.050000000000000044
1353,345576,263.8455019721407,272,27.32591692413039,0.050000000000000044
1354,345828,311.04731682033696,252,40.102716330971035,0.050000000000000044
1355,346028,305.22776023775316,200,26.809134364277124,0.050000000000000044
1356,346233,275.17777735473703,205,44.22809695427011,0.050000000000000044
1357,346412,279.18472828078166,179,47.979820341371294,0.050000000000000044
1358,346720,265.98511170865527,308,53.79206241270551,0.050000000000000044
1359,346907,280.2713148018148,187,22.682494472054874,0.050000000000000044
1360,347117,287.11144559986286,210,57.96574973165989,0.050000000000000044
1361,347436,285.89480990979575,319,39.72934678888246,0.050000000000000044
1362,347947,276.53099507217854,511,33.35704527360819,0.050000000000000044
1363,348119,279.3309289820517,172,116.34860131802947,0.050000000000000044
1364,348362,310.66446673571807,243,26.08177677827117,0.050000000000000044
1365,348547,298.44148638244343,185,24.98705944112829,0.050000000000000044
1366,348788,264.76746116922754,241,22.11434463754729,0.050000000000000044
1367,348997,253.71947444249005,209,29.8951071147143,0.050000000000000044
1368,349304,307.82591371544663,307,37.666778457572484,0.050000000000000044
1369,349505,262.15870836278435,201,24.671812988928895,0.050000000000000044
1370,349705,319.5204096399692,200,27.608644319921734,0.050000000000000044
1371,349947,296.15988553525506,242,23.30051170917582,0.050000000000000044
1372,350213,253.53804607279844,266,21.22327578695197,0.050000000000000044
1373,350454,217.6838039029934,241,18.995631329869827,0.050000000000000044
1374,350665,272.78648018452975,211,29.101053758396358,0.050000000000000044
1375,350865,276.6537899720359,200,37.402651323527095,0.050000000000000044
1376,351086,269.29211438362245,221,20.977544714287934,0.050000000000000044
1377,351509,267.1426966907643,423,26.220294005200092,0.050000000000000044
1378,351707,284.0213860412602,198,24.642977662459767,0.050000000000000044
1379,351929,301.7808785459915,222,47.13527689202949,0.050000000000000044
1380,352132,282.39204867237106,203,21.62789151087183,0.050000000000000044
1381,352323,310.08167492612506,191,34.07982901690518,0.050000000000000044
1382,352721,284.2139804933407,398,125.96134132858197,0.050000000000000044
1383,352995,298.3605085732562,274,29.340309651990008,0.050000000000000044
1384,353240,290.9853548046635,245,114.88718257996501,0.050000000000000044
1385,353540,269.7730287916146,300,61.814475145836674,0.050000000000000044
1386,353799,283.4209019662767,259,21.804080372381396,0.050000000000000044
1387,354010,268.84910806707654,211,31.528385845970767,0.050000000000000044
1388,354223,253.74745752855802,213,130.15172309690797,0.050000000000000044
1389,354402,276.012517827173,179,28.636460144426568,0.050000000000000044
1390,354597,274.705956090063,195,36.12099793981283,0.050000000000000044
1391,354878,309.26443372689937,281,66.3895776021523,0.050000000000000044
1392,355206,282.23268869234585,328,38.80745263906514,0.050000000000000044
1393,355407,272.33967349332056,201,32.08806113135162,0.050000000000000044
1394,355710,271.8383143206207,303,28.363773385290266,0.050000000000000044
1395,355949,248.15300106524205,239,29.77426175704561,0.050000000000000044
1396,356180,286.98253672020394,231,50.358453189397785,0.050000000000000044
1397,356448,262.75501803704105,268,45.30670201978577,0.050000000000000044
1398,356673,305.7722961589457,225,26.49420725637012,0.050000000000000044
1399,356915,269.06951946449175,242,49.164601399016775,0.050000000000000044
1400,357114,264.6698171663775,199,144.7665411714633,0.050000000000000044
1401,357374,293.02498779135016,260,28.9783877614599,0.050000000000000044
1402,357664,283.3872877004015,290,29.00220569927117,0.050000000000000044
1403,357844,278.91924510281814,180,52.80080101572805,0.050000000000000044
1404,358039,284.28155467429485,195,28.450577558768103,0.050000000000000044
1405,358354,254.1907331466158,315,29.555887146885432,0.050000000000000044
1406,358602,288.1420484128463,248,32.962624017509725,0.050000000000000044
1407,358823,294.890778375363,221,27.771707620151442,0.050000000000000044
1408,359140,299.3234863470683,317,116.21325576258383,0.050000000000000044
1409,359372,296.9712045164571,232,166.7861857886972,0.050000000000000044
1410,359467,33.1021283959185,95,26.801112951730428,0.050000000000000044
1411,359634,313.68188482946147,167,32.53027194898999,0.050000000000000044
1412,360103,253.05974738300128,469,80.18303232044299,0.050000000000000044
1413,360386,259.643692986193,283,22.602959582325425,0.050000000000000044
1414,360614,312.3038090930281,228,45.842889339908176,0.050000000000000044
1415,360915,270.56890413726757,301,29.10028008161193,0.050000000000000044
1416,361175,254.6734124859062,260,21.702852974258935,0.050000000000000044
1417,361465,268.2701439413586,290,26.321277805237933,0.050000000000000044
1418,361821,249.17308491403236,356,26.488588280306104,0.050000000000000044
1419,362085,253.55520397113574,264,26.101917845394574,0.050000000000000044
1420,362361,307.2046909420036,276,175.3526308355124,0.050000000000000044
1421,362614,278.05202957829533,253,33.6680431746447,0.050000000000000044
1422,362903,285.17143498741166,289,42.491695793132884,0.050000000000000044
1423,363123,280.46471626443537,220,25.054467010227118,0.050000000000000044
1424,363353,312.3348502064994,230,27.180158590622572,0.050000000000000044
1425,363804,233.1436222957882,451,27.137322162841745,0.050000000000000044
1426,364127,254.97132637702555,323,26.605767829868448,0.050000000000000044
1427,364372,292.5356487508216,245,63.13769961559043,0.050000000000000044
1428,364551,294.8799409160383,179,19.29606639123496,0.050000000000000044
1429,364824,283.23809301822115,273,51.05636393379816,0.050000000000000044
1430,365051,255.76651750507486,227,157.92336758432936,0.050000000000000044
1431,365332,276.9595129509919,281,31.391699410842406,0.050000000000000044
1432,365577,285.58809696568596,245,26.966323683699784,0.050000000000000044
1433,365778,269.1791219121881,201,74.7313411745859,0.050000000000000044
1434,366102,292.44903032081925,324,124.30564565450689,0.050000000000000044
1435,366406,300.92010720761243,304,25.26687359005997,0.050000000000000044
1436,366680,278.2026904771035,274,61.42612262744538,0.050000000000000044
1437,366971,271.91577137839204,291,61.047106408274054,0.050000000000000044
1438,367166,261.79322971760877,195,177.86218946453852,0.050000000000000044
1439,367314,291.81815743617017,148,83.94695179627554,0.050000000000000044
1440,367527,308.29985494708035,213,26.110529332653456,0.050000000000000044
1441,367800,279.3846198590244,273,25.723226563834444,0.050000000000000044
1442,368031,279.4165206815368,231,209.74351619345285,0.050000000000000044
1443,368256,236.2295696276206,225,28.68163436465793,0.050000000000000044
1444,368441,264.8633777739,185,16.930915875853717,0.050000000000000044
1445,368708,286.9197705668838,267,26.699382697933174,0.050000000000000044
1446,368954,280.9356066425139,246,49.7721445732485,0.050000000000000044
1447,369159,270.34149884310216,205,23.23833044869144,0.050000000000000044
1448,369342,271.51061934537375,183,24.519324191443907,0.050000000000000044
1449,369563,299.0933848466864,221,58.20652469830815,0.050000000000000044
1450,369859,272.8311033027284,296,20.954784721840877,0.050000000000000044
1451,370098,278.2919412557602,239,25.425546091221367,0.050000000000000044
1452,370309,254.31843229065146,211,389.7529843068236,0.050000000000000044
1453,370555,287.0076120870698,246,25.473678602920316,0.050000000000000044
1454,370846,282.89565970112983,291,50.04774730803631,0.050000000000000044
1455,371097,278.930357495214,251,30.608882466991584,0.050000000000000044
1456,371331,277.02350299261104,234,25.746492254683094,0.050000000000000044
1457,371560,269.15664653376064,229,25.678122967872035,0.050000000000000044
1458,371845,264.96698240197895,285,234.8505097468694,0.050000000000000044
1459,372035,286.6153077013864,190,28.281050133861992,0.050000000000000044
1460,372272,285.6165654350002,237,70.69524074128911,0.050000000000000044
1461,372493,263.6838388306831,221,23.722189438828515,0.050000000000000044
1462,372758,316.4203921266384,265,22.473825047038638,0.050000000000000044
1463,373000,284.4346043611505,242,27.21844261318199,0.050000000000000044
1464,373891,264.427106615906,891,27.85367934705165,0.050000000000000044
1465,374180,291.6501981283258,289,189.79916751116616,0.050000000000000044
1466,374469,278.27640515400907,289,70.77360188486666,0.050000000000000044
1467,374699,274.32438525950045,230,86.06289204825525,0.050000000000000044
1468,374905,260.43609239318494,206,237.87264107153254,0.050000000000000044
1469,375121,281.07535500360984,216,262.02356936975764,0.050000000000000044
1470,375321,286.31622081639136,200,28.847148915976287,0.050000000000000044
1471,375509,262.4853778773217,188,28.8709969507887,0.050000000000000044
1472,375737,272.3695927918691,228,31.666959442067565,0.050000000000000044
1473,376030,290.4050842788675,293,193.9391868070734,0.050000000000000044
1474,376419,279.5767496177075,389,43.604127245114825,0.050000000000000044
1475,376617,264.70647560762995,198,22.05515676676625,0.050000000000000044
1476,376862,275.93682283664117,245,34.57147805751586,0.050000000000000044
1477,377159,273.6749478056411,297,23.495093042300606,0.050000000000000044
1478,377384,280.1310910049143,225,20.084167078203624,0.050000000000000044
1479,377607,269.1479737746224,223,24.709579786778566,0.050000000000000044
1480,377837,286.3360840830985,230,59.365630790461665,0.050000000000000044
1481,378137,259.9689482898937,300,43.946899023056034,0.050000000000000044
1482,378319,278.7467953307829,182,441.3381568949956,0.050000000000000044
1483,378581,259.4180879155134,262,30.89571884251733,0.050000000000000044
1484,379495,248.53845827006387,914,79.53989177389596,0.050000000000000044
1485,379664,48.22215234125625,169,29.360337686609235,0.050000000000000044
1486,379844,256.16068292764896,180,57.7975211545825,0.050000000000000044
1487,380023,238.08843757649757,179,234.31844640793747,0.050000000000000044
1488,380236,264.1462830506656,213,20.49773961025784,0.050000000000000044
1489,380445,277.56659339428484,209,25.659215804635053,0.050000000000000044
1490,380716,285.71892799161697,271,24.971920149242745,0.050000000000000044
1491,380983,237.1930336970232,267,24.058016864659635,0.050000000000000044
1492,381402,256.86532015652324,419,34.00504699605462,0.050000000000000044
1493,381650,304.6892835186786,248,23.226137486196333,0.050000000000000044
1494,381844,301.6802887178411,194,33.04192167950659,0.050000000000000044
1495,382087,255.18569288523892,243,24.341673558631552,0.050000000000000044
1496,382332,264.97504633130984,245,48.965233763505005,0.050000000000000044
1497,382554,289.97616362070244,222,31.692681732344198,0.050000000000000044
1498,382764,275.8684640816515,210,22.38698708528564,0.050000000000000044
1499,382989,265.80715834975456,225,23.143100063668356,0.050000000000000044
1500,383251,309.70943055817247,262,35.59658871352217,0.050000000000000044
1501,383416,318.79818791301375,165,22.493534751371904,0.050000000000000044
1502,383708,233.3725498834414,292,49.04486502492673,0.050000000000000044
1503,384173,277.621109636695,465,40.202041849397844,0.050000000000000044
1504,384415,276.30946510922695,242,23.37536788799546,0.050000000000000044
1505,384578,241.5470357877622,163,24.35362491889234,0.050000000000000044
1506,384801,274.8947736828476,223,28.46036974825132,0.050000000000000044
1507,385097,258.0346346830042,296,29.385950945066035,0.050000000000000044
1508,385590,295.07556391657283,493,107.3348612826446,0.050000000000000044
1509,385889,272.49221609358585,299,48.67271244904668,0.050000000000000044
1510,386157,238.57076318235818,268,168.11781248294596,0.050000000000000044
1511,386335,278.77970314681056,178,22.9239065779394,0.050000000000000044
1512,386559,274.2663214595731,224,23.619980774952896,0.050000000000000044
1513,386831,299.9496334907715,272,22.4914138868232,0.050000000000000044
1514,387048,241.85955342615418,217,54.02320506234872,0.050000000000000044
1515,387333,236.8138036599261,285,22.67088781569088,0.050000000000000044
1516,387754,266.7083433335225,421,36.08035770780683,0.050000000000000044
1517,387987,254.1127197691262,233,34.1302299779628,0.050000000000000044
1518,388302,258.0144637388717,315,24.64730975239996,0.050000000000000044
1519,388623,300.56444333872116,321,23.986694785850442,0.050000000000000044
1520,388821,262.1286428055856,198,33.723487512481334,0.050000000000000044
1521,389051,270.33248577966987,230,17.70056402488895,0.050000000000000044
1522,389274,296.3239850306744,223,26.527287385923447,0.050000000000000044
1523,389478,284.9610897520528,204,20.448489459268018,0.050000000000000044
1524,389671,259.345880458647,193,30.14485473807303,0.050000000000000044
1525,389967,248.12236239044793,296,27.19312062940082,0.050000000000000044
1526,390184,259.79494634489015,217,53.0733598253694,0.050000000000000044
1527,390578,262.66772532517155,394,324.22472224740056,0.050000000000000044
1528,390874,242.86126922007995,296,49.00361568500867,0.050000000000000044
1529,391403,276.33228458364266,529,35.26967340212013,0.050000000000000044
1530,391633,240.95537797275634,230,22.172797966262568,0.050000000000000044
1531,391855,286.72856732050633,222,22.51695778388698,0.050000000000000044
1532,392074,270.98762369035774,219,19.33140441339854,0.050000000000000044
1533,392254,271.0436872897983,180,54.42192895892594,0.050000000000000044
1534,392478,268.21576626356995,224,31.646071692396486,0.050000000000000044
1535,392701,267.6846146665545,223,22.40595190340628,0.050000000000000044
1536,392944,301.99459964722877,243,16.70982500469243,0.050000000000000044
1537,393047,-185.48391218619452,103,33.07078099019319,0.050000000000000044
1538,393324,260.6323755900121,277,247.60962769776475,0.050000000000000044
1539,393572,243.83310205846087,248,45.59514715294203,0.050000000000000044
1540,393788,255.7273629968573,216,50.21986388180543,0.050000000000000044
1541,394166,287.72340128059557,378,126.92909528086425,0.050000000000000044
1542,394466,316.78102270980344,300,39.86494499087334,0.050000000000000044
1543,394619,54.2806973992748,153,271.18158259909916,0.050000000000000044
1544,394759,75.91759798651401,140,26.071472268019402,0.050000000000000044
1545,394967,259.9831986555714,208,17.95300713998194,0.050000000000000044
1546,395182,290.27696383194905,215,23.012121711220853,0.050000000000000044
1547,395379,263.0247736479183,197,48.19968389012487,0.050000000000000044
1548,395591,281.4884317318866,212,23.76778895885877,0.050000000000000044
1549,395800,280.5042729406541,209,30.796015524693082,0.050000000000000044
1550,396025,286.2133818987098,225,42.90096173286438,0.050000000000000044
1551,396152,24.670275583154762,127,21.557837168062765,0.050000000000000044
1552,396352,280.1123410759983,200,21.39572941750288,0.050000000000000044
1553,396612,287.73454478534376,260,45.177763115213466,0.050000000000000044
1554,396789,263.2233394673704,177,24.48755471955585,0.050000000000000044
1555,396948,274.7015458438535,159,183.95648565419816,0.050000000000000044
1556,397150,269.2412924230665,202,37.70530175616835,0.050000000000000044
1557,397347,259.6202451472994,197,26.99716185343447,0.050000000000000044
1558,397562,245.94575567218195,215,31.48322233529978,0.050000000000000044
1559,397787,290.9006343535374,225,51.89838806139098,0.050000000000000044
1560,397950,284.99640725120685,163,23.446025761358577,0.050000000000000044
1561,398126,252.11624456143107,176,110.390174720775,0.050000000000000044
1562,398295,283.9175926384798,169,17.41354467830009,0.050000000000000044
1563,398396,-63.99735756083874,101,26.400162112889905,0.050000000000000044
1564,398620,237.8936099078209,224,113.55684383266738,0.050000000000000044
1565,398731,60.659907873034854,111,26.281030143434936,0.050000000000000044
1566,398922,256.3464813506255,191,112.98901244997978,0.050000000000000044
1567,399092,272.24836628560365,170,23.25941553817076,0.050000000000000044
1568,399263,271.1034315380675,171,21.06557747651959,0.050000000000000044
1569,399531,263.69008222206,268,162.92368679059976,0.050000000000000044
1570,399792,299.1256659813596,261,18.008338782979155,0.050000000000000044
1571,400147,285.1563255914855,355,22.986125233979294,0.050000000000000044
1572,400367,283.25824309592406,220,97.9692246121439,0.050000000000000044
1573,400648,253.7493747730116,281,21.494966808587208,0.050000000000000044
1574,400812,295.7333365942088,164,23.090528803264224,0.050000000000000044
1575,401102,302.92570434455115,290,25.06116522581413,0.050000000000000044
1576,401216,24.21289056962651,114,14.333143295426117,0.050000000000000044
1577,401450,305.0296091730321,234,37.404996818711616,0.050000000000000044
1578,401646,268.5840887408127,196,24.120774366721815,0.050000000000000044
1579,401874,309.31609169749044,228,88.42830034214677,0.050000000000000044
1580,402108,268.0326437048393,234,26.18664322526027,0.050000000000000044
1581,402289,264.1885360512354,181,127.24312693144077,0.050000000000000044
1582,402467,246.06653683021418,178,18.80792531170202,0.050000000000000044
1583,402567,21.367999080564317,100,53.74408347457647,0.050000000000000044
1584,402659,55.38947605677663,92,18.996282680527024,0.050000000000000044
1585,402848,276.9720735838551,189,19.965292401730068,0.050000000000000044
1586,403200,266.7657254500584,352,28.57602141314948,0.050000000000000044
1587,403556,298.70828263789394,356,25.672495440150914,0.050000000000000044
1588,403708,284.3783063407436,152,142.27476149111203,0.050000000000000044
1589,403894,296.7381951214055,186,177.26740183945626,0.050000000000000044
1590,404134,277.4077227662068,240,138.18830768515667,0.050000000000000044
1591,404381,307.27982766146204,247,28.941590906154772,0.050000000000000044
1592,404602,264.46680674127776,221,21.68597288530876,0.050000000000000044
1593,404847,268.2575028953457,245,79.50047079397707,0.050000000000000044
1594,405273,232.38843269762626,426,54.147450905730466,0.050000000000000044
1595,405445,247.360203445062,172,145.81791108257548,0.050000000000000044
1596,405660,296.8484728694644,215,21.090678888143493,0.050000000000000044
1597,405878,251.85164163042907,218,93.7809729734692,0.050000000000000044
1598,406172,259.4666139158867,294,62.05427168552973,0.050000000000000044
1599,406964,228.83124460457674,792,26.05064958066802,0.050000000000000044
1600,407210,298.01373844531906,246,115.2247092176259,0.050000000000000044
1601,407413,273.3292899861607,203,32.38272839182704,0.050000000000000044
1602,407621,261.3965168344366,208,87.37936003692448,0.050000000000000044
1603,407846,290.0431854178526,225,75.09250587026278,0.050000000000000044
1604,408044,256.0222253765314,198,72.77950779055104,0.050000000000000044
1605,408251,305.3311308544603,207,24.005817918097915,0.050000000000000044
1606,408435,290.46277743996603,184,24.58134887740016,0.050000000000000044
1607,408613,279.8351867340819,178,22.817880808804812,0.050000000000000044
1608,408783,268.9848350766856,170,28.276605772972108,0.050000000000000044
1609,408971,296.7241159455546,188,28.324538476131064,0.050000000000000044
1610,409137,272.52669794818235,166,22.08765104987535,0.050000000000000044
1611,409343,294.2047417825086,206,17.023351583376673,0.050000000000000044
1612,409588,277.7745679942612,245,21.397160950242256,0.050000000000000044
1613,409869,303.3938033815534,281,24.596128833675724,0.050000000000000044
1614,409986,52.9971346966407,117,19.12928727014452,0.050000000000000044
1615,410262,310.9844779824796,276,65.39864481942377,0.050000000000000044
1616,410464,287.2028275444361,202,18.103186028871207,0.050000000000000044
1617,410672,299.3558585685238,208,25.387334370269226,0.050000000000000044
1618,410867,263.2383489123469,195,25.18635960435256,0.050000000000000044
1619,411867,151.53561496725666,1000,39.3560332389921,0.050000000000000044
1620,412133,297.2367726910785,266,18.81764939136075,0.050000000000000044
1621,412405,313.96550444469545,272,21.322777053122135,0.050000000000000044
1622,412589,247.84881979336564,184,98.70673125415392,0.050000000000000044
1623,412756,292.25250975344574,167,80.31643031243078,0.050000000000000044
1624,413038,278.53929357910397,282,23.01261355416149,0.050000000000000044
1625,413248,257.41995428284827,210,24.494091768208005,0.050000000000000044
1626,413408,276.3688015438375,160,15.34344512913376,0.050000000000000044
1627,413656,266.1157096024332,248,26.279296428686187,0.050000000000000044
1628,413918,241.21662847928505,262,60.34733075472235,0.050000000000000044
1629,414500,269.3271133636729,582,50.86020631151101,0.050000000000000044
1630,414680,277.5132262539247,180,14.112114688754081,0.050000000000000044
1631,414879,255.67476691753149,199,21.598505621579424,0.050000000000000044
1632,415047,288.1120144031139,168,30.370435196728934,0.050000000000000044
1633,415257,319.95051230865243,210,16.946581247448922,0.050000000000000044
1634,415496,303.6597052060197,239,22.97193673627147,0.050000000000000044
1635,415689,289.5790770494008,193,28.51484026099734,0.050000000000000044
1636,415880,287.4108621801629,191,27.457251737723176,0.050000000000000044
1637,416062,262.3532014014345,182,20.798570738388943,0.050000000000000044
1638,416254,285.52280253583103,192,76.8570319719923,0.050000000000000044
1639,416502,288.9126715116819,248,31.51496154670754,0.050000000000000044
1640,416720,274.682884558091,218,30.6299669876558,0.050000000000000044
1641,416930,268.08077451416955,210,32.579507358727,0.050000000000000044
1642,417186,302.1185787974738,256,29.697984328842722,0.050000000000000044
1643,417496,282.6904450059068,310,25.97317247284997,0.050000000000000044
1644,417805,245.34347668286492,309,21.951086158987774,0.050000000000000044
1645,418057,312.0338205170117,252,27.61893701943613,0.050000000000000044
1646,418269,281.26733579933347,212,23.978850622784417,0.050000000000000044
1647,418438,276.800635119214,169,52.92157682141609,0.050000000000000044
1648,418730,298.1205477535982,292,15.317882527023146,0.050000000000000044
1649,418881,296.4420637650828,151,25.922381406983003,0.050000000000000044
1650,419055,264.52532480364636,174,22.608969002619556,0.050000000000000044
1651,419232,277.74857413850555,177,28.289454213643477,0.050000000000000044
1652,419507,300.6853036773556,275,19.541344687071714,0.050000000000000044
1653,419713,295.82418859854874,206,26.841626527529318,0.050000000000000044
1654,419894,280.7929001450491,181,30.526141811141652,0.050000000000000044
1655,420088,261.244177165548,194,51.80370759994713,0.050000000000000044
1656,420302,276.87014249893866,214,28.453124642650657,0.050000000000000044
1657,420523,290.36843937296896,221,22.985583274477747,0.050000000000000044
1658,420758,268.1548276902926,235,19.33110409569233,0.050000000000000044
1659,420947,280.025645421622,189,33.755856056062,0.050000000000000044
1660,421155,312.84349704177635,208,18.899870780511545,0.050000000000000044
1661,421319,255.9208712767002,164,28.054121878452417,0.050000000000000044
1662,421596,258.6963760461988,277,23.70157766094707,0.050000000000000044
1663,421816,305.95932420321367,220,19.715635290606457,0.050000000000000044
1664,422057,309.4541842971997,241,58.07633551287453,0.050000000000000044
1665,422266,300.266099365767,209,25.385098708160758,0.050000000000000044
1666,422480,269.1671731380404,214,13.237383429135118,0.050000000000000044
1667,422732,275.39568806413456,252,25.190742852432386,0.050000000000000044
1668,422941,288.61817925896173,209,44.289562102425045,0.050000000000000044
1669,423175,300.65914421434826,234,36.01540236811862,0.050000000000000044
1670,423463,307.6655510510368,288,28.173190927339924,0.050000000000000044
1671,423637,277.55150754706415,174,63.08991259199449,0.050000000000000044
1672,423836,276.8837081931499,199,18.63417444935995,0.050000000000000044
1673,424020,273.9764818794994,184,21.816858605198238,0.050000000000000044
1674,424161,58.08955707537751,141,22.815622885599204,0.050000000000000044
1675,424361,270.1956817543165,200,19.95267597049475,0.050000000000000044
1676,424575,313.3840586774527,214,30.986583639249623,0.050000000000000044
1677,424768,293.8227900712218,193,23.399475700651426,0.050000000000000044
1678,424975,256.38354544081596,207,35.1030341376717,0.050000000000000044
1679,425154,262.66692014669394,179,16.34103790591549,0.050000000000000044
1680,425476,289.91954800665474,322,33.97270576109797,0.050000000000000044
1681,425684,301.3487628471753,208,23.86687700350124,0.050000000000000044
1682,425903,285.2961718449792,219,40.88098945288353,0.050000000000000044
1683,426118,296.552879864233,215,21.16097632424776,0.050000000000000044
1684,426349,286.35416930358247,231,17.249078446910495,0.050000000000000044
1685,426671,281.26983760013195,322,11.712339521842713,0.050000000000000044
1686,426845,285.7658358069409,174,26.982415613258024,0.050000000000000044
1687,427122,287.91840609097414,277,87.08771574260525,0.050000000000000044
1688,427289,294.4365644367891,167,32.64837402908388,0.050000000000000044
1689,427467,266.0268555547409,178,13.70953087157078,0.050000000000000044
1690,427611,291.002955722062,144,15.819935209635231,0.050000000000000044
1691,427787,272.52897050786714,176,27.666442215273324,0.050000000000000044
1692,428130,292.31494948153454,343,29.3455576722893,0.050000000000000044
1693,428415,281.2822195323047,285,34.09813632933717,0.050000000000000044
1694,428639,286.8643282023455,224,27.630599836552783,0.050000000000000044
1695,428850,280.9953959278007,211,25.954814470209783,0.050000000000000044
1696,429073,305.7604319130247,223,14.537898006594235,0.050000000000000044
1697,429316,305.13862558614215,243,24.119745720438505,0.050000000000000044
1698,429520,272.56891467079475,204,22.861163151614807,0.050000000000000044
1699,429725,287.76845525803253,205,26.305850812865465,0.050000000000000044
1700,429943,299.65659667927156,218,15.234499722719193,0.050000000000000044
1701,430174,283.3321202223584,231,26.907061991108446,0.050000000000000044
1702,430370,304.27322545658404,196,22.812437556075807,0.050000000000000044
1703,430513,294.57243201612084,143,12.84528998738819,0.050000000000000044
1704,430837,285.92052665873575,324,20.02628491303803,0.050000000000000044
1705,431048,301.80302359917107,211,21.48437758503367,0.050000000000000044
1706,431153,28.587066669778068,105,17.5752359410127,0.050000000000000044
1707,431348,275.79895346580525,195,18.684081721305848,0.050000000000000044
1708,431571,302.4866159537182,223,24.256736739066685,0.050000000000000044
1709,431741,255.87541088334788,170,33.70804892515435,0.050000000000000044
1710,431991,264.08951952809616,250,24.512672580480576,0.050000000000000044
1711,432131,64.58050699100593,140,20.33869622690337,0.050000000000000044
1712,432265,45.40849031064991,134,24.91650039380166,0.050000000000000044
1713,432495,291.21156483291895,230,25.052506859794907,0.050000000000000044
1714,432676,266.88683006588883,181,15.749731431020557,0.050000000000000044
1715,432872,252.13689168667923,196,15.527598744600404,0.050000000000000044
1716,433155,256.4023139711194,283,17.679907152277842,0.050000000000000044
1717,433339,303.87859235488713,184,34.862980843886085,0.050000000000000044
1718,433611,260.46797558473634,272,48.523784866556525,0.050000000000000044
1719,433783,262.6549430520567,172,14.893994125862454,0.050000000000000044
1720,434095,310.33564723661095,312,32.033268770823874,0.050000000000000044
1721,434373,305.26385544975267,278,21.290408774245556,0.050000000000000044
1722,434647,291.64805599333283,274,15.537253321413576,0.050000000000000044
1723,434865,309.3344045743014,218,20.4882282078813,0.050000000000000044
1724,435033,286.1507700537342,168,18.968040440675047,0.050000000000000044
1725,435219,266.10972773389517,186,50.76397992686559,0.050000000000000044
1726,435452,306.4904524540675,233,22.8797085014024,0.050000000000000044
1727,435656,293.32198861082105,204,21.676833025672856,0.050000000000000044
1728,435860,270.7281060119157,204,66.08388814023313,0.050000000000000044
1729,436049,276.73518566352254,189,31.95568374729661,0.050000000000000044
1730,436153,45.70997659292459,104,17.05273557970157,0.050000000000000044
1731,436416,268.6991658567183,263,17.796057926497983,0.050000000000000044
1732,436608,270.05839887125757,192,17.199958455593634,0.050000000000000044
1733,436803,283.4723461225529,195,48.59169565286392,0.050000000000000044
1734,436980,283.521763629779,177,28.83565900925189,0.050000000000000044
1735,437258,239.13314249596965,278,20.599503060307004,0.050000000000000044
1736,437465,287.8139066719586,207,20.64755278336253,0.050000000000000044
1737,437672,252.37905688976022,207,18.62284360019769,0.050000000000000044
1738,437885,252.13338875402965,213,21.796946383418053,0.050000000000000044
1739,438061,267.63251370194257,176,21.793879636309363,0.050000000000000044
1740,438315,309.22911919140154,254,20.62889482233468,0.050000000000000044
1741,438582,295.06802521801063,267,15.324559754869911,0.050000000000000044
1742,438775,272.87541958755435,193,28.96213371843254,0.050000000000000044
1743,438934,281.89792773313974,159,18.57660882671674,0.050000000000000044
1744,439113,266.88600435634095,179,15.225801734451474,0.050000000000000044
1745,439592,-130.97921169027734,479,17.044073479409505,0.050000000000000044
1746,439812,258.55760254348013,220,19.397878242216326,0.050000000000000044
1747,439965,293.8236079154225,153,11.856403357063243,0.050000000000000044
1748,440147,267.9250528693924,182,13.09623062807125,0.050000000000000044
1749,440539,293.6920511866425,392,20.83639784012826,0.050000000000000044
1750,440738,293.710977739578,199,15.392389095159032,0.050000000000000044
1751,440979,295.9323965572861,241,13.812324793754277,0.050000000000000044
1752,441138,270.3358027068199,159,52.39903253991649,0.050000000000000044
1753,441279,281.6607872754605,141,20.401278733784427,0.050000000000000044
1754,441602,301.15938426848845,323,14.512675424939708,0.050000000000000044
1755,441767,280.153746078175,165,32.25063613924113,0.050000000000000044
1756,441932,299.4349129147044,165,12.543582911383021,0.050000000000000044
1757,442184,273.9336199835796,252,21.649447861290167,0.050000000000000044
1758,442471,274.6047553896501,287,30.459554470011167,0.050000000000000044
1759,442656,281.38081324121885,185,18.306212749110685,0.050000000000000044
1760,442864,303.43923686588147,208,23.804976320610596,0.050000000000000044
1761,443034,273.8018657519411,170,19.236162739992142,0.050000000000000044
1762,443215,286.1524293121614,181,20.678664752626947,0.050000000000000044
1763,443402,262.7585836130154,187,24.31004794364307,0.050000000000000044
1764,443577,302.72761311265526,175,11.766401702335903,0.050000000000000044
1765,443695,45.465063000658944,118,12.757487724645664,0.050000000000000044
1766,444289,276.223072312377,594,18.26041465257655,0.050000000000000044
1767,444532,292.60096689015927,243,31.2977650015933,0.050000000000000044
1768,444750,298.28810514271277,218,22.33080563372975,0.050000000000000044
1769,444931,268.31700409002644,181,16.519286521890546,0.050000000000000044
1770,445321,269.61487379597776,390,28.80488660836067,0.050000000000000044
1771,445550,303.1744888014014,229,15.700892782237332,0.050000000000000044
1772,446224,257.61934615685186,674,29.416682551230803,0.050000000000000044
1773,446419,267.5873625775697,195,17.516696419165683,0.050000000000000044
1774,446597,314.34920414609763,178,36.91831321880389,0.050000000000000044
1775,446788,310.1140725477553,191,13.3400493687048,0.050000000000000044
1776,447168,297.6675765438781,380,30.352179447287007,0.050000000000000044
1777,447454,273.20456161033786,286,17.83582177018369,0.050000000000000044
1778,447662,311.433669979065,208,15.691591441917877,0.050000000000000044
1779,448025,268.7083490165496,363,20.733653737534834,0.050000000000000044
1780,448278,249.3588015097086,253,33.34889967056367,0.050000000000000044
1781,448480,271.7202829123486,202,21.464074642498893,0.050000000000000044
1782,448730,299.08552658036126,250,17.035722495913504,0.050000000000000044
1783,448867,49.75389207682582,137,25.228437922514267,0.050000000000000044
1784,449048,268.41367339320993,181,47.17864829458255,0.050000000000000044
1785,449243,254.77037956973578,195,36.72518028502281,0.050000000000000044
1786,449521,287.3959609473247,278,17.572685140499967,0.050000000000000044
1787,449760,280.46856503096285,239,17.32513596921785,0.050000000000000044
1788,449873,21.273221756491196,113,26.4470833294687,0.050000000000000044
1789,450122,286.4322888861303,249,16.515078179149263,0.050000000000000044
1790,450312,268.40124771525115,190,18.32563364584195,0.050000000000000044
1791,450439,31.818799309479743,127,24.343648103747782,0.050000000000000044
1792,450547,32.3742281560464,108,23.766492034550065,0.050000000000000044
1793,450743,247.69918986598034,196,20.18857426454826,0.050000000000000044
1794,450962,268.67470386368905,219,24.885423273120296,0.050000000000000044
1795,451205,275.349196969727,243,39.71122930177445,0.050000000000000044
1796,451414,288.31717329422236,209,19.32503730557752,0.050000000000000044
1797,451840,284.35998329321944,426,27.060172882018513,0.050000000000000044
1798,452021,276.94215690753765,181,16.710466034833896,0.050000000000000044
1799,452235,280.7430211144532,214,52.49547041284147,0.050000000000000044
1800,452562,295.91481144750026,327,16.748124197717836,0.050000000000000044
1801,452742,286.7755835208191,180,21.006278502196075,0.050000000000000044
1802,453547,263.41297068470953,805,30.093353204456914,0.050000000000000044
1803,453766,282.7566183007209,219,44.05878187477861,0.050000000000000044
1804,453956,270.545821235263,190,14.839713239983508,0.050000000000000044
1805,454160,282.3030822631191,204,15.927925932933302,0.050000000000000044
1806,454363,270.6712236773217,203,35.80106747488083,0.050000000000000044
1807,454592,238.08248656680237,229,16.657043664346094,0.050000000000000044
1808,454907,268.2300948921048,315,16.96333144633543,0.050000000000000044
1809,455281,300.47933931886473,374,30.285932922307502,0.050000000000000044
1810,455503,281.44978565861544,222,17.916087781658042,0.050000000000000044
1811,455673,-30.204052605776937,170,18.668979536961107,0.050000000000000044
1812,455849,264.9893692728301,176,13.33823871002956,0.050000000000000044
1813,456087,288.32990495780166,238,33.71226575350811,0.050000000000000044
1814,456235,285.58645662384686,148,21.79476392853099,0.050000000000000044
1815,456407,290.9162590030827,172,16.71165623325248,0.050000000000000044
1816,456873,287.5438733528746,466,19.821606257794496,0.050000000000000044
1817,457107,289.2201700341593,234,15.838267614953539,0.050000000000000044
1818,457232,68.40187450883906,125,22.55268484354019,0.050000000000000044
1819,457422,296.1437554155373,190,20.263789288856483,0.050000000000000044
1820,457641,300.9193688484902,219,20.03959337985951,0.050000000000000044
1821,457805,265.91957006206763,164,15.252479104734048,0.050000000000000044
1822,458046,282.26622518626823,241,23.18542491029407,0.050000000000000044
1823,458171,73.91964156731711,125,15.663671933412552,0.050000000000000044
1824,458332,259.29511699678386,161,18.119912919975956,0.050000000000000044
1825,458531,273.02030450277795,199,25.356698119760157,0.050000000000000044
1826,458723,255.91047576108946,192,25.915936079652358,0.050000000000000044
1827,459133,284.4149966207185,410,38.67209239682047,0.050000000000000044
1828,459319,266.53420725796997,186,35.41555472623597,0.050000000000000044
1829,459709,286.5602317976603,390,17.841394387605863,0.050000000000000044
1830,459902,253.73645371554903,193,19.027179604676103,0.050000000000000044
1831,460069,264.8693443391114,167,14.509604191084108,0.050000000000000044
1832,460195,59.45806969319662,126,18.284849512671666,0.050000000000000044
1833,460449,303.91508903680966,254,15.444069489543363,0.050000000000000044
1834,460666,291.6737719127316,217,18.04813695310997,0.050000000000000044
1835,460862,278.17014207827935,196,38.435064556951424,0.050000000000000044
1836,461132,292.62338402746934,270,15.945053812309547,0.050000000000000044
1837,461344,277.59239250733515,212,22.376067051488274,0.050000000000000044
1838,461522,54.097247006035985,178,19.92275564422768,0.050000000000000044
1839,461720,283.91332028970015,198,35.41920919054084,0.050000000000000044
1840,461971,257.67213059869107,251,40.18053593994137,0.050000000000000044
1841,462131,250.08434941182463,160,16.795044565480204,0.050000000000000044
1842,462338,257.30102365209586,207,22.190150862154752,0.050000000000000044
1843,462575,298.3668159070645,237,26.500213850273866,0.050000000000000044
1844,462836,289.49591273344026,261,17.64869505509563,0.050000000000000044
1845,463018,307.5908199750738,182,17.430449824903036,0.050000000000000044
1846,463301,279.2501180277254,283,25.894544897989334,0.050000000000000044
1847,463525,295.76449427765635,224,20.055967748697316,0.050000000000000044
1848,463658,41.82790934136108,133,19.11510328713216,0.050000000000000044
1849,463842,277.2628843054607,184,30.290015515992824,0.050000000000000044
1850,464045,269.25069368247046,203,27.486578850029726,0.050000000000000044
1851,464342,314.5938201913102,297,19.06280999693405,0.050000000000000044
1852,464517,274.4006846830854,175,17.140628009353364,0.050000000000000044
1853,464665,268.62822026665657,148,14.30414370266167,0.050000000000000044
1854,464827,10.036568750636874,162,17.0914310666698,0.050000000000000044
1855,465017,286.2385196544049,190,14.301477992299356,0.050000000000000044
1856,465342,267.1611558770478,325,19.60797610406692,0.050000000000000044
1857,465571,297.99393997857817,229,20.955064373115263,0.050000000000000044
1858,465768,280.0307389325958,197,26.47713612269629,0.050000000000000044
1859,465962,254.0783546636643,194,64.14817788014092,0.050000000000000044
1860,466216,310.848328656714,254,27.32972824297787,0.050000000000000044
1861,466316,11.375110190673894,100,24.619537426531316,0.050000000000000044
1862,466512,258.0397576995258,196,33.94862455213252,0.050000000000000044
1863,466706,307.20208916199215,194,39.505851742993926,0.050000000000000044
1864,466850,82.78355877994753,144,18.799559203493928,0.050000000000000044
1865,467073,266.7536517071667,223,23.87415928871375,0.050000000000000044
1866,467309,247.14052879455454,236,32.30502690627413,0.050000000000000044
1867,467515,235.68749807790903,206,19.134510681756492,0.050000000000000044
1868,467653,37.9210342177052,138,21.00361451657786,0.050000000000000044
1869,467907,291.2041082518747,254,20.24800736157913,0.050000000000000044
1870,468177,253.91540786597352,270,22.633173889528823,0.050000000000000044
1871,468285,34.063057411476166,108,36.47261302559464,0.050000000000000044
1872,468498,279.3362704772223,213,19.348567347011656,0.050000000000000044
1873,468755,311.194626004641,257,21.28788060564475,0.050000000000000044
1874,468955,242.58563002007784,200,31.857061463296414,0.050000000000000044
1875,469146,266.71648372952404,191,31.569870594284296,0.050000000000000044
1876,469355,289.10753200305487,209,19.021135687257683,0.050000000000000044
1877,469491,64.41084366577402,136,21.67550365714466,0.050000000000000044
1878,469671,275.56128757346494,180,19.95440938340293,0.050000000000000044
1879,469802,41.41948365667818,131,19.43345706972457,0.050000000000000044
1880,470021,286.2488722526097,219,20.040748021918343,0.050000000000000044
1881,470218,270.92278606923435,197,15.294025402156835,0.050000000000000044
1882,470391,255.41416755494413,173,27.669210727159687,0.050000000000000044
1883,470565,273.3588582680376,174,25.975259298737022,0.050000000000000044
1884,470701,39.76141279894668,136,19.4148915916243,0.050000000000000044
1885,470941,293.3811748864217,240,27.30517997145653,0.050000000000000044
1886,471216,273.8099329012999,275,28.95168153231794,0.050000000000000044
1887,472127,274.8749862705716,911,24.666552435749843,0.050000000000000044
1888,472331,295.3739183856146,204,20.243991788622797,0.050000000000000044
1889,472731,280.6478095136498,400,17.81672879613936,0.050000000000000044
1890,473007,296.8014416606366,276,20.35523919026921,0.050000000000000044
1891,473213,267.93095914260084,206,28.586174661239372,0.050000000000000044
1892,473405,298.01160495738304,192,18.97554240298147,0.050000000000000044
1893,473625,269.9986172340133,220,21.85734178694812,0.050000000000000044
1894,473783,252.22270819907416,158,36.86535392663902,0.050000000000000044
1895,473930,288.3003389066912,147,27.356472037884654,0.050000000000000044
1896,474266,243.26662265139427,336,19.17057013830968,0.050000000000000044
1897,474458,274.8130366092637,192,24.619476499346394,0.050000000000000044
1898,474884,272.02479945049015,426,27.082004020156713,0.050000000000000044
1899,475105,297.2032110950298,221,29.141068583295358,0.050000000000000044
1900,475327,272.49215535831945,222,20.45853871154087,0.050000000000000044
1901,475574,295.05112045539306,247,25.967717034252065,0.050000000000000044
1902,475773,253.00460427043174,199,28.390996574157448,0.050000000000000044
1903,476000,277.59682875532496,227,35.07329322417402,0.050000000000000044
1904,476181,287.8991919508874,181,26.731239082075614,0.050000000000000044
1905,476495,309.61266980795534,314,28.84564119805196,0.050000000000000044
1906,476663,282.1148786470929,168,19.054962686928256,0.050000000000000044
1907,477007,264.28300543387854,344,21.904949010241516,0.050000000000000044
1908,477167,280.909232348218,160,32.58060129340738,0.050000000000000044
1909,477425,247.6947064104465,258,29.836633106823577,0.050000000000000044
1910,477608,308.0549838224114,183,22.347361175903206,0.050000000000000044
1911,477868,314.1910891414957,260,24.942259079791032,0.050000000000000044
1912,478250,226.8043495386496,382,29.94643940261677,0.050000000000000044
1913,478358,51.64693439094597,108,28.139529154532486,0.050000000000000044
1914,478622,246.54648108479864,264,24.19555509361354,0.050000000000000044
1915,479127,248.35386559724571,505,22.68654092697814,0.050000000000000044
1916,479271,40.944836576083134,144,20.113330557114548,0.050000000000000044
1917,479499,273.33277613394625,228,28.0834872938954,0.050000000000000044
1918,479722,270.7339139593865,223,25.40035174793727,0.050000000000000044
1919,479925,279.4175909305377,203,16.490079813256052,0.050000000000000044
1920,480132,272.9592006157538,207,27.050011105727457,0.050000000000000044
1921,480348,260.7410200812799,216,21.32886250289502,0.050000000000000044
1922,480608,298.97841697131787,260,34.70101151076647,0.050000000000000044
1923,480836,268.81975671550833,228,27.77774329431224,0.050000000000000044
1924,480997,256.3221046411478,161,29.1063868787533,0.050000000000000044
1925,481347,289.95387601417957,350,22.967409598955086,0.050000000000000044
1926,481633,301.4409605328411,286,18.9068004143509,0.050000000000000044
1927,481833,248.58287286758497,200,37.77212108895183,0.050000000000000044
1928,482007,277.7176601027801,174,40.021645715267496,0.050000000000000044
1929,482178,316.07804832245654,171,23.565977724759204,0.050000000000000044
1930,482269,42.06623789577594,91,28.44501427438233,0.050000000000000044
1931,482430,306.32955082833587,161,28.655397011256365,0.050000000000000044
1932,482704,294.4861595914963,274,27.404864584496856,0.050000000000000044
1933,482904,300.4472762676833,200,13.295885723382234,0.050000000000000044
1934,483043,48.52803544381686,139,21.47418834740738,0.050000000000000044
1935,483260,285.59373614622484,217,25.599600886144945,0.050000000000000044
1936,483419,54.8425493273883,159,15.644617382835293,0.050000000000000044
1937,483642,272.18342741254435,223,29.650087640224015,0.050000000000000044
1938,483870,286.2835790991006,228,36.76477163703295,0.050000000000000044
1939,484037,293.67970878899007,167,22.39789456307531,0.050000000000000044
1940,484278,272.01257346047896,241,27.028561726336164,0.050000000000000044
1941,484588,270.9189894211502,310,19.231715900811455,0.050000000000000044
1942,484786,250.53467850109794,198,29.36637606178269,0.050000000000000044
1943,485025,307.77286187834994,239,26.78220605102044,0.050000000000000044
1944,485428,282.9800178600083,403,30.545073284922402,0.050000000000000044
1945,485744,255.98950289400238,316,18.09958267499563,0.050000000000000044
1946,486015,291.2977358542115,271,26.739914199742884,0.050000000000000044
1947,486199,262.7500817202648,184,21.916082281457342,0.050000000000000044
1948,486452,271.47751848552855,253,23.87408024679295,0.050000000000000044
1949,486667,292.4345621545667,215,19.654964530606602,0.050000000000000044
1950,486870,291.60902110978685,203,17.30601371677932,0.050000000000000044
1951,487067,274.52833055827455,197,23.486046323997115,0.050000000000000044
1952,487310,269.53239794289476,243,30.686672280600042,0.050000000000000044
1953,487474,269.1807321602462,164,23.106172685852137,0.050000000000000044
1954,487633,54.99983643391187,159,27.89196425432679,0.050000000000000044
1955,487778,288.4114926555396,145,32.29622793187355,0.050000000000000044
1956,487996,272.51789788433285,218,24.130750175394596,0.050000000000000044
1957,488199,284.95527871070624,203,28.34890545258675,0.050000000000000044
1958,488763,250.72134302549986,564,25.77585804694933,0.050000000000000044
1959,489014,273.16106558918193,251,23.84956773539701,0.050000000000000044
1960,489210,285.3458414908104,196,26.762966755625545,0.050000000000000044
1961,489397,276.0800837394768,187,24.130642086347155,0.050000000000000044
1962,489813,286.6700104349861,416,22.45089479213437,0.050000000000000044
1963,490075,271.47811305926973,262,22.008189111948013,0.050000000000000044
1964,490278,280.25316481659837,203,28.36940976522239,0.050000000000000044
1965,490498,273.7382105801984,220,24.557060405747457,0.050000000000000044
1966,490641,28.809084191636998,143,16.832963150906394,0.050000000000000044
1967,490881,282.1587522802836,240,26.78117008258899,0.050000000000000044
1968,491091,288.4013268212,210,15.18413106884275,0.050000000000000044
1969,491220,56.51372473222429,129,40.8969404013582,0.050000000000000044
1970,491472,240.3120396687585,252,25.04079532694249,0.050000000000000044
1971,491694,289.2074482350905,222,23.88167069020035,0.050000000000000044
1972,492005,281.1098006259118,311,23.09641154076892,0.050000000000000044
1973,492228,297.83796113044275,223,21.55706199268589,0.050000000000000044
1974,492411,265.6419699204024,183,31.68335783644452,0.050000000000000044
1975,492573,263.0290434867396,162,15.043152148984833,0.050000000000000044
1976,492775,273.10420419978936,202,19.274666764579788,0.050000000000000044
1977,492976,307.5818618862894,201,36.22751511062555,0.050000000000000044
1978,493172,282.4681907105642,196,31.805180072328266,0.050000000000000044
1979,493297,56.23841736710767,125,28.435536189436913,0.050000000000000044
1980,493525,289.4948518033124,228,23.415649979326286,0.050000000000000044
1981,493688,310.3699214741075,163,21.48908570079716,0.050000000000000044
1982,493880,272.9443616346251,192,31.007154463014256,0.050000000000000044
1983,494154,307.90968522483774,274,23.32664942725079,0.050000000000000044
1984,494344,279.5268400609641,190,19.714355376441226,0.050000000000000044
1985,494566,272.358233271325,222,21.371317455561847,0.050000000000000044
1986,494714,287.1114204299109,148,25.440942994344073,0.050000000000000044
1987,494888,284.6128700294924,174,20.145536843730117,0.050000000000000044
1988,495150,297.38371412916655,262,27.2910314688587,0.050000000000000044
1989,495346,294.41945514501106,196,17.695118275680105,0.050000000000000044
1990,495737,292.0903058365991,391,22.776621654248604,0.050000000000000044
1991,495946,275.80012912369887,209,19.079873358946667,0.050000000000000044
1992,496279,270.6515888190262,333,24.313591332004236,0.050000000000000044
1993,496441,252.2779441243154,162,26.34898437568803,0.050000000000000044
1994,496602,279.1901144110832,161,29.13372850473623,0.050000000000000044
1995,496784,260.67307773523373,182,23.16795114173994,0.050000000000000044
1996,496941,53.54592273683397,157,29.169001297016813,0.050000000000000044
1997,497099,281.1001441825292,158,28.501969760165938,0.050000000000000044
1998,497539,293.18896460359474,440,24.328520761294797,0.050000000000000044
1999,497722,286.6844687949313,183,20.844109446217452,0.050000000000000044
2000,497932,251.31759549514473,210,16.738509372586297,0.050000000000000044
