episode,total_steps,reward,length,mean_loss,epsilon
1,110,-158.88128383783442,110,,0.9989645
2,224,-239.38890776072492,114,,0.9978815
3,299,-192.38652836837258,75,,0.997169
4,378,-93.88890045202305,79,,0.9964185
5,492,-45.25108376694478,114,,0.9953355
6,583,-129.72954445399324,91,,0.994471
7,659,-78.25337561211919,76,,0.993749
8,728,-233.15594523028167,69,,0.9930935
9,803,-77.6930314854437,75,,0.992381
10,875,-77.71987009408525,72,,0.991697
11,960,-129.70482227776537,85,,0.9908895
12,1022,-104.76003053748948,62,,0.9903005
13,1102,-89.86295616789734,80,,0.9895405
14,1209,-304.39192358868945,107,,0.988524
15,1331,-241.4012628739207,122,,0.987365
16,1393,-131.3074989430994,62,,0.986776
17,1481,-106.2560742891901,88,,0.98594
18,1583,-227.65315890330413,102,,0.984971
19,1659,-105.36448661848395,76,,0.984249
20,1719,-94.02441729489279,60,,0.983679
21,1816,-390.015529502634,97,,0.9827575
22,1908,-297.03922246319735,92,,0.9818835
23,1978,-71.33479975291651,70,,0.9812185
24,2042,-110.4545391298318,64,,0.9806105
25,2157,-82.57007681985019,115,,0.979518
26,2245,-359.89194257702275,88,,0.978682
27,2342,20.350977787659716,97,,0.9777605
28,2447,-248.04834265765663,105,,0.976763
29,2565,-129.10276990174322,118,,0.975642
30,2656,-109.90269903631423,91,,0.9747775
31,2786,-122.3880531862855,130,,0.9735425
32,2840,-162.46900593009752,54,,0.9730295
33,2946,-129.5140941211382,106,,0.9720225
34,3088,-130.09137115024464,142,,0.9706735
35,3178,-450.45511613599376,90,,0.9698185
36,3317,-264.4518115462165,139,,0.968498
37,3381,-70.03345490453356,64,,0.96789
38,3477,-125.96190373761578,96,,0.966978
39,3588,-199.01155423893942,111,,0.9659235
40,3659,-210.434847586643,71,,0.965249
41,3723,-127.58981284246642,64,,0.964641
42,3830,-244.47008559545154,107,,0.9636245
43,3926,-4.405336103690544,96,,0.9627125
44,4017,-98.27964054986221,91,,0.961848
45,4095,-174.67344181932992,78,,0.961107
46,4166,-171.6878542789068,71,,0.9604325
47,4239,-135.63402892586527,73,,0.959739
48,4307,-177.9231236538639,68,,0.959093
49,4422,-130.28123131945853,115,,0.9580005
50,4491,-117.55415449410114,69,,0.957345
51,4587,-126.72910275338084,96,,0.956433
52,4650,-111.80137239596809,63,,0.9558345
53,4768,-292.43306706767584,118,,0.9547135
54,4844,-124.83570286419655,76,,0.9539915
55,4936,-331.1930651244319,92,,0.9531175000000001
56,5009,-177.51264743109903,73,117.68656463623047,0.952424
57,5142,-121.61821249587979,133,126.26119282729644,0.9511605
58,5210,-109.94774459842283,68,107.01853619077626,0.9505145
59,5298,-266.48534014574676,88,120.78773100267757,0.9496785
60,5370,-74.19233750961459,72,122.77584780752659,0.9489945
61,5484,-176.85316997661295,114,106.07856691511054,0.9479115
62,5564,-88.03961267421901,80,102.85441451519728,0.9471515
63,5669,-97.03924137717868,105,105.51792722202482,0.946154
64,5815,-139.9516511316921,146,82.49575423337009,0.944767
65,5922,-196.66495497298195,107,111.91769637014264,0.9437505
66,6034,-256.0831723076284,112,78.03744979309184,0.9426865
67,6109,-117.99817555356596,75,109.25046825091044,0.941974
68,6207,-277.7653495400552,98,82.767179663084,0.941043
69,6345,-87.43704196328433,138,91.59167749207953,0.939732
70,6424,-211.6442571114813,79,83.31343141160434,0.9389815
71,6523,-191.20093414744153,99,90.307219334323,0.938041
72,6626,-274.20734016215147,103,95.77591711977153,0.9370625
73,6727,-76.14997103436804,101,73.2848283111459,0.936103
74,6815,-190.4470091374986,88,93.23843476243995,0.935267
75,7815,70.68394806230017,1000,72.93628109061719,0.925767
76,7927,-158.35171151072075,112,61.446305465485366,0.924703
77,8082,-146.51752982517368,155,75.6813829429688,0.9232305
78,8188,-183.489887154111,106,62.42668795923017,0.9222235
79,8277,48.60163070856652,89,60.684294268656316,0.921378
80,8352,-77.27869154122976,75,76.12653500398,0.9206655
81,8501,-385.64318824805474,149,52.322187972548825,0.91925
82,8603,-146.03005930802976,102,57.02256589426714,0.918281
83,8737,-257.29939374241053,134,62.751542015751795,0.917008
84,8874,-180.97385245837688,137,69.28181934704746,0.9157065
85,8945,-104.30612667139053,71,54.30055262085418,0.915032
86,9023,-122.63490251178969,78,49.45855376200798,0.914291
87,9138,-80.42973526488997,115,53.04319225135057,0.9131985
88,9290,-94.88460617141828,152,48.25082435066763,0.9117545
89,9422,-79.47184487901126,132,57.154672183773734,0.9105005
90,9534,-100.63296379167518,112,58.47481202759913,0.9094365
91,9600,-150.45928734290678,66,53.105341375777215,0.9088095
92,9701,-243.88788954219882,101,56.437890278230796,0.90785
93,9786,-99.99280055658058,85,50.411897643874674,0.9070425
94,9956,-193.44451689473706,170,57.57486744663294,0.9054275
95,10025,-86.51876316410946,69,49.812528387359954,0.904772
96,10113,-309.68731661549134,88,48.1510904350064,0.903936
97,10198,2.5141976041269913,85,52.079545005630045,0.9031285
98,10322,-278.64879310732124,124,62.52638257991883,0.9019505
99,10425,-50.53601560179088,103,82.39290919813138,0.900972
100,10555,-240.52301986687598,130,61.20934388866792,0.899737
101,10670,24.884790592723775,115,45.761929536902386,0.8986445000000001
102,10759,-118.9202480968019,89,64.05803325738799,0.897799
103,10874,-165.75688828181728,115,49.27336822540864,0.8967065000000001
104,10995,-89.39896511738735,121,55.61271491474356,0.895557
105,11112,-97.01753590497782,117,61.77116462104341,0.8944455
106,11251,-273.25894450019496,139,48.30006898435757,0.893125
107,11388,-136.85942739962405,137,58.38975008865342,0.8918235
108,11494,-196.25014170050713,106,63.24692802496676,0.8908165
109,11599,-44.049941070543,105,60.32858311278479,0.889819
110,11691,-82.12298275933468,92,59.96201385104138,0.888945
111,11768,-115.24777643343751,77,49.79704996672544,0.8882135
112,11875,-314.7976868700785,107,65.27246839420818,0.887197
113,11975,-103.28426622242921,100,50.62147398591041,0.886247
114,12092,-194.74145044326622,117,73.88100241595863,0.8851355
115,12168,-69.0583308053724,76,52.03203174471855,0.8844135
116,12291,2.7552292524806177,123,55.25632176457382,0.8832450000000001
117,12447,-175.2236870500032,156,66.18215752717776,0.881763
118,12513,-76.55578262398117,66,65.97743093696508,0.881136
119,12590,-95.99332939393962,77,58.46185091408816,0.8804045
120,12712,-43.00693821930521,122,59.55033271918531,0.8792455
121,12828,-149.29146045066818,116,60.73901488246589,0.8781435
122,12900,-13.020301033942076,72,46.833999022013614,0.8774595000000001
123,13010,-158.65636808420217,110,69.90020865635438,0.8764145
124,13130,-198.3743605370385,120,59.31614007850488,0.8752745
125,13204,-136.18768961308845,74,43.78641386531495,0.8745715000000001
126,13278,-106.27563823032776,74,35.74254984307934,0.8738685
127,13355,-69.5746707639986,77,69.07854851964233,0.873137
128,13466,-120.53507840273464,111,46.56962064257613,0.8720825
129,13578,-172.75479598917062,112,62.893215106001925,0.8710185
130,13653,-47.5161429295748,75,59.88181777159373,0.870306
131,13726,-71.13649699732818,73,57.33532092016037,0.8696125
132,13840,-312.8099650940208,114,49.63382611619799,0.8685295
133,13926,-96.58388561290526,86,80.12213243440141,0.8677125
134,14063,-148.72533325946435,137,50.71023634968013,0.866411
135,14128,-100.79689831989954,65,79.11624309833233,0.8657935
136,14221,-74.64048113711941,93,54.60159310474191,0.8649100000000001
137,14375,-37.84953687872827,154,65.82872852141207,0.863447
138,14483,-171.67377940952528,108,75.76801020127756,0.862421
139,14563,-124.41029748184481,80,50.568670897185804,0.861661
140,14660,-79.44922805052605,97,65.72306436054485,0.8607395
141,14748,-146.5742255086202,88,53.53252707083117,0.8599035
142,14847,-248.15816769656323,99,58.95352482314062,0.858963
143,14924,-53.29604115464128,77,60.78470649038042,0.8582315
144,15078,-309.6850492944352,154,68.24166450175372,0.8567685
145,15174,-261.7831060198407,96,65.79625441133976,0.8558565
146,15308,-105.9864835898945,134,60.9728933234713,0.8545834999999999
147,15373,-64.01832470130029,65,63.116367620688216,0.853966
148,15500,-171.3454549587545,127,69.91018848907291,0.8527595
149,15606,-114.75681707135912,106,61.84962832927704,0.8517525
150,15662,-74.60445159248795,56,53.378815063408446,0.8512205
151,15764,-95.76979651979113,102,53.344978797669505,0.8502515
152,15916,-36.55229759711992,152,81.41421803086996,0.8488074999999999
153,16019,-72.67451712867538,103,80.54091741969285,0.847829
154,16079,-102.14255329685041,60,44.95243891278903,0.847259
155,16208,-62.744472471952015,129,81.58723486209101,0.8460335
156,16307,-30.287624189065937,99,64.77658001943068,0.845093
157,16385,-58.730881196836826,78,78.40676134137007,0.844352
158,16453,-75.31490958776928,68,34.39735025255119,0.8437060000000001
159,16623,-342.7202633862182,170,58.78073069733732,0.842091
160,16691,-59.59266342881612,68,59.504745202905994,0.841445
161,16835,-164.08241237578363,144,63.71519402911266,0.840077
162,16935,6.031091022938057,100,65.95184362411499,0.839127
163,17019,-36.2597599646536,84,55.51779529736156,0.838329
164,17103,-95.83037627418237,84,71.09210784804253,0.837531
165,17192,-90.3106741363815,89,63.27265475841051,0.8366855
166,17308,-15.038932635989639,116,64.73725498904442,0.8355835
167,17448,-42.20127386769386,140,62.346278874363215,0.8342535
168,17546,-207.38048364776608,98,55.99453936426007,0.8333225
169,17654,-130.2575644565418,108,68.1544999436096,0.8322965
170,17737,-70.63218522527353,83,70.20308704907636,0.831508
171,17804,-94.09771713285484,67,65.73769808082439,0.8308715
172,17921,-177.92267097901328,117,57.065610371593735,0.82976
173,17983,-81.2619337925869,62,61.6850274118685,0.829171
174,18056,-79.59814867511635,73,100.37816475352196,0.8284775
175,18173,-113.09320960658691,117,67.98615765979147,0.827366
176,18296,-110.81389653267358,123,68.79574736347044,0.8261975
177,18384,-91.59993414520629,88,66.13022252036767,0.8253615000000001
178,18462,-62.97699095187981,78,57.33787060318849,0.8246205
179,18571,-71.5338465965498,109,68.21195857295203,0.823585
180,18660,-79.90353777177529,89,54.59066243319029,0.8227395
181,18832,-4.99449737036548,172,70.31047369331814,0.8211055
182,18953,-259.69909952601915,121,82.61158700915408,0.819956
183,19033,-140.49597910932317,80,61.04126303568482,0.819196
184,19137,-97.26517084697338,104,81.46020858333661,0.818208
185,19204,-66.02549755974188,67,57.01406411715408,0.8175715
186,20204,67.78756596730612,1000,65.98575761073828,0.8080715
187,20287,-106.18696148250334,83,86.68573183252151,0.807283
188,20373,-93.05022414783151,86,48.26484758354897,0.806466
189,20443,-74.75943423567512,70,73.93774370806558,0.805801
190,20508,-37.058367660523174,65,95.53517452570108,0.8051835
191,20650,-256.69957912585755,142,55.30517204294742,0.8038345
192,20757,-123.96096983587876,107,46.52610397171751,0.802818
193,20814,-47.617532070920085,57,69.19743327718032,0.8022765000000001
194,20913,-89.29197931681033,99,64.51299442426122,0.801336
195,21014,32.272869397031144,101,70.86165907005272,0.8003765
196,21130,-119.2479086477286,116,82.41319851525898,0.7992745
197,21247,-76.29049635827901,117,53.06880251668457,0.798163
198,21323,-43.216091430516045,76,80.81625860772635,0.7974410000000001
199,21388,-93.50506229320645,65,66.01062600979438,0.7968235
200,21531,-76.55231683323638,143,64.51001020744964,0.795465
201,21628,-29.734115984799388,97,83.41625781649167,0.7945435000000001
202,21710,-104.95184574584056,82,89.30345994815593,0.7937645
203,21771,-50.57921572054349,61,67.52452917079457,0.793185
204,21867,-86.8725938607617,96,73.53087091694276,0.792273
205,21968,-25.185392991947552,101,84.03144984434147,0.7913135
206,22045,-38.224761704363715,77,95.27872489025066,0.790582
207,22182,-100.41607474205432,137,76.9886140840767,0.7892805
208,22251,-40.19269572236735,69,100.56383372562519,0.788625
209,22325,-88.91240995258144,74,116.7944471739434,0.787922
210,22409,-89.93854096718901,84,64.68634773436047,0.787124
211,22488,-84.65374013488986,79,92.39457571959194,0.7863735000000001
212,22547,-60.67230885148692,59,91.6193145816609,0.785813
213,22623,-62.40855988576905,76,62.39377819550665,0.785091
214,22761,-90.97434780832623,138,69.04697593917017,0.78378
215,22828,-64.60620235110173,67,42.042601846936925,0.7831435
216,22930,-61.675783573763376,102,81.75626091103928,0.7821745
217,23018,-104.76247325684969,88,87.74543263695456,0.7813384999999999
218,23113,-73.36359892015653,95,74.33840079182073,0.780436
219,23227,-52.67395927536007,114,90.36407517445714,0.779353
220,23288,-105.09127796972285,61,67.04515884547938,0.7787735
221,23425,-90.66022993215515,137,57.79793686588315,0.7774719999999999
222,23521,-44.71737546263133,96,83.54759992162387,0.77656
223,23594,-83.09458783650638,73,93.95147721734766,0.7758665
224,23710,-430.80838348852893,116,77.00061794601638,0.7747645000000001
225,23825,-86.22464794613894,115,82.34487927789273,0.773672
226,23937,-123.81137027752582,112,75.28413099369833,0.772608
227,24049,-52.881592831992364,112,58.37102070237909,0.771544
228,24177,-39.051905283040014,128,97.13745317514986,0.770328
229,24281,-98.71389955243004,104,69.27875490601247,0.76934
230,24417,-24.624431461573465,136,76.48888482153416,0.7680480000000001
231,24524,-77.61408065472887,107,104.08377310828628,0.7670315
232,24620,-51.92228118441076,96,87.87295286729932,0.7661195000000001
233,24686,-75.75819166284795,66,61.26775651808941,0.7654925
234,24822,-47.56038243765351,136,81.97789106211242,0.7642005000000001
235,24959,-86.97130523818275,137,87.93231575071377,0.762899
236,25043,-52.33457995171045,84,58.85319006301108,0.762101
237,25179,-84.61726426838513,136,72.12663646831231,0.7608090000000001
238,25344,16.89561872862835,165,110.59099870739561,0.7592415
239,25422,-25.608954370886934,78,73.12272322789217,0.7585005
240,25505,-43.08626815240392,83,107.00247871588512,0.757712
241,25623,-87.63136429978272,118,101.47373749442019,0.756591
242,25683,-87.9832160191788,60,100.32969036102295,0.756021
243,25802,-70.90144155609646,119,78.57778023371175,0.7548905
244,25904,-61.09172883162822,102,73.90205261052823,0.7539215
245,25999,-72.05599205499873,95,82.37835495597437,0.753019
246,26067,-57.989956531797176,68,70.7018621125642,0.752373
247,26172,-110.188353603647,105,81.4818430185318,0.7513755
248,26240,-78.39603502260988,68,116.7768610601916,0.7507295
249,26361,-86.48891902555866,121,91.07637287171418,0.74958
250,26429,-81.30163443441,68,95.97053764848148,0.748934
251,26553,-31.285130882418358,124,86.70776783074102,0.7477560000000001
252,26628,-50.621717871724,75,74.4039945268631,0.7470435
253,26736,-79.00641673207905,108,74.48256541126304,0.7460175
254,26831,-19.137829548462378,95,100.2365711638802,0.745115
255,27504,-179.2542795513258,673,90.41512137651443,0.7387215
256,27635,-63.1553358193059,131,82.30738297855581,0.737477
257,27715,-28.224946547319746,80,76.16894152015448,0.7367170000000001
258,27849,-86.91842761846642,134,101.51103981929039,0.735444
259,28012,-73.71942777424607,163,129.8711078993382,0.7338955
260,28116,-102.47644305131175,104,101.62160036197075,0.7329075
261,28186,-67.59759630026096,70,80.45539418969835,0.7322425
262,28341,-55.83837228286125,155,86.13881323645192,0.73077
263,28502,-68.96702176030847,161,90.51031218552441,0.7292405
264,28665,-57.74286965689058,163,68.63854530179428,0.727692
265,28747,-118.72557765362438,82,111.29968827962875,0.726913
266,28823,-56.94968308789717,76,83.4683067233939,0.726191
267,29014,-96.66734469217023,191,86.8659589253171,0.7243765
268,29151,-159.2365526947313,137,92.07785764488861,0.723075
269,29245,-24.08611693591233,94,85.97331497009765,0.7221820000000001
270,29389,-47.24519312883265,144,142.90676296419568,0.7208140000000001
271,29506,-68.8863114428833,117,84.18873019198067,0.7197025
272,29639,-101.20910157650565,133,124.52614567692119,0.718439
273,29766,-87.92839792319302,127,86.99693973327246,0.7172324999999999
274,29917,-96.729879649931,151,79.38374752319412,0.715798
275,30045,-47.89478884689863,128,87.48480468057096,0.714582
276,30140,-124.09005886635875,95,113.27706025650626,0.7136795
277,30312,-69.36219080412917,172,69.45217164172682,0.7120455
278,30434,-67.86604174243573,122,111.37711560530741,0.7108865
279,30544,-33.03267340424192,110,100.56784715652466,0.7098415
280,30713,-57.608610994335706,169,101.9503569863957,0.7082360000000001
281,30813,-109.05632404761934,100,160.91208260178567,0.7072860000000001
282,30884,-73.11667476332741,71,83.66803750857501,0.7066115
283,31003,-129.65996928976995,119,127.5222447249068,0.705481
284,31138,-69.11181711356855,135,88.48099516232809,0.7041985
285,31231,-19.160621522204693,93,86.03245163604777,0.7033149999999999
286,31364,-24.030340860202003,133,72.17896891267677,0.7020515
287,31661,-174.38602493340315,297,75.51393857106616,0.69923
288,31852,-217.8954543253576,191,77.32911546192868,0.6974155
289,31973,-83.01853770832142,121,97.61879484614064,0.696266
290,32055,-83.87427479521455,82,106.850249935941,0.695487
291,32131,-48.36330088278145,76,109.9861826190823,0.6947650000000001
292,32220,-77.01984320503541,89,85.8212822943591,0.6939195
293,32362,-50.990502864584386,142,76.55443501388523,0.6925705
294,32473,-89.19918942015293,111,71.16820338073077,0.691516
295,32541,-41.51741425771254,68,75.4581903850331,0.69087
296,32649,-70.25716570969333,108,85.46639447521281,0.689844
297,32722,-51.84133618549594,73,90.48892646293118,0.6891505
298,32835,-59.259802271435504,113,67.84805631215593,0.688077
299,32952,-59.23034647651559,117,78.9978877275418,0.6869655
300,33050,-86.08703573348193,98,89.36328842202012,0.6860345
301,33121,-55.50969811309439,71,67.36460643419078,0.68536
302,33190,-73.45908173376853,69,100.00030530708423,0.6847045
303,33297,-98.91155322989884,107,91.37756637769324,0.6836880000000001
304,33419,-36.53401965052436,122,105.3588534974661,0.682529
305,33537,-36.4482764733048,118,110.56222177966167,0.681408
306,33712,-74.80749959462923,175,103.52010198661259,0.6797455
307,33827,-52.589079609768774,115,64.36007509024247,0.678653
308,33913,-25.181604207241648,86,72.4992793604385,0.6778360000000001
309,33988,-58.109736691471326,75,97.12315474669138,0.6771235
310,34988,34.914989425045775,1000,83.27470512378216,0.6676234999999999
311,35097,-105.83615991385815,109,116.86288399324505,0.666588
312,35247,-31.338082165216093,150,99.19728769381841,0.665163
313,35338,-80.75965817553283,91,119.77450263631214,0.6642985
314,35418,-69.65632816776619,80,97.82437608093024,0.6635385
315,35485,-6.124278790247786,67,121.9683427810669,0.6629020000000001
316,35556,-85.03320867777023,71,132.6458722873473,0.6622275
317,35667,-0.8666599633920953,111,101.17682990297541,0.661173
318,35762,-49.84785069154664,95,100.75343092868202,0.6602705
319,36041,-132.64281675684103,279,98.0392605499982,0.6576200000000001
320,36132,-51.50313085046621,91,93.74197757768107,0.6567555
321,36240,-90.9419927940708,108,88.10259828081837,0.6557295000000001
322,36361,-49.95303324316298,121,150.87829914762955,0.65458
323,36441,-50.295610395063775,80,140.09261426627637,0.6538200000000001
324,36521,-67.81721375007584,80,101.83636880517005,0.65306
325,36626,-82.69437050654017,105,87.13586431457882,0.6520625
326,36763,-58.40937111479004,137,55.662915422968624,0.650761
327,36863,-75.82058577630616,100,72.11792497992515,0.649811
328,36928,-45.684691444034634,65,105.89909327030182,0.6491935
329,37056,-72.73781770841525,128,106.59335543960333,0.6479775000000001
330,37176,-92.77017357490531,120,93.88646613160769,0.6468375
331,37330,-48.397348233163214,154,92.77030694407303,0.6453745
332,37441,-51.96759213427828,111,73.46288813878824,0.64432
333,37593,-73.67988599029547,152,136.0513132998818,0.642876
334,37745,-146.30294259547907,152,83.32482169176403,0.641432
335,37851,6.131907719481362,106,35.04269940785642,0.640425
336,37937,-70.56447282476154,86,198.75453793586686,0.6396080000000001
337,38085,-5.191508317543935,148,109.10947511325011,0.6382019999999999
338,38174,-58.3503060239172,89,145.5235981003622,0.6373565
339,38283,-44.038373058279035,109,120.66404384866767,0.636321
340,38366,-60.94110236709203,83,129.90705851330816,0.6355325000000001
341,38469,-83.80119759417195,103,138.1809653900202,0.6345540000000001
342,38591,-62.74321290361036,122,107.48311035945767,0.6333949999999999
343,38687,-64.22551296285573,96,148.1347367875278,0.632483
344,38805,-117.5309980772301,118,76.79143728745186,0.631362
345,38937,-125.4221684880762,132,137.39262426260746,0.6301080000000001
346,39037,-76.57364554757552,100,76.70372599601745,0.6291580000000001
347,39174,20.833475833017886,137,123.71088665158209,0.6278565
348,39290,-35.699970431334435,116,86.75054224811751,0.6267545
349,39402,-12.144801801549164,112,94.33101235010794,0.6256904999999999
350,39550,-21.11220798189167,148,137.26755544946,0.6242845
351,39634,-37.75444331526219,84,81.87130344055947,0.6234865
352,39813,-139.4264950597198,179,122.1918889457287,0.6217860000000001
353,39937,-81.75325755595173,124,139.42732131000488,0.620608
354,40005,-56.49800972280799,68,176.62521282189033,0.619962
355,40066,-66.9966378992453,61,124.18229085500123,0.6193825
356,40165,-40.706739764108036,99,157.5892853616464,0.618442
357,40286,-58.6414951465868,121,109.05186521711428,0.6172925
358,40412,-104.09023076234718,126,99.26278176288756,0.6160955
359,40530,-82.48732127884281,118,97.08697464809579,0.6149745
360,40624,-6.947802312903534,94,151.7623985143418,0.6140815000000001
361,40713,-9.829181615396237,89,152.07882978407184,0.6132360000000001
362,40812,-84.29247832086897,99,138.99963326285584,0.6122955000000001
363,40910,-51.99184741491335,98,155.28386670107744,0.6113645000000001
364,41022,-88.18361889584547,112,139.85883383452892,0.6103005
365,41145,-60.42647815014155,123,85.24826704874272,0.609132
366,41216,-71.66274082940117,71,122.27391205203365,0.6084575
367,41310,12.450423977677119,94,92.20226182075257,0.6075645000000001
368,41422,-87.58782670710818,112,270.8327455786722,0.6065005
369,41494,-58.24694664951471,72,145.85538797577223,0.6058165
370,41609,-31.19143949274242,115,146.75318690693896,0.604724
371,41730,-48.10517454567177,121,108.16814022517401,0.6035745
372,41839,-57.816303730637365,109,158.63100603195505,0.602539
373,41947,5.202159756498347,108,178.37106741136975,0.601513
374,42045,-89.610951393437,98,120.27301944032007,0.6005820000000001
375,42130,0.05724151501382835,85,125.4383882185992,0.5997745000000001
376,42249,-32.68901583434521,119,150.5481838809342,0.598644
377,42348,-53.30620500108053,99,161.82245419242165,0.5977034999999999
378,42442,-126.29958079674209,94,196.35198295243242,0.5968105
379,42587,-91.01407301110353,145,99.41128392466183,0.595433
380,42691,-26.481416217492608,104,91.03474568862181,0.594445
381,42783,-63.17475675056119,92,187.2058560653873,0.5935710000000001
382,42883,-38.550129875190606,100,100.4215821158886,0.5926210000000001
383,42972,-17.97636793900942,89,103.12976595926821,0.5917755
384,43090,-91.51725730142394,118,109.85353822526285,0.5906545000000001
385,43179,-44.5943576365351,89,180.64269894562412,0.589809
386,43278,-62.72240837425147,99,159.55216533246667,0.5888685
387,43373,-30.53644179756006,95,113.59330874869698,0.587966
388,43505,-64.41704601820797,132,146.53339602188632,0.586712
389,43628,-12.139418314283816,123,65.68452711318567,0.5855435
390,43711,-111.09221988655057,83,167.91340527046157,0.584755
391,43791,-89.22214602101243,80,102.18054285496473,0.583995
392,43896,-67.32768269272155,105,155.7425579025632,0.5829975000000001
393,43976,-108.50137915617245,80,130.61307992637157,0.5822375
394,44108,-104.51699255530121,132,75.16156670993024,0.5809835
395,44182,-69.1254188636874,74,123.84320379270089,0.5802805
396,44288,-55.18250402211223,106,123.78437195633943,0.5792735
397,44392,-45.02664178418118,104,78.84315872421631,0.5782855
398,44493,-91.47470309323118,101,157.66213324518486,0.577326
399,44582,1.3907740175010304,89,55.89248485377665,0.5764805000000001
400,44665,-76.36733610881396,83,191.06580651955431,0.5756920000000001
401,44743,-47.69184997188046,78,117.18410335442958,0.574951
402,44862,-98.66975496363465,119,106.4429776317933,0.5738205000000001
403,44979,-68.83774532402471,117,126.9029102356006,0.572709
404,45056,-51.8489471076271,77,139.04156181874214,0.5719775
405,45168,-77.08038810228283,112,102.89984941482544,0.5709135000000001
406,45302,-55.94568128018473,134,115.35343210732759,0.5696405
407,45426,-37.52410287141545,124,129.26048154792477,0.5684625000000001
408,45523,-45.3345696007935,97,69.98289245305602,0.5675410000000001
409,45595,-95.62829971634947,72,96.26999563972156,0.5668569999999999
410,45696,-88.18555922425777,101,137.93715654269303,0.5658974999999999
411,45801,-31.259185399207908,105,121.13530562264579,0.5649
412,45886,-131.45700868060544,85,161.42129928785212,0.5640925000000001
413,45966,-10.072118551700186,80,120.77417419850826,0.5633325
414,46052,-26.75408314660727,86,84.17942246032315,0.5625155000000001
415,46179,-196.0843340155664,127,195.529416505746,0.5613090000000001
416,46263,-21.12636400670945,84,122.2201900709243,0.560511
417,46373,-59.35514900162883,110,75.97637549313632,0.559466
418,46489,-60.303555784904525,116,92.32696904704488,0.5583640000000001
419,46617,-35.607410200034295,128,182.53213999792933,0.557148
420,46702,-70.81637020312925,85,90.38387281473945,0.5563405
421,46812,-28.694059008554376,110,170.34780805327676,0.5552954999999999
422,46883,-41.12758392365825,71,106.19906455194446,0.554621
423,46985,-49.07070269331871,102,88.72345963529511,0.553652
424,47054,-21.77604234376642,69,133.03453435068545,0.5529965
425,47144,-71.67150078171593,90,180.5633601029714,0.5521415000000001
426,47241,-60.69196776370906,97,105.02768700024517,0.55122
427,47381,-20.149980867429974,140,133.96099979451725,0.54989
428,47499,-85.7230203058214,118,114.170575981423,0.5487690000000001
429,47590,-173.86103674440426,91,107.41543204443795,0.5479045
430,47673,-52.67608993605941,83,188.43787741661072,0.547116
431,47804,-126.15351354719436,131,120.8432817550106,0.5458715000000001
432,47923,-26.815856544709234,119,147.17176780580473,0.544741
433,48030,-58.9217549404145,107,137.06633985711036,0.5437244999999999
434,48131,-11.895993841409648,101,158.8976192049461,0.5427649999999999
435,48231,-24.928234279270242,100,132.59048604249955,0.5418149999999999
436,48321,28.448585552032938,90,113.58508734703064,0.54096
437,48413,-7.571131582903988,92,82.81237799188365,0.5400860000000001
438,48550,15.517181784049612,137,185.9318661602744,0.5387845
439,48672,10.593956817192264,122,166.01026279027346,0.5376255000000001
440,48785,-27.889221637404717,113,221.33402653922022,0.536552
441,48884,-57.71513515794606,99,138.4046735980294,0.5356115
442,49007,-152.77584235666424,123,127.69871747396826,0.534443
443,49106,-46.512037257034336,99,64.62766153523417,0.5335025
444,49238,18.13440637705476,132,142.7285440076481,0.5322485000000001
445,49334,-22.220332932842766,96,95.33214120691021,0.5313365000000001
446,49411,-32.249062907196674,77,139.46539236043955,0.530605
447,49518,-87.40503341731541,107,96.8205037462377,0.5295885
448,49607,-1.0435523928877188,89,181.5363557753938,0.528743
449,49674,-44.2273973633492,67,121.55574862814662,0.5281065
450,49749,-16.864187912088028,75,92.63242355028788,0.527394
451,49860,-45.370919741131914,111,69.36029000003059,0.5263395
452,49932,-54.392193803292315,72,227.16615902218552,0.5256555
453,50006,-19.56907098409853,74,72.11629919103675,0.5249525
454,50087,-21.43898555898211,81,151.6232956427115,0.5241830000000001
455,50181,-68.52950953542518,94,104.60251034574306,0.52329
456,50262,-68.26621995608917,81,109.36103927794798,0.5225204999999999
457,50366,-41.58902040438801,104,120.90885072258803,0.5215325
458,50465,-73.40924798634677,99,76.98237345194576,0.520592
459,50558,-77.90046767162937,93,156.332469273639,0.5197085000000001
460,50692,-93.05235038905644,134,123.22445596154057,0.5184355
461,50793,-56.806478662177724,101,132.462258199654,0.517476
462,50872,-34.95895692609689,79,183.59953044788747,0.5167255
463,50976,-43.36143412182233,104,89.59370753283685,0.5157375
464,51077,-68.56794779390904,101,159.00536863284535,0.514778
465,51176,-1.7132130282149944,99,71.5693657193521,0.5138375
466,51245,-13.223794724743485,69,74.72762676598369,0.513182
467,51390,22.983265472893493,145,114.00927186012268,0.5118045
468,51507,-26.066889611040523,117,105.4950285120907,0.5106930000000001
469,51602,14.31949602421156,95,118.72359165392425,0.5097905
470,51675,-27.68183732506094,73,33.94774080955819,0.509097
471,51765,-10.092785018719852,90,42.53618218898773,0.5082420000000001
472,51848,-43.40341569973566,83,77.80777125904359,0.5074535
473,51966,-32.290733226532254,118,94.55580480523028,0.5063325000000001
474,52082,-173.98926543158035,116,149.41551468187365,0.5052305
475,52180,-26.963750853031357,98,76.73837751393415,0.5042995000000001
476,52253,-7.359570379875606,73,136.0780623873619,0.503606
477,52326,-37.880073112280414,73,152.9400321816745,0.5029125000000001
478,52439,-12.685387867578072,113,109.52771882145805,0.5018390000000001
479,52544,-64.16345841722905,105,175.09073356900896,0.5008415
480,53115,-180.55797298403104,571,136.65349466996935,0.4954170000000001
481,53220,-52.255317750919204,105,36.771183592932566,0.4944195
482,53336,-64.25328475402432,116,143.38389624295564,0.4933175000000001
483,53425,3.4809198542756405,89,133.17331723282845,0.492472
484,53650,-179.53314185634216,225,128.18512447516125,0.4903345
485,53747,-41.63788056946255,97,154.12445190518173,0.489413
486,53986,-258.3784961360883,239,113.50863295618959,0.4871424999999999
487,54986,-31.76627075529073,1000,119.52826705932617,0.4776425000000001
488,55125,-168.5027342264802,139,85.12591352822969,0.476322
489,55227,12.107684265310581,102,176.11369845913904,0.475353
490,55360,-162.45839342437407,133,197.54141615387192,0.47408950000000005
491,55502,20.232341931589232,142,105.82146841791314,0.4727405
492,55646,-18.42619788606892,144,138.35802636626693,0.47137249999999997
493,55763,18.259807656222492,117,115.68417262929117,0.47026100000000004
494,55870,29.61145012577589,107,79.08351345262795,0.46924449999999995
495,55982,-29.76359130285438,112,75.10476696704116,0.4681805
496,56075,-37.234560733151824,93,89.06485964277739,0.46729699999999996
497,56226,9.098449020039979,151,192.41439424918977,0.46586249999999996
498,56289,-68.21913243342918,63,161.27711582183838,0.465264
499,56934,-185.48562275525666,645,128.44743221212727,0.45913650000000006
500,57023,-15.17497596245073,89,81.822161031573,0.4582910000000001
501,57149,-2.3018711597407133,126,105.31736726609488,0.457094
502,57227,-63.621145155212076,78,145.67162747566516,0.456353
503,57386,-164.20786858358787,159,107.41559636967737,0.45484250000000004
504,57515,5.24049229622365,129,93.00682848368504,0.45361700000000005
505,58123,-182.18313474765304,608,113.59015527583267,0.44784100000000004
506,58404,-39.15380271306012,281,136.90068693814328,0.44517149999999994
507,58511,-34.2556424420232,107,138.40432808332355,0.4441550000000001
508,58663,-17.818022902764255,152,146.86618971354082,0.44271099999999997
509,59663,17.58391790625415,1000,130.28513262355327,0.433211
510,59759,-66.51550769781724,96,130.76239905009666,0.432299
511,59844,-11.07099331895931,85,82.88101524465225,0.43149150000000003
512,60228,-101.86203285218954,384,133.02934104856104,0.42784350000000004
513,61228,-44.16547561146231,1000,140.01783633100987,0.4183435000000001
514,61310,-27.942610376853423,82,102.20119553949775,0.4175645
515,61525,-237.37803609019213,215,121.46618997718012,0.41552200000000006
516,61663,-17.605429828829372,138,121.34298490268597,0.4142110000000001
517,61801,37.58690540472216,138,158.91445722009826,0.41290000000000004
518,62107,-155.64026388507625,306,162.03454177325068,0.40999300000000005
519,62215,30.67440956665368,108,183.99672356579038,0.40896699999999997
520,63215,-90.4908259925896,1000,149.42176902234553,0.399467
521,63314,-0.6238659133189657,99,84.30861475010111,0.3985265
522,63431,4.8839781832465405,117,135.13255802178995,0.3974150000000001
523,63545,-80.71907513600495,114,118.68016341276336,0.396332
524,63664,-166.4573365012391,119,72.47322568973573,0.3952015
525,63752,-91.32525582089653,88,129.38130812482402,0.39436550000000004
526,63829,-5.535923183493139,77,54.00690375674855,0.39363400000000004
527,64829,-3.519819529894252,1000,102.25671268308163,0.3841340000000001
528,64942,9.45068939964456,113,56.06613088392579,0.3830605
529,65037,50.783163441452075,95,176.7979734220003,0.382158
530,66037,-124.86347107607305,1000,81.70973242175579,0.37265800000000004
531,66191,24.500510813842567,154,107.18579595894009,0.37119499999999994
532,67191,-15.343060503131108,1000,111.61559630513192,0.361695
533,68191,-32.50962744064509,1000,122.5852726316452,0.35219500000000004
534,68287,-23.153669371766696,96,121.75076938172181,0.351283
535,68446,8.977222014594133,159,65.06065183615534,0.34977250000000004
536,69446,0.8372447895702222,1000,108.93354909205436,0.3402725
537,69534,-20.682606391463025,88,173.83667889508334,0.33943650000000003
538,69644,-137.77002678057625,110,103.03188433647156,0.33839150000000007
539,70644,-3.5384318268488757,1000,122.25819661712646,0.3288915
540,70921,44.20441819045428,277,178.50339507970568,0.32626
541,71058,24.99237768007238,137,90.19887375657576,0.32495850000000004
542,71214,-15.327434468156724,156,103.45210176094984,0.32347649999999994
543,71313,15.626090532622882,99,135.49756453494834,0.32253600000000004
544,72313,26.94991702356009,1000,82.47358833456039,0.3130360000000001
545,72413,-52.145395589267785,100,83.37847880601883,0.3120860000000001
546,72542,-18.975273615280273,129,172.08255057649095,0.3108605
547,72668,11.36995802655025,126,167.56798062059613,0.3096635
548,72791,-43.07968635687821,123,94.8549699589489,0.3084950000000001
549,73791,-63.64635108025935,1000,102.92055465888977,0.298995
550,73920,-12.590682763336218,129,88.06948171659957,0.2977695
551,74030,-34.26485662003992,110,112.42073049870405,0.29672450000000006
552,75030,-17.848937043338395,1000,119.18957627487183,0.2872245
553,75126,-19.01017584639382,96,201.7298570672671,0.2863125000000001
554,76126,0.45882017908473927,1000,97.23944936871528,0.2768125
555,76248,-20.581934960360456,122,79.52753177334051,0.2756535000000001
556,77248,-24.34882338905202,1000,124.22275560235977,0.26615350000000004
557,78248,-31.00835873696361,1000,114.22025041508675,0.2566535000000001
558,78350,75.4653916184474,102,105.93232722025292,0.2556845
559,79350,-56.0562618873962,1000,91.82992840862275,0.24618450000000003
560,80350,-4.640324198057445,1000,97.93753186869621,0.23668449999999996
561,81350,-18.14134055707775,1000,114.82068481934071,0.2271845
562,82350,13.22646459889128,1000,103.41470506775379,0.21768449999999995
563,83350,-22.86295265100339,1000,106.39128326535224,0.2081845000000001
564,83528,-5.092622432660832,178,112.60211653521891,0.2064935000000001
565,84528,-1.7664416113434902,1000,87.13747022378445,0.19699350000000004
566,85528,-54.37224720018384,1000,97.21745216524602,0.1874935000000001
567,86528,-28.691960280772197,1000,111.55988464677334,0.17799350000000003
568,87528,-12.255114832597629,1000,121.43735643076897,0.16849350000000007
569,88528,9.331108033082952,1000,94.5832805018425,0.1589935
570,89528,-22.11122569585666,1000,115.3056376402378,0.14949350000000006
571,90528,14.098448292287232,1000,102.42672323608399,0.1399935
572,91528,-30.471358342831408,1000,88.60132237803936,0.13049350000000004
573,92528,-46.53756873807257,1000,93.9627115803957,0.12099349999999998
574,93528,-38.70423591988661,1000,95.77960619306565,0.11149350000000002
575,94528,38.032140579499355,1000,108.77278511631489,0.10199349999999996
576,95528,-37.84603374132161,1000,100.34681539297104,0.09249350000000012
577,96528,-26.053878352251004,1000,123.26429722237587,0.08299350000000005
578,97528,-6.916167927679986,1000,116.00926943814754,0.0734935000000001
579,98528,-13.04849104858668,1000,119.52450952088833,0.06399350000000004
580,99528,-25.269255646746654,1000,102.53674555623532,0.054493500000000084
581,100528,-14.885594576782337,1000,139.4440746872425,0.050000000000000044
582,101528,-29.548418984608265,1000,90.79485670447349,0.050000000000000044
583,102528,-39.92046750880127,1000,66.82169216156007,0.050000000000000044
584,103528,-45.547499714403024,1000,83.53590208637715,0.050000000000000044
585,104528,15.898960921810152,1000,92.99746444392204,0.050000000000000044
586,105528,-13.975821823328971,1000,69.1391958514452,0.050000000000000044
587,106528,-16.024320596951,1000,64.79132709085941,0.050000000000000044
588,107528,-64.09706988246043,1000,91.38866840231418,0.050000000000000044
589,108528,-27.00174913511032,1000,70.72948678958416,0.050000000000000044
590,109528,-2.1453923211320465,1000,85.71799362003803,0.050000000000000044
591,110528,5.083615047907951,1000,74.17034862434863,0.050000000000000044
592,111528,-24.25015676325783,1000,88.52713922643662,0.050000000000000044
593,112528,-2.6039294497473526,1000,51.55305619978905,0.050000000000000044
594,113528,18.15787433560837,1000,44.23463213121891,0.050000000000000044
595,114528,-31.435253598259283,1000,45.01578358590603,0.050000000000000044
596,115528,-52.364781303070636,1000,39.096146927952766,0.050000000000000044
597,116528,50.32266039988223,1000,41.08496746969223,0.050000000000000044
598,117528,-69.03340312981769,1000,36.39598848092556,0.050000000000000044
599,118528,49.025747842876534,1000,29.317234506845473,0.050000000000000044
600,119528,-88.75609402610692,1000,35.460161333322525,0.050000000000000044
601,120528,-35.097281458909904,1000,41.07464324355126,0.050000000000000044
602,121528,1.2817062187461472,1000,34.39662623858452,0.050000000000000044
603,122528,-75.36734643858568,1000,34.76024109256267,0.050000000000000044
604,123528,-8.535018417534728,1000,45.492218454480174,0.050000000000000044
605,124528,-48.59390564163258,1000,51.20754743719101,0.050000000000000044
606,125528,3.360835574811147,1000,30.056094009935855,0.050000000000000044
607,126241,190.32011261194108,713,27.256302748789793,0.050000000000000044
608,127241,-38.253933272340866,1000,37.69133837503195,0.050000000000000044
609,127860,232.99228486600094,619,28.165903847321555,0.050000000000000044
610,128860,-24.89578638330087,1000,40.94995358467102,0.050000000000000044
611,129524,143.6916312473219,664,49.18409744730915,0.050000000000000044
612,130524,3.0998960088894556,1000,37.09802978348732,0.050000000000000044
613,131364,77.57566943831037,840,40.106413050066855,0.050000000000000044
614,132364,-40.32606339649807,1000,21.866173887610437,0.050000000000000044
615,132677,205.47275268023927,313,63.43145197039595,0.050000000000000044
616,133677,23.949803285640844,1000,52.6263826328516,0.050000000000000044
617,134677,-23.633387129373958,1000,38.997476130247115,0.050000000000000044
618,135131,247.69733149694093,454,34.41332621170036,0.050000000000000044
619,136131,-19.290447092853384,1000,45.26875964093208,0.050000000000000044
620,137131,-36.629720980221215,1000,40.43977528369427,0.050000000000000044
621,138131,-21.782150177567747,1000,61.67066318666935,0.050000000000000044
622,139131,-16.247126507346206,1000,44.01505528867245,0.050000000000000044
623,139780,158.42081043583127,649,53.02173981837389,0.050000000000000044
624,140351,190.08296859608944,571,36.26181443079967,0.050000000000000044
625,141351,-22.57706375208405,1000,35.74261432945728,0.050000000000000044
626,142351,-30.01234468762924,1000,39.23790748524666,0.050000000000000044
627,143351,-14.563682530637319,1000,38.81758016180992,0.050000000000000044
628,144351,-46.01270843976483,1000,33.49107252401114,0.050000000000000044
629,145148,215.03644362058114,797,36.22869324362562,0.050000000000000044
630,145924,247.9612313518285,776,36.432445444934764,0.050000000000000044
631,146609,152.98081413577896,685,30.9137150713127,0.050000000000000044
632,146889,201.1066456162962,280,24.39299594632217,0.050000000000000044
633,147458,201.6966556015317,569,20.351557499180778,0.050000000000000044
634,148458,93.29099368023225,1000,31.522839123129845,0.050000000000000044
635,149250,181.47256150525658,792,19.602307874671737,0.050000000000000044
636,149911,156.29210546497583,661,19.564746098962026,0.050000000000000044
637,150489,215.55168782601862,578,30.32401916054706,0.050000000000000044
638,151321,209.50895888969157,832,24.071730090018647,0.050000000000000044
639,151910,201.35194354112318,589,32.430244492249905,0.050000000000000044
640,152831,63.076390916262,921,21.428930252434505,0.050000000000000044
641,153289,233.66222573977817,458,29.441490461862763,0.050000000000000044
642,153901,229.58798933907104,612,32.604051956651254,0.050000000000000044
643,154074,7.038884758453818,173,13.2733932929921,0.050000000000000044
644,154624,242.89699616890059,550,16.423263839483262,0.050000000000000044
645,155114,268.9572006770093,490,21.60729466847011,0.050000000000000044
646,155671,207.8083120641977,557,14.184980831411625,0.050000000000000044
647,156120,198.60569960157892,449,21.842268544209826,0.050000000000000044
648,156632,181.11944651061535,512,15.584008897421882,0.050000000000000044
649,157121,207.52234569440037,489,15.029429365398938,0.050000000000000044
650,157743,242.97486679980986,622,16.87934569904275,0.050000000000000044
651,158233,127.79569170666134,490,31.288525989955787,0.050000000000000044
652,158794,267.8772463802299,561,16.982434209867808,0.050000000000000044
653,159262,172.14657034833664,468,34.51467359600923,0.050000000000000044
654,159777,182.07659109844047,515,10.72035323994831,0.050000000000000044
655,160146,246.83008961296875,369,13.872463400286387,0.050000000000000044
656,160732,254.90012478631786,586,17.445703102256658,0.050000000000000044
657,161510,233.99022263884297,778,17.370162935750344,0.050000000000000044
658,162031,256.2933495028135,521,10.506949152919015,0.050000000000000044
659,162359,198.55654926694976,328,7.450582696715506,0.050000000000000044
660,162882,254.41453523946822,523,11.156163984115448,0.050000000000000044
661,163291,245.36102137291527,409,10.489008063354818,0.050000000000000044
662,163793,247.5704021174997,502,8.811289210718467,0.050000000000000044
663,164299,270.67262677702445,506,9.303290231779158,0.050000000000000044
664,164821,207.95073725674627,522,8.634330840288907,0.050000000000000044
665,165543,125.06840213690376,722,9.599540944574942,0.050000000000000044
666,165934,259.32671666657643,391,9.409580681787427,0.050000000000000044
667,166225,267.36472528616946,291,17.77643084290511,0.050000000000000044
668,166714,241.0500824451974,489,14.868121487231342,0.050000000000000044
669,167136,227.52374833218454,422,8.178792449817838,0.050000000000000044
670,167764,280.09050850213873,628,8.375782486739432,0.050000000000000044
671,168196,286.87522673237896,432,11.888922764609257,0.050000000000000044
672,168791,241.85325876921186,595,6.02548757891695,0.050000000000000044
673,169079,302.50055303649395,288,7.006081868790918,0.050000000000000044
674,169383,262.44531415705376,304,7.690984652034547,0.050000000000000044
675,169713,256.96807037303665,330,6.165625217376333,0.050000000000000044
676,169863,-78.68903566772634,150,6.091567172209422,0.050000000000000044
677,170557,263.0248194208868,694,8.182830522056959,0.050000000000000044
678,171281,204.92641713432684,724,6.861827315134897,0.050000000000000044
679,172018,302.2868556852378,737,6.8684854978945715,0.050000000000000044
680,172727,192.21859023050683,709,8.69974377797588,0.050000000000000044
681,172992,268.4862327566673,265,8.455469071865082,0.050000000000000044
682,173263,276.52913014622686,271,5.67594451569983,0.050000000000000044
683,173842,254.959973043703,579,5.245706692363726,0.050000000000000044
684,174113,300.5206072680859,271,5.755161728366275,0.050000000000000044
685,174383,263.45498698564654,270,6.144620575617861,0.050000000000000044
686,174970,261.07397202529353,587,5.62859886224672,0.050000000000000044
687,175389,259.8964759712368,419,5.540116366736929,0.050000000000000044
688,175806,232.50090029218194,417,7.035086279078353,0.050000000000000044
689,176298,247.85502532691527,492,8.54147585445061,0.050000000000000044
690,176633,256.1909244982096,335,6.14315583536874,0.050000000000000044
691,176870,284.1574962316921,237,6.485472179414854,0.050000000000000044
692,177252,248.36297922360686,382,4.784587661711333,0.050000000000000044
693,178152,224.99121816170404,900,7.263695899248123,0.050000000000000044
694,178548,197.80765195998407,396,5.863477129225779,0.050000000000000044
695,178969,299.97089666377053,421,5.570516051206906,0.050000000000000044
696,179426,214.44055851035398,457,5.93426745190923,0.050000000000000044
697,179831,282.5282295281929,405,7.060383465702151,0.050000000000000044
698,180248,258.7375096529844,417,5.17855721419092,0.050000000000000044
699,181005,263.5093134426068,757,5.919726254366821,0.050000000000000044
700,181340,266.16776711745086,335,2.922282603249621,0.050000000000000044
701,181773,254.8794996305816,433,6.241051318119635,0.050000000000000044
702,182440,144.0476191752002,667,7.362181905863704,0.050000000000000044
703,183046,223.20508902324423,606,6.806249843227981,0.050000000000000044
704,183169,41.7867868499402,123,5.451049941099756,0.050000000000000044
705,183325,62.43779979325808,156,4.851849569533115,0.050000000000000044
706,183599,257.07826284012026,274,9.639453998012264,0.050000000000000044
707,184124,258.12509974777777,525,4.358801981721606,0.050000000000000044
708,184387,291.7984434987543,263,6.5481117680498855,0.050000000000000044
709,184640,-4.560755189316296,253,8.91129491439921,0.050000000000000044
710,184968,255.93747419945169,328,6.590700991542601,0.050000000000000044
711,185460,266.4500775230927,492,8.125459109379992,0.050000000000000044
712,185684,295.5391238766599,224,7.036633643454739,0.050000000000000044
713,185803,48.422095212613954,119,4.5663312508278535,0.050000000000000044
714,186033,276.97033828289545,230,9.566246266727862,0.050000000000000044
715,186222,265.73796507336,189,9.631393399976549,0.050000000000000044
716,186573,260.33254661816284,351,7.47084968220814,0.050000000000000044
717,186758,312.40357323655917,185,7.159869068216633,0.050000000000000044
718,187758,92.9822457602443,1000,8.88085688957572,0.050000000000000044
719,188198,256.0582016141786,440,7.073790160431103,0.050000000000000044
720,188431,239.81107114708493,233,8.013722128110894,0.050000000000000044
721,188657,16.51684077716631,226,6.444103075999074,0.050000000000000044
722,189163,276.86607028111365,506,7.752432120176172,0.050000000000000044
723,189435,260.4149094856236,272,7.132204805226887,0.050000000000000044
724,189742,258.419323511979,307,8.083675907275575,0.050000000000000044
725,190396,250.3199500101304,654,7.271979116199578,0.050000000000000044
726,190714,280.1850314776559,318,8.962015767329893,0.050000000000000044
727,190893,35.90956297301733,179,12.624101847576695,0.050000000000000044
728,191187,250.49273757115736,294,9.606515122818298,0.050000000000000044
729,191408,44.81546273305324,221,10.73561710213644,0.050000000000000044
730,191632,266.9759274157083,224,5.123104409580784,0.050000000000000044
731,191842,255.1563457384434,210,10.84480656754403,0.050000000000000044
732,192092,252.54323232082288,250,6.977783004879951,0.050000000000000044
733,192342,285.09813406173606,250,9.412014881968497,0.050000000000000044
734,192562,272.5140628350968,220,10.343785559453748,0.050000000000000044
735,192782,265.3780448030337,220,9.039518202299421,0.050000000000000044
736,193249,272.0423505896769,467,11.438595066872093,0.050000000000000044
737,193677,253.86469798900134,428,9.82499458076798,0.050000000000000044
738,193922,255.84024386928684,245,12.122157471520561,0.050000000000000044
739,194083,52.98250797879791,161,3.9169528469535875,0.050000000000000044
740,194315,251.5952936508916,232,18.413570997786934,0.050000000000000044
741,194486,24.277948136592627,171,4.49968903803686,0.050000000000000044
742,194787,280.6728618213833,301,9.966827718918505,0.050000000000000044
743,194988,311.48482886788065,201,9.977870144209458,0.050000000000000044
744,195377,267.95930472244265,389,14.190902903561113,0.050000000000000044
745,195716,283.3051598163708,339,11.962032757941248,0.050000000000000044
746,195857,47.30286726493509,141,5.379502642450603,0.050000000000000044
747,196060,294.97794049471025,203,10.853825914155086,0.050000000000000044
748,196461,265.67183616249645,401,12.305362710706016,0.050000000000000044
749,196764,262.3480886232371,303,15.423214130669145,0.050000000000000044
750,196927,50.03119050324315,163,15.20712676260369,0.050000000000000044
751,197356,291.37000784826967,429,12.079456031114072,0.050000000000000044
752,197687,254.85252522191655,331,11.016507372125037,0.050000000000000044
753,197981,304.0550650574372,294,10.516287614090913,0.050000000000000044
754,198453,291.50239645932027,472,12.695029444171716,0.050000000000000044
755,198647,274.40400401862496,194,14.069870921754346,0.050000000000000044
756,198911,247.49954843085595,264,12.823195231231777,0.050000000000000044
757,199129,35.64922445409374,218,11.27831705297352,0.050000000000000044
758,199384,262.5337882343255,255,12.89076041672744,0.050000000000000044
759,199651,268.0997807889794,267,11.922250398759092,0.050000000000000044
760,199887,260.6600670655872,236,8.147932745263738,0.050000000000000044
761,200151,270.00222095927563,264,13.90041252948118,0.050000000000000044
762,200502,246.69002729639354,351,12.45165070347976,0.050000000000000044
763,200728,255.84214715418554,226,8.991013300761713,0.050000000000000044
764,200995,270.6131100242834,267,16.182038629099672,0.050000000000000044
765,201291,267.5579422980582,296,12.397306626813638,0.050000000000000044
766,201558,237.47254897285313,267,14.686694455950448,0.050000000000000044
767,202062,262.8250719813501,504,12.557919778343704,0.050000000000000044
768,202410,-99.36604065854495,348,16.230797112416262,0.050000000000000044
769,202671,275.2320310660275,261,16.025315423806507,0.050000000000000044
770,202948,-45.466838563230084,277,11.102296774137752,0.050000000000000044
771,203182,279.6392054782325,234,11.815686189848133,0.050000000000000044
772,203497,255.46208937419425,315,14.459704895151987,0.050000000000000044
773,204114,297.0823405863016,617,11.762698509125114,0.050000000000000044
774,204380,307.01815792922764,266,8.672637087398005,0.050000000000000044
775,204568,258.4494898737156,188,11.74686449813716,0.050000000000000044
776,204781,268.4102807789722,213,16.805209391133886,0.050000000000000044
777,204964,293.8143903415183,183,10.317348651547249,0.050000000000000044
778,205291,257.787997618381,327,9.37627307264083,0.050000000000000044
779,205505,272.5342952800547,214,10.35754229267624,0.050000000000000044
780,205862,280.297967502884,357,12.77750532750656,0.050000000000000044
781,206051,251.76727823499994,189,8.96398714484361,0.050000000000000044
782,206288,253.81399906134155,237,13.757222553848717,0.050000000000000044
783,206620,244.88136245808536,332,13.971150988106986,0.050000000000000044
784,207343,263.3974034831507,723,15.085176649594867,0.050000000000000044
785,207657,259.57302442358514,314,15.51651806208738,0.050000000000000044
786,207868,302.66400681622355,211,11.358867993428245,0.050000000000000044
787,208084,257.7861408156251,216,12.039989033782923,0.050000000000000044
788,208349,258.1796451524398,265,16.429426401516178,0.050000000000000044
789,208626,298.2863094329022,277,16.672500091554454,0.050000000000000044
790,209089,293.30704722947763,463,16.772872999728886,0.050000000000000044
791,209375,-32.10374568779072,286,12.450772800854036,0.050000000000000044
792,209583,268.9460334767859,208,14.302673232383453,0.050000000000000044
793,209881,270.17689758143655,298,9.442240745429224,0.050000000000000044
794,210045,-84.46553838697066,164,19.022111639380455,0.050000000000000044
795,210478,250.6691611471381,433,13.948154759943899,0.050000000000000044
796,210682,-245.44967837818993,204,10.666401491153474,0.050000000000000044
797,211264,274.8568739712018,582,12.924384703187599,0.050000000000000044
798,211787,245.17610087988314,523,11.95925606408265,0.050000000000000044
799,212223,274.773645434065,436,14.285836880565236,0.050000000000000044
800,212458,247.3027416074723,235,12.018049206251794,0.050000000000000044
801,212889,274.9776125072276,431,16.434362737457604,0.050000000000000044
802,213545,222.28069008585385,656,13.212924695914475,0.050000000000000044
803,214291,266.9673873231413,746,12.239790027366887,0.050000000000000044
804,214655,240.7217505826153,364,16.102795152218786,0.050000000000000044
805,215106,238.15102536603098,451,14.753379792041102,0.050000000000000044
806,215317,259.02524468958177,211,14.166905482939635,0.050000000000000044
807,215542,-127.76323493154828,225,13.239555407100253,0.050000000000000044
808,215934,260.357615143001,392,19.810863050423105,0.050000000000000044
809,216131,262.26704484000317,197,11.491350057917803,0.050000000000000044
810,216346,281.48829944198667,215,15.156713038960168,0.050000000000000044
811,216756,278.2531262127487,410,21.760530372872584,0.050000000000000044
812,217092,264.84437581501754,336,15.152187968116431,0.050000000000000044
813,217488,266.9300607626067,396,14.936532011838874,0.050000000000000044
814,218138,231.98393191016197,650,11.882489191202017,0.050000000000000044
815,218458,272.86935589274026,320,18.78685466842726,0.050000000000000044
816,218665,296.76416811749107,207,24.040436422479324,0.050000000000000044
817,218880,283.8340572297496,215,10.915912443953891,0.050000000000000044
818,219156,256.96945852374387,276,14.995883986353874,0.050000000000000044
819,219593,263.85895598914374,437,13.940707303702968,0.050000000000000044
820,219861,257.4625874871728,268,16.007468230132737,0.050000000000000044
821,220202,239.7372276228613,341,11.655885743168442,0.050000000000000044
822,220732,264.62630370453223,530,21.88455948998343,0.050000000000000044
823,220916,260.5945831676777,184,17.434024142992236,0.050000000000000044
824,221829,243.8220397852686,913,13.825942420195645,0.050000000000000044
825,222252,234.40049982639505,423,16.026892968878396,0.050000000000000044
826,222457,286.58285651564796,205,13.813965863134802,0.050000000000000044
827,222754,210.1568738977469,297,24.037655708866087,0.050000000000000044
828,222960,271.1792128425657,206,12.665543908922418,0.050000000000000044
829,223218,275.12234454837557,258,13.897863507039787,0.050000000000000044
830,223415,245.38550009970993,197,13.473083772635096,0.050000000000000044
831,223637,250.02975380911226,222,25.704193247331155,0.050000000000000044
832,223876,272.8030010456065,239,19.503165439207685,0.050000000000000044
833,224321,244.15030271773796,445,21.73400073694379,0.050000000000000044
834,224522,233.67890530284245,201,19.880018166938232,0.050000000000000044
835,224820,249.18675168617608,298,13.21944048190677,0.050000000000000044
836,225085,245.07485204503453,265,19.005805670540287,0.050000000000000044
837,225652,257.24339943443186,567,14.328415307523501,0.050000000000000044
838,225870,-79.74174344101547,218,12.670545560230902,0.050000000000000044
839,226870,116.12965889873345,1000,18.638114023685457,0.050000000000000044
840,227128,251.86789840505935,258,18.63771568677684,0.050000000000000044
841,227318,286.1595279770062,190,14.442848329167617,0.050000000000000044
842,227589,285.55292836794536,271,20.729176954479676,0.050000000000000044
843,227960,278.74316584322787,371,15.869385523616144,0.050000000000000044
844,228116,-95.31283667023553,156,12.707397791437614,0.050000000000000044
845,228478,270.27827993590495,362,14.87984121282127,0.050000000000000044
846,229157,197.44247724443989,679,17.557573787725374,0.050000000000000044
847,229388,274.21150176807294,231,20.079012387758727,0.050000000000000044
848,229844,266.3885374049413,456,20.318007136907493,0.050000000000000044
849,230128,288.8731756937573,284,18.22217057267545,0.050000000000000044
850,230365,272.214457358138,237,16.267745436872612,0.050000000000000044
851,230871,248.4526650811716,506,20.512866053951118,0.050000000000000044
852,231141,245.1427758236204,270,22.677270537062928,0.050000000000000044
853,231433,253.35554545024925,292,24.67737656709266,0.050000000000000044
854,231801,217.1571407727101,368,15.74720219741373,0.050000000000000044
855,232492,244.58229266691043,691,15.37221507518923,0.050000000000000044
856,232713,199.5736723908899,221,20.042494617436265,0.050000000000000044
857,233074,258.6096886748596,361,20.385528928355168,0.050000000000000044
858,233428,221.13186882099586,354,21.970638632774353,0.050000000000000044
859,233652,251.9356097933554,224,20.99711855833552,0.050000000000000044
860,233903,190.53750192052124,251,17.02950823318911,0.050000000000000044
861,234141,224.3615752981512,238,21.74910436044721,0.050000000000000044
862,234441,307.09436639025216,300,18.954057879944642,0.050000000000000044
863,234635,226.3244128210182,194,21.721597811303187,0.050000000000000044
864,234951,262.63763825222503,316,18.555669174635714,0.050000000000000044
865,235144,205.13354390250487,193,18.244405842815656,0.050000000000000044
866,235462,235.85738401909575,318,17.070809752967374,0.050000000000000044
867,235692,256.9051878568447,230,18.212653381928153,0.050000000000000044
868,236038,216.54734191542104,346,20.84843929318679,0.050000000000000044
869,236394,183.08282791932828,356,22.804624339586564,0.050000000000000044
870,236708,231.59176171457716,314,17.114838472407335,0.050000000000000044
871,236997,248.02650188043467,289,20.799531323583892,0.050000000000000044
872,237301,247.39311036053374,304,17.2594226605602,0.050000000000000044
873,237713,236.73814385029317,412,19.77389591874428,0.050000000000000044
874,237968,287.9141263109309,255,24.68593797952521,0.050000000000000044
875,238217,271.1983538088979,249,20.47415792391482,0.050000000000000044
876,238735,241.52172122017893,518,19.73852655740318,0.050000000000000044
877,239034,245.6049191113606,299,26.786219158399863,0.050000000000000044
878,239484,232.60729282709374,450,17.377612600194084,0.050000000000000044
879,239775,272.4575590237241,291,17.39183297374404,0.050000000000000044
880,239982,285.6717896741494,207,17.75435392148253,0.050000000000000044
881,240227,249.39964973271213,245,19.469010717041638,0.050000000000000044
882,240486,230.8442287509644,259,26.265792133840353,0.050000000000000044
883,241194,240.30714881605311,708,17.215103620505435,0.050000000000000044
884,241411,278.00845016075584,217,19.00411919610841,0.050000000000000044
885,241750,282.9895281620617,339,15.418305061208113,0.050000000000000044
886,242249,253.57809603843822,499,19.247788576778763,0.050000000000000044
887,242462,240.77027381529942,213,22.301724353866398,0.050000000000000044
888,242769,270.88058239654515,307,15.225999892049193,0.050000000000000044
889,243052,296.21545051945054,283,18.89803532123987,0.050000000000000044
890,243259,278.05553394542005,207,24.216651244727885,0.050000000000000044
891,243570,259.6235826283867,311,17.758658239120837,0.050000000000000044
892,243931,242.59847516682032,361,16.9943106729238,0.050000000000000044
893,244163,261.0274107435092,232,24.983780631089004,0.050000000000000044
894,244444,278.06329028775895,281,17.63551709920274,0.050000000000000044
895,244752,247.55657422921885,308,18.68156579456159,0.050000000000000044
896,245026,257.59831902534137,274,22.75505145405331,0.050000000000000044
897,245225,248.59346510505108,199,21.184547666778517,0.050000000000000044
898,246225,63.52856098356378,1000,15.653831222504378,0.050000000000000044
899,246447,246.10820633837994,222,19.741815256374377,0.050000000000000044
900,246674,261.0125112866489,227,20.676123777150057,0.050000000000000044
901,247002,282.76911026708206,328,20.000560739600076,0.050000000000000044
902,247424,273.74829373436944,422,15.770973006519379,0.050000000000000044
903,247699,273.4628286060055,275,16.296311471570622,0.050000000000000044
904,247944,290.488898854993,245,17.005229281041085,0.050000000000000044
905,248403,258.48723233863257,459,15.148283988042595,0.050000000000000044
906,248579,254.5549438434441,176,21.80361499688165,0.050000000000000044
907,248810,285.5664966289563,231,14.045814356117537,0.050000000000000044
908,249006,253.91063062342653,196,26.57589298395478,0.050000000000000044
909,249261,281.51687113648086,255,19.33441991239202,0.050000000000000044
910,249481,284.51808056955883,220,18.35387451702898,0.050000000000000044
911,249804,286.1288683316892,323,19.115270987937325,0.050000000000000044
912,250105,282.7326664173735,301,27.530407353394054,0.050000000000000044
913,250332,279.88836340667456,227,14.733454682622186,0.050000000000000044
914,250683,261.1478355077381,351,18.17750319838524,0.050000000000000044
915,251055,280.6890017534525,372,16.89119955873297,0.050000000000000044
916,251250,246.45439873036443,195,18.754715399405896,0.050000000000000044
917,251963,232.6252739700574,713,18.049204325629987,0.050000000000000044
918,252280,285.5103663437656,317,17.25344351281879,0.050000000000000044
919,252622,295.3876259980321,342,19.2732040707828,0.050000000000000044
920,252846,273.5471983683501,224,16.676870983892254,0.050000000000000044
921,253096,295.50858779913915,250,24.0569168227911,0.050000000000000044
922,253393,297.7974518615275,297,21.053387097638062,0.050000000000000044
923,253784,241.26192047855568,391,21.425592751377987,0.050000000000000044
924,254089,242.08989173881957,305,18.06566450136607,0.050000000000000044
925,254396,286.5943759406249,307,19.498474118375622,0.050000000000000044
926,254877,238.01134794606912,481,18.97781467976788,0.050000000000000044
927,255084,255.90636773258134,207,15.808504294370108,0.050000000000000044
928,255391,286.676727557511,307,15.096977895071142,0.050000000000000044
929,255615,290.39862186026846,224,19.6759053187977,0.050000000000000044
930,255819,246.00638144543254,204,15.828967391129803,0.050000000000000044
931,255994,248.51440748477108,175,17.99730443443571,0.050000000000000044
932,256166,263.71059365505187,172,25.493832863174205,0.050000000000000044
933,256501,277.00879480698666,335,19.758554997284023,0.050000000000000044
934,256726,273.0922850054677,225,15.203475108676486,0.050000000000000044
935,257028,270.45841168813376,302,21.499680342855832,0.050000000000000044
936,257271,240.40554124301818,243,19.350942178150262,0.050000000000000044
937,257485,267.50183850033306,214,24.478023579466008,0.050000000000000044
938,257650,66.20462347357517,165,25.014938628312315,0.050000000000000044
939,258012,263.3167913159203,362,20.21415607046686,0.050000000000000044
940,258367,296.33762904895286,355,20.089111422233177,0.050000000000000044
941,258626,252.69577128397611,259,21.2996355157101,0.050000000000000044
942,258939,270.54081998322636,313,25.49515497970124,0.050000000000000044
943,259099,256.78360439845943,160,21.07187593411654,0.050000000000000044
944,259732,278.961577158132,633,21.43069297531958,0.050000000000000044
945,259840,-67.9505347835146,108,16.02165682586255,0.050000000000000044
946,260085,296.47707096201054,245,18.95994802299811,0.050000000000000044
947,260436,257.90333501797704,351,19.574941587626423,0.050000000000000044
948,260605,286.5591606023742,169,19.87101537747496,0.050000000000000044
949,260902,231.52094292725673,297,14.96223789884988,0.050000000000000044
950,261127,-25.932719132098285,225,19.585094627141952,0.050000000000000044
951,261497,269.00831281035244,370,21.414370792057063,0.050000000000000044
952,261816,245.33998166435427,319,20.273896938487653,0.050000000000000044
953,261981,273.16423956842743,165,21.8678598344326,0.050000000000000044
954,262176,270.36140523382795,195,26.13072766478245,0.050000000000000044
955,262430,296.43280533840357,254,22.94022701885991,0.050000000000000044
956,262720,276.21794259346325,290,22.10246347117013,0.050000000000000044
957,262851,24.33571968375597,131,20.404322684721183,0.050000000000000044
958,263087,292.4181076765009,236,17.049154100150375,0.050000000000000044
959,263243,-146.2057814549937,156,16.733050994766064,0.050000000000000044
960,263516,294.02615385985484,273,18.302461459632323,0.050000000000000044
961,263700,281.513530550201,184,19.19842550182796,0.050000000000000044
962,264245,230.7206905223329,545,18.677592336037836,0.050000000000000044
963,264466,284.92066712307997,221,16.86380937385343,0.050000000000000044
964,264900,207.10779690883393,434,25.328916535021797,0.050000000000000044
965,265112,263.22759008704236,212,20.78196808752024,0.050000000000000044
966,265306,276.6348762627216,194,25.86189360517202,0.050000000000000044
967,265569,244.73250015040833,263,25.548581703987413,0.050000000000000044
968,266229,215.42339053279957,660,23.90380065154397,0.050000000000000044
969,266898,226.41802010440165,669,16.902779188792266,0.050000000000000044
970,267107,260.33093126165295,209,23.104259815512663,0.050000000000000044
971,267439,267.7556523995237,332,19.615774919918504,0.050000000000000044
972,267645,269.8770450385068,206,20.12419207668999,0.050000000000000044
973,267954,266.0779319133826,309,21.87428000979246,0.050000000000000044
974,268182,249.3818930012411,228,20.021587769582606,0.050000000000000044
975,268661,250.38739819276958,479,19.639220231447936,0.050000000000000044
976,268892,280.6165009969915,231,25.311003406326492,0.050000000000000044
977,269476,238.8329681323616,584,22.47709365918824,0.050000000000000044
978,270103,263.11877015480377,627,21.918999982792794,0.050000000000000044
979,270334,274.45284452254674,231,12.537353490402689,0.050000000000000044
980,270539,278.58027919775463,205,24.06072369406863,0.050000000000000044
981,270755,296.5712000413817,216,18.65846079574139,0.050000000000000044
982,270958,241.10334524216282,203,24.92538739777551,0.050000000000000044
983,271145,270.4912764704607,187,19.218644177053065,0.050000000000000044
984,271419,270.6276061857732,274,19.713538159962987,0.050000000000000044
985,271620,296.5133418243099,201,19.83992125383064,0.050000000000000044
986,272100,169.81582266685257,480,26.283435232254366,0.050000000000000044
987,272361,243.21427058861804,261,20.197801928182216,0.050000000000000044
988,272666,263.3356531363444,305,20.324889271571987,0.050000000000000044
989,272964,286.79415882685225,298,20.1395446049087,0.050000000000000044
990,273205,226.44029895289316,241,17.149697513995825,0.050000000000000044
991,273400,272.47220923035496,195,23.191672649444676,0.050000000000000044
992,273618,287.4567552467918,218,19.89066472034389,0.050000000000000044
993,273910,280.9379916343328,292,15.319352897215788,0.050000000000000044
994,274140,248.26106222547205,230,31.40775067132452,0.050000000000000044
995,274317,242.16449149808753,177,21.672886943581414,0.050000000000000044
996,274479,268.48682152367974,162,24.497667414170724,0.050000000000000044
997,274735,274.8896423219642,256,20.75089905457571,0.050000000000000044
998,274934,247.23219388806217,199,24.65751681016318,0.050000000000000044
999,275683,262.84363334256466,749,22.66596297985403,0.050000000000000044
1000,275954,264.0392637400809,271,21.058184100143144,0.050000000000000044
1001,276303,278.5528350862685,349,21.61300132899708,0.050000000000000044
1002,276544,269.77815630254776,241,23.20569176928631,0.050000000000000044
1003,276648,-43.73377921947002,104,12.696273362693878,0.050000000000000044
1004,276941,286.679402228609,293,18.64884822665628,0.050000000000000044
1005,277326,249.10752611838052,385,24.972125156514057,0.050000000000000044
1006,277622,241.63854415805747,296,21.20606772500921,0.050000000000000044
1007,277997,236.45970919472325,375,22.89460193546613,0.050000000000000044
1008,278532,274.1800658038177,535,17.04373071257756,0.050000000000000044
1009,279035,250.49701756865824,503,23.11600394665484,0.050000000000000044
1010,279249,267.12863446162737,214,20.206570181473392,0.050000000000000044
1011,279649,279.3784742494215,400,20.561810034289955,0.050000000000000044
1012,280002,281.8294537468681,353,21.11463875895519,0.050000000000000044
1013,280264,262.09311835725066,262,17.98333832212077,0.050000000000000044
1014,280509,263.16222273797655,245,21.847657212919117,0.050000000000000044
1015,280756,242.66272087268615,247,27.23970176056329,0.050000000000000044
1016,281000,237.35588651836372,244,22.195825813002273,0.050000000000000044
1017,281282,30.18776804335576,282,24.525546518993295,0.050000000000000044
1018,282282,165.4590742871957,1000,22.72671402861178,0.050000000000000044
1019,282523,283.1101122711463,241,17.327810561384897,0.050000000000000044
1020,282805,276.8196099077303,282,20.927792348548877,0.050000000000000044
1021,283201,285.6816222889428,396,20.74623652257853,0.050000000000000044
1022,283419,306.85244095393574,218,25.956229812234913,0.050000000000000044
1023,283826,292.1719871752811,407,17.859938325145322,0.050000000000000044
1024,284056,274.554231418944,230,18.54091130676477,0.050000000000000044
1025,284285,247.30515268619607,229,17.140591375041737,0.050000000000000044
1026,284598,249.79118749065015,313,24.69825750275161,0.050000000000000044
1027,284849,259.099893708263,251,15.244675104777176,0.050000000000000044
1028,285035,278.8168876242178,186,16.80974774351043,0.050000000000000044
1029,285699,248.98629201580505,664,25.375618794730986,0.050000000000000044
1030,286342,239.04685397533805,643,23.51782108254696,0.050000000000000044
1031,286525,266.3196185872159,183,26.6872510441014,0.050000000000000044
1032,286821,273.5427831549779,296,22.879564115223854,0.050000000000000044
1033,287012,291.7899955369653,191,20.16391745958653,0.050000000000000044
1034,287327,264.3476958725621,315,21.200225339333215,0.050000000000000044
1035,288327,151.6166311476161,1000,18.967916482016445,0.050000000000000044
1036,288825,294.63857852174937,498,18.710822445950114,0.050000000000000044
1037,289195,262.4893381406072,370,21.80740628681473,0.050000000000000044
1038,289832,267.69876189514696,637,20.493425493922487,0.050000000000000044
1039,289995,248.60506289599613,163,17.88622795630452,0.050000000000000044
1040,290337,252.39931358278554,342,18.772724024297897,0.050000000000000044
1041,290606,278.71069865424596,269,24.080467360170356,0.050000000000000044
1042,290846,293.18973091510117,240,20.715449028400084,0.050000000000000044
1043,291145,307.2563730076404,299,23.185478269505662,0.050000000000000044
1044,291342,276.9999115168779,197,20.31612717863267,0.050000000000000044
1045,291592,290.7793778429037,250,20.295936702132224,0.050000000000000044
1046,291860,306.5659415396965,268,20.19008922738148,0.050000000000000044
1047,292031,273.9048799171683,171,14.754095626417657,0.050000000000000044
1048,292261,296.5765050816404,230,19.815388789902563,0.050000000000000044
1049,292353,-5.012559789333295,92,23.166239910799526,0.050000000000000044
1050,292574,267.0799985868742,221,18.24078813788578,0.050000000000000044
1051,292799,305.0486443617267,225,23.843023324410122,0.050000000000000044
1052,292987,285.9926870268869,188,24.420250523993943,0.050000000000000044
1053,293264,296.037023979793,277,22.479318846218852,0.050000000000000044
1054,293746,257.0032877921815,482,22.048055075696396,0.050000000000000044
1055,293999,261.9710580651048,253,21.11748337451177,0.050000000000000044
1056,294210,260.3448699495377,211,19.44276066166812,0.050000000000000044
1057,294319,56.07161006522401,109,17.801962003795378,0.050000000000000044
1058,294490,261.64055720835745,171,19.101373397641712,0.050000000000000044
1059,294674,253.12881940122782,184,17.381237128182597,0.050000000000000044
1060,294862,259.41864601999646,188,21.85611693561077,0.050000000000000044
1061,295079,297.3042892165757,217,21.178419014550574,0.050000000000000044
1062,295201,1.7102990253063837,122,18.77700444396402,0.050000000000000044
1063,295512,266.9584334788906,311,18.007003303126123,0.050000000000000044
1064,295812,260.95624573151883,300,24.103943249682587,0.050000000000000044
1065,296059,309.0471049029705,247,20.4450484490105,0.050000000000000044
1066,296354,250.56915354027421,295,18.893635093408115,0.050000000000000044
1067,296448,-8.725179990904365,94,16.89599043194284,0.050000000000000044
1068,296694,291.14685361083946,246,15.432429600295013,0.050000000000000044
1069,296873,268.79819891091825,179,16.647662953291526,0.050000000000000044
1070,297070,268.3627378356158,197,14.87089646346678,0.050000000000000044
1071,297304,312.0344014024931,234,27.755642099321907,0.050000000000000044
1072,297501,259.8874838572696,197,24.54848245391386,0.050000000000000044
1073,297835,244.66346248362726,334,17.931981159273736,0.050000000000000044
1074,298210,254.51359079990104,375,22.25347440759341,0.050000000000000044
1075,298471,279.7537287928782,261,17.232306745545618,0.050000000000000044
1076,298564,28.045751193641422,93,18.537113937959877,0.050000000000000044
1077,298792,235.04852850255,228,14.001766511092061,0.050000000000000044
1078,299077,217.92773181714557,285,21.93941093730299,0.050000000000000044
1079,299170,-29.569615117157284,93,21.659505042658058,0.050000000000000044
1080,299352,245.015887474662,182,20.906796450061456,0.050000000000000044
1081,299612,280.73962711850413,260,18.12965702987634,0.050000000000000044
1082,299724,-0.3416796644269908,112,15.107473210032497,0.050000000000000044
1083,299951,276.5450152611197,227,21.5328879649156,0.050000000000000044
1084,300172,249.46945782087275,221,18.9843535987635,0.050000000000000044
1085,300290,-115.89137473579542,118,18.78955847555298,0.050000000000000044
1086,301287,304.90138048602773,997,20.98333168914588,0.050000000000000044
1087,301442,271.92457409198096,155,19.991689475121035,0.050000000000000044
1088,301623,248.4210705941129,181,23.00211329297137,0.050000000000000044
1089,301829,247.64076653807066,206,25.06875261302712,0.050000000000000044
1090,302024,282.5660075937235,195,26.503866963203137,0.050000000000000044
1091,303002,188.249798466749,978,18.683161793402366,0.050000000000000044
1092,303294,267.16869026195593,292,18.551500819113155,0.050000000000000044
1093,303424,36.634361866605076,130,16.619644452287602,0.050000000000000044
1094,303610,260.9199072705123,186,20.63199616183517,0.050000000000000044
1095,303803,284.4320930808238,193,17.086752393548352,0.050000000000000044
1096,304082,210.79715725603324,279,14.536165112449277,0.050000000000000044
1097,304176,33.68440633602171,94,25.0990170100902,0.050000000000000044
1098,304472,284.7562016044831,296,22.681964533655226,0.050000000000000044
1099,304902,249.56457791199043,430,19.441775898704694,0.050000000000000044
1100,305550,250.1216663287909,648,16.17404516786337,0.050000000000000044
1101,306550,132.95686126632944,1000,20.844242298662664,0.050000000000000044
1102,306825,237.03345603592152,275,20.723147298422727,0.050000000000000044
1103,307170,213.1621650968084,345,23.483522552165432,0.050000000000000044
1104,307412,261.19637043225214,242,17.437265904728047,0.050000000000000044
1105,307694,252.5129265482739,282,21.165735332572712,0.050000000000000044
1106,308091,251.81281865450097,397,17.004105478149818,0.050000000000000044
1107,308263,284.70646482682025,172,20.373676475917183,0.050000000000000044
1108,308483,271.1183555746826,220,19.962972721322018,0.050000000000000044
1109,308708,261.9777727492825,225,22.02205402188831,0.050000000000000044
1110,308996,265.8190538380363,288,19.924939988801878,0.050000000000000044
1111,309157,282.8278051922238,161,17.142478924545443,0.050000000000000044
1112,309438,307.6190151884247,281,19.566235026112654,0.050000000000000044
1113,309717,-111.9348458929511,279,19.94340822367685,0.050000000000000044
1114,310108,-181.09900920289658,391,22.27345003340098,0.050000000000000044
1115,310360,252.19241112254025,252,12.727586557231252,0.050000000000000044
1116,310630,240.29843029780977,270,28.48148557190542,0.050000000000000044
1117,310891,272.12352939618484,261,27.256572439638592,0.050000000000000044
1118,311007,-18.06133420776287,116,17.57495206594467,0.050000000000000044
1119,311225,252.81102626958352,218,21.51563927715798,0.050000000000000044
1120,311598,257.23988800185816,373,17.86536734537209,0.050000000000000044
1121,312421,229.19579700053137,823,21.589100841183853,0.050000000000000044
1122,312596,268.7876654859928,175,15.468918690851757,0.050000000000000044
1123,312863,252.42062111293464,267,24.232693313882592,0.050000000000000044
1124,313101,250.5779877003328,238,19.281185863899584,0.050000000000000044
1125,313359,292.5303135635604,258,20.139948915257012,0.050000000000000044
1126,313554,244.80289225592847,195,23.344446246899093,0.050000000000000044
1127,313881,243.9866434419953,327,24.239667244278326,0.050000000000000044
1128,314476,248.10078228827024,595,20.309461576598032,0.050000000000000044
1129,314633,271.8123115323925,157,20.944674514281523,0.050000000000000044
1130,314809,266.5311138596667,176,13.439909570850432,0.050000000000000044
1131,315190,274.4420891257744,381,19.13758343833638,0.050000000000000044
1132,315449,259.12993563406485,259,21.359092505742225,0.050000000000000044
1133,315647,314.292338924402,198,20.30281903286173,0.050000000000000044
1134,315784,-10.059067872456737,137,23.434899786310474,0.050000000000000044
1135,316145,236.3163318255746,361,15.386966084839564,0.050000000000000044
1136,316384,270.29886345107957,239,19.384143200940667,0.050000000000000044
1137,316624,259.0890232349086,240,19.152533755948145,0.050000000000000044
1138,316874,266.7814036971729,250,21.446583207428457,0.050000000000000044
1139,317049,257.3475596926022,175,23.199088828223093,0.050000000000000044
1140,317533,240.3702645060338,484,18.421850370874335,0.050000000000000044
1141,317693,269.2542026289309,160,15.903416945412754,0.050000000000000044
1142,317887,262.7963782292609,194,21.402384350748406,0.050000000000000044
1143,318156,243.3492830842691,269,17.704708674583294,0.050000000000000044
1144,318534,265.188252307309,378,21.779023753666372,0.050000000000000044
1145,318774,235.70992200002084,240,19.42539558286468,0.050000000000000044
1146,318927,283.18560375509037,153,19.932260443864305,0.050000000000000044
1147,319148,288.0117617881316,221,27.3205376541183,0.050000000000000044
1148,319650,244.17110113252943,502,22.16187526944624,0.050000000000000044
1149,320086,245.59782204087276,436,19.66937386702507,0.050000000000000044
1150,320174,28.61878802466242,88,13.320545779371804,0.050000000000000044
1151,320587,282.7750581665818,413,21.796987407035747,0.050000000000000044
1152,320799,33.66857961021958,212,20.525646630042004,0.050000000000000044
1153,321003,227.15816079413787,204,17.620818334321182,0.050000000000000044
1154,321375,248.82358599502246,372,29.551028147299764,0.050000000000000044
1155,321710,232.37595390406702,335,18.28297143685284,0.050000000000000044
1156,322329,205.0837204183564,619,19.59380573217241,0.050000000000000044
1157,323329,138.97192497374405,1000,19.9344773388803,0.050000000000000044
1158,323628,290.5027638479535,299,19.210071404941107,0.050000000000000044
1159,323846,236.8187713480521,218,24.47130187457308,0.050000000000000044
1160,324054,231.34945851868213,208,17.100264181311314,0.050000000000000044
1161,324999,263.8647637749418,945,23.50831973108034,0.050000000000000044
1162,325330,253.43707848836598,331,18.54995749256042,0.050000000000000044
1163,325573,271.38450762215354,243,20.612757563713647,0.050000000000000044
1164,325795,250.13491434481205,222,21.703050679048978,0.050000000000000044
1165,326034,254.9548957259828,239,24.96432846528965,0.050000000000000044
1166,326271,259.1485429024034,237,15.10597823685986,0.050000000000000044
1167,326572,213.12178738807648,301,14.145945382870709,0.050000000000000044
1168,327390,242.28512931729196,818,20.936674586244493,0.050000000000000044
1169,327649,248.9103124216867,259,23.48338275319361,0.050000000000000044
1170,327866,279.818770227507,217,20.53495218903513,0.050000000000000044
1171,328009,288.0666390015732,143,16.01808967456951,0.050000000000000044
1172,328472,254.1271842391579,463,18.43405837136005,0.050000000000000044
1173,329266,253.1495028388817,794,21.174063983675964,0.050000000000000044
1174,329552,281.55200347152885,286,30.66903128375957,0.050000000000000044
1175,329935,282.97079628780693,383,20.129623114206773,0.050000000000000044
1176,330379,259.99535703480876,444,22.17602849234869,0.050000000000000044
1177,330687,251.079911526973,308,16.133034652413485,0.050000000000000044
1178,330980,239.13125915183838,293,19.298785343511927,0.050000000000000044
1179,331129,278.67396541716585,149,29.92998861736499,0.050000000000000044
1180,331531,236.71718558945315,402,20.19529947193701,0.050000000000000044
1181,331868,241.97051570486886,337,18.09103118055652,0.050000000000000044
1182,332293,-171.67147793299554,425,20.821367956154486,0.050000000000000044
1183,333293,136.37846770952973,1000,18.976744131684303,0.050000000000000044
1184,334030,253.56390773408202,737,20.739282949950187,0.050000000000000044
1185,334214,271.6776615470254,184,18.98215329711852,0.050000000000000044
1186,334620,291.23741380094737,406,31.56316316887516,0.050000000000000044
1187,335049,228.75455978769452,429,20.74769258016334,0.050000000000000044
1188,335201,275.09178564578616,152,17.551297839730978,0.050000000000000044
1189,335401,296.6542864602243,200,20.43454432979226,0.050000000000000044
1190,335769,232.63527210367894,368,20.529047109105665,0.050000000000000044
1191,335970,249.02456866206933,201,17.323921442105995,0.050000000000000044
1192,336152,239.33398913031382,182,22.503206230290644,0.050000000000000044
1193,336527,228.0220697627448,375,19.373037320693335,0.050000000000000044
1194,336677,56.09722301153744,150,16.1638418285052,0.050000000000000044
1195,336854,291.93766128071445,177,20.786698640571476,0.050000000000000044
1196,337143,237.54854292828065,289,15.080429767706402,0.050000000000000044
1197,337340,265.2477437056523,197,17.83501822890969,0.050000000000000044
1198,337747,209.5272584571833,407,29.78943680296366,0.050000000000000044
1199,337931,265.5609598575878,184,16.398037508454014,0.050000000000000044
1200,338390,254.4209826901478,459,22.160794342590055,0.050000000000000044
1201,338612,274.7360307543088,222,36.20033075036229,0.050000000000000044
1202,338886,242.53524623714873,274,16.01729832556996,0.050000000000000044
1203,339118,245.6215079467846,232,17.63564975431253,0.050000000000000044
1204,339350,278.46753531310594,232,15.328988377518694,0.050000000000000044
1205,339551,271.1114106107102,201,12.57312711465418,0.050000000000000044
1206,339762,271.0267129045799,211,18.2313126968264,0.050000000000000044
1207,340033,278.35980545690836,271,14.277279870316551,0.050000000000000044
1208,340589,255.56067182793618,556,27.894228005285957,0.050000000000000044
1209,340772,243.85017299505546,183,23.625924208939402,0.050000000000000044
1210,340985,296.28166568379993,213,14.788537358174302,0.050000000000000044
1211,341267,273.1245724786427,282,32.09763715252386,0.050000000000000044
1212,341444,279.15333358877206,177,14.628704036022985,0.050000000000000044
1213,341712,265.1193724817719,268,14.500324170202461,0.050000000000000044
1214,341929,279.9003523787119,217,15.732655701480702,0.050000000000000044
1215,342372,281.63291093944315,443,26.67033840564519,0.050000000000000044
1216,342679,270.90957322141946,307,23.008224060704343,0.050000000000000044
1217,342852,243.6903456449637,173,18.78265115963241,0.050000000000000044
1218,343044,272.7177633113207,192,21.981744514623035,0.050000000000000044
1219,343279,275.5491094078777,235,11.408102127592615,0.050000000000000044
1220,343979,269.2972565308814,700,30.64301409255181,0.050000000000000044
1221,344214,246.688097444372,235,19.020032019564447,0.050000000000000044
1222,344416,264.1256919960947,202,26.86789901923425,0.050000000000000044
1223,344671,278.16423599713244,255,40.59632602123653,0.050000000000000044
1224,344891,256.4409748990418,220,21.664033877985045,0.050000000000000044
1225,345154,290.63620484781677,263,18.207014493842543,0.050000000000000044
1226,345449,250.95666882459003,295,37.98855494068841,0.050000000000000044
1227,345590,-94.90692143619692,141,25.144229089326046,0.050000000000000044
1228,345805,253.36145852273484,215,19.064664282424506,0.050000000000000044
1229,346515,235.96194030114162,710,26.82595972737796,0.050000000000000044
1230,346720,271.24943394730667,205,18.24408320726418,0.050000000000000044
1231,346904,294.1075403689823,184,23.58413532262911,0.050000000000000044
1232,347016,-2.012524672454461,112,21.67432702572218,0.050000000000000044
1233,347308,276.6386477742544,292,17.484318208970027,0.050000000000000044
1234,347494,246.53983467525316,186,14.536961154271198,0.050000000000000044
1235,347685,277.2369058508607,191,15.922643433534661,0.050000000000000044
1236,347934,314.5214432064595,249,13.197926852119016,0.050000000000000044
1237,348098,30.692160012594343,164,12.492113908253065,0.050000000000000044
1238,348313,279.93771112047295,215,22.215920904902525,0.050000000000000044
1239,348473,255.36878333066448,160,23.62615644149482,0.050000000000000044
1240,348767,292.2455467495167,294,27.766536185986737,0.050000000000000044
1241,349029,235.14401834768086,262,17.028589383677673,0.050000000000000044
1242,349189,-84.75242625736072,160,21.611514748632906,0.050000000000000044
1243,349692,241.4432955995695,503,21.411005181151165,0.050000000000000044
1244,349956,276.7281172742488,264,24.738694678088933,0.050000000000000044
1245,350178,236.18364958008445,222,45.571707885544576,0.050000000000000044
1246,350644,253.06045084378775,466,20.03742083849569,0.050000000000000044
1247,350992,268.8791677152351,348,16.120913975925625,0.050000000000000044
1248,351334,240.79243471037668,342,29.899591612711287,0.050000000000000044
1249,351527,255.08112743022036,193,17.365158418145203,0.050000000000000044
1250,351681,45.88323725551436,154,14.969565804322045,0.050000000000000044
1251,351888,244.3438049372191,207,49.886926985449264,0.050000000000000044
1252,352082,294.48788587608067,194,16.24094737805042,0.050000000000000044
1253,352459,263.22042361254165,377,43.49507607950456,0.050000000000000044
1254,352655,289.1342135780826,196,22.934172420629434,0.050000000000000044
1255,352817,296.71007193946605,162,17.934374491557662,0.050000000000000044
1256,353129,259.0272378631629,312,27.46116557297034,0.050000000000000044
1257,353394,286.40751528758756,265,25.329064679933044,0.050000000000000044
1258,353589,272.18815726247965,195,53.814056601126985,0.050000000000000044
1259,353850,260.74230899335817,261,28.04908794484376,0.050000000000000044
1260,354049,256.8667956654805,199,20.854944178656716,0.050000000000000044
1261,354211,268.81092266653343,162,23.84456370954896,0.050000000000000044
1262,354613,233.09818113700265,402,37.96509073259522,0.050000000000000044
1263,354765,293.7519286771044,152,18.250400743594295,0.050000000000000044
1264,355032,262.7694869045106,267,22.16618472170294,0.050000000000000044
1265,355493,296.7593573362912,461,18.34854118109008,0.050000000000000044
1266,355694,271.165066752484,201,18.853677952022696,0.050000000000000044
1267,356136,258.9693127994122,442,22.734087792861516,0.050000000000000044
1268,356325,304.3831021847848,189,25.308371719465686,0.050000000000000044
1269,356602,265.51092970545915,277,46.26178384193014,0.050000000000000044
1270,356796,266.97876241828476,194,22.372624489142723,0.050000000000000044
1271,357024,273.2807313076398,228,21.761200736750638,0.050000000000000044
1272,357431,280.0258304267444,407,42.00177915090425,0.050000000000000044
1273,357701,262.10740424191965,270,26.119681937054352,0.050000000000000044
1274,357972,305.7070375418202,271,20.29908976420705,0.050000000000000044
1275,358202,288.3011504041729,230,89.54944801758165,0.050000000000000044
1276,358505,262.573898873228,303,24.832590131918984,0.050000000000000044
1277,358731,236.68982228168386,226,17.848778390647034,0.050000000000000044
1278,358977,297.0160105604075,246,16.40440880761641,0.050000000000000044
1279,359132,-13.897303624971201,155,14.811735334511726,0.050000000000000044
1280,359364,287.64482196525614,232,17.785023300683704,0.050000000000000044
1281,359648,279.19914445346967,284,55.80982039071305,0.050000000000000044
1282,359766,50.32392876456339,118,16.787134543061256,0.050000000000000044
1283,359952,269.1580010307407,186,16.48086216981693,0.050000000000000044
1284,360229,267.3410367870933,277,52.76454985539836,0.050000000000000044
1285,360352,51.36889337374106,123,22.153985019864106,0.050000000000000044
1286,360515,42.89493448384471,163,18.855333708912315,0.050000000000000044
1287,360910,221.19832161056564,395,22.43985425599768,0.050000000000000044
1288,361049,-17.194667176939276,139,23.515999546797154,0.050000000000000044
1289,361455,280.7649282492408,406,29.01376643329125,0.050000000000000044
1290,361726,290.2104095633583,271,15.127228295231218,0.050000000000000044
1291,361951,262.82679675212097,225,28.414969741370943,0.050000000000000044
1292,362283,249.37211899473797,332,26.615184184702404,0.050000000000000044
1293,362685,255.08489722505666,402,25.23293923071368,0.050000000000000044
1294,362983,315.409196864926,298,19.807022588565047,0.050000000000000044
1295,363222,237.80723629487582,239,29.30506226258298,0.050000000000000044
1296,363472,251.44233074293774,250,17.98127596616745,0.050000000000000044
1297,363708,298.5229795503886,236,12.745101950304994,0.050000000000000044
1298,363830,19.0465028069284,122,28.19966111857383,0.050000000000000044
1299,363972,28.958041818820107,142,33.5856598464536,0.050000000000000044
1300,364231,268.53372844273383,259,31.253682668029573,0.050000000000000044
1301,364384,30.432413215712813,153,33.42157327135404,0.050000000000000044
1302,364792,298.69417061031777,408,28.74372570180133,0.050000000000000044
1303,365074,221.00938999070686,282,25.33121011591127,0.050000000000000044
1304,365244,52.752592173822876,170,25.950925445206025,0.050000000000000044
1305,365384,30.087915437645137,140,19.53509527998311,0.050000000000000044
1306,365499,48.39504424365663,115,19.193955490900123,0.050000000000000044
1307,365848,284.49490024999943,349,23.92673801598713,0.050000000000000044
1308,366114,265.498589187878,266,31.014991285881603,0.050000000000000044
1309,366221,47.35053559741891,107,23.57188255430382,0.050000000000000044
1310,366334,61.31660907364025,113,20.120076937485585,0.050000000000000044
1311,366906,282.344612507947,572,25.071338794370007,0.050000000000000044
1312,367137,263.2644599202381,231,31.250064362695205,0.050000000000000044
1313,367505,255.44992988934834,368,17.65486810789646,0.050000000000000044
1314,367755,294.28438834873,250,24.664423238396644,0.050000000000000044
1315,367884,68.97046020497763,129,23.27290900502094,0.050000000000000044
1316,368270,294.2481186615836,386,27.852070373651895,0.050000000000000044
1317,368430,282.56148953554384,160,14.936284514702857,0.050000000000000044
1318,368624,250.07879008147628,194,18.317444871458196,0.050000000000000044
1319,368989,286.00615685832605,365,22.671732426097947,0.050000000000000044
1320,369176,259.61558294284987,187,20.708319358009707,0.050000000000000044
1321,369309,24.04812531932322,133,26.20279680069228,0.050000000000000044
1322,369417,11.328172097915044,108,16.371505127736814,0.050000000000000044
1323,369653,261.70981798692594,236,26.59985377639532,0.050000000000000044
1324,369766,58.68854850970294,113,14.358199924230576,0.050000000000000044
1325,369980,268.6888523244603,214,22.110864960840928,0.050000000000000044
1326,370097,35.204941732317934,117,31.151740287358944,0.050000000000000044
1327,370202,41.022239383818174,105,16.486020373730433,0.050000000000000044
1328,371202,139.92193169867014,1000,27.241655708625913,0.050000000000000044
1329,371319,64.32834849772442,117,27.315165762717907,0.050000000000000044
1330,371726,285.7106281447395,407,28.478804474527184,0.050000000000000044
1331,371961,222.62075211964475,235,26.68422932536044,0.050000000000000044
1332,372079,24.12480421275849,118,20.46131893247366,0.050000000000000044
1333,372279,257.5917694749162,200,15.63720437988639,0.050000000000000044
1334,372622,252.70562614187577,343,23.813249015947125,0.050000000000000044
1335,372941,232.80753859798912,319,22.54201565752956,0.050000000000000044
1336,373057,45.5430500395546,116,19.251029994724124,0.050000000000000044
1337,373247,267.31774994722315,190,31.908685357790244,0.050000000000000044
1338,373502,294.93708759728827,255,19.69378032871321,0.050000000000000044
1339,373609,60.3126569306651,107,26.5235245990976,0.050000000000000044
1340,373790,36.690218495472465,181,26.110788146435226,0.050000000000000044
1341,373926,48.552751657725736,136,20.518931787899312,0.050000000000000044
1342,374116,269.22696646288455,190,21.144492022771583,0.050000000000000044
1343,374218,66.62550145323374,102,35.90157741600392,0.050000000000000044
1344,374545,280.52145157837646,327,28.757173318882966,0.050000000000000044
1345,374646,52.10654383121184,101,21.36887269002376,0.050000000000000044
1346,374780,19.89731499494789,134,28.505889474233584,0.050000000000000044
1347,374990,249.60516970372154,210,36.19009481413024,0.050000000000000044
1348,375199,242.5131117631475,209,27.262548818542626,0.050000000000000044
1349,375451,286.5084434557689,252,29.36538771823758,0.050000000000000044
1350,375731,262.091597675625,280,32.69738739867296,0.050000000000000044
1351,375945,288.08828238312634,214,20.91644941423541,0.050000000000000044
1352,376152,294.07260298472374,207,27.4231093943407,0.050000000000000044
1353,376354,268.8433871482184,202,23.9768442248944,0.050000000000000044
1354,376528,246.93247238082674,174,30.260123895160085,0.050000000000000044
1355,376728,288.0995589547815,200,24.796688175201417,0.050000000000000044
1356,376908,276.1372837847473,180,27.84773058593273,0.050000000000000044
1357,377332,276.5435360573422,424,22.01054484910279,0.050000000000000044
1358,377581,274.78431437700647,249,30.06406069322523,0.050000000000000044
1359,378054,272.8093587422578,473,24.63800300881424,0.050000000000000044
1360,378229,270.3915038653736,175,32.475938162207605,0.050000000000000044
1361,378493,259.2798849899266,264,29.229604498116355,0.050000000000000044
1362,378626,32.01836718127211,133,20.622497921375405,0.050000000000000044
1363,378850,303.9250548810877,224,17.690878141006188,0.050000000000000044
1364,378954,40.397809808055,104,28.10224392838203,0.050000000000000044
1365,379152,294.09381292510983,198,28.559938061944763,0.050000000000000044
1366,379355,272.38494403450125,203,48.786828048857565,0.050000000000000044
1367,379482,16.650912422688336,127,35.8295091740259,0.050000000000000044
1368,379672,276.7738905774756,190,28.973182622696225,0.050000000000000044
1369,380002,303.1037131938502,330,24.857819471305067,0.050000000000000044
1370,380113,17.853227844309302,111,26.92255361928596,0.050000000000000044
1371,380533,269.16182554199287,420,25.105470227059865,0.050000000000000044
1372,380735,280.41275626027453,202,30.68416644559048,0.050000000000000044
1373,380921,286.6760439500712,186,23.674448252044698,0.050000000000000044
1374,381116,243.59244942933253,195,25.73993268570839,0.050000000000000044
1375,381239,3.5428922904644367,123,23.435054290827697,0.050000000000000044
1376,381512,243.33516720448074,273,20.053868803458336,0.050000000000000044
1377,381645,55.48045190921127,133,23.825871223345736,0.050000000000000044
1378,381757,57.78044190482544,112,21.481601126758115,0.050000000000000044
1379,381955,293.65410735407306,198,40.83852080458944,0.050000000000000044
1380,382180,273.9174510049143,225,23.612588410774865,0.050000000000000044
1381,382448,283.64298854455484,268,32.367905286265845,0.050000000000000044
1382,382618,288.023944886663,170,34.844230996335256,0.050000000000000044
1383,382915,298.19847884408335,297,27.881664939952216,0.050000000000000044
1384,383093,254.5915022073813,178,39.94646595301253,0.050000000000000044
1385,383341,279.59144863842494,248,33.36824500524709,0.050000000000000044
1386,383520,270.9507024657682,179,35.36342611792367,0.050000000000000044
1387,383711,294.23572422235225,191,23.840635099180084,0.050000000000000044
1388,383889,250.96042705239742,178,26.025093205524296,0.050000000000000044
1389,384125,295.3509332512323,236,21.85365759038319,0.050000000000000044
1390,384357,273.5984805157931,232,45.891873966774035,0.050000000000000044
1391,384478,46.34614755426762,121,27.355971870097246,0.050000000000000044
1392,384562,-187.05227969749438,84,16.9604219602687,0.050000000000000044
1393,384683,13.545899852209828,121,22.625723732650773,0.050000000000000044
1394,384815,32.237763400278624,132,36.20183179651698,0.050000000000000044
1395,385013,288.8068439943977,198,25.702441768965336,0.050000000000000044
1396,385130,56.22112044379085,117,58.97772539884616,0.050000000000000044
1397,385337,293.0228047888686,207,37.603900540278154,0.050000000000000044
1398,385528,250.5666755772634,191,32.735088110282156,0.050000000000000044
1399,385690,251.70727683250672,162,28.716645358337296,0.050000000000000044
1400,385880,283.66096306626207,190,24.18479216773259,0.050000000000000044
1401,386181,306.8389280268459,301,31.057769622369065,0.050000000000000044
1402,386457,285.2892665622521,276,31.384349560985964,0.050000000000000044
1403,386729,246.34949166735026,272,30.54693848957472,0.050000000000000044
1404,386877,44.80618241561038,148,39.33635041117668,0.050000000000000044
1405,386991,34.78809707981111,114,23.952986286397564,0.050000000000000044
1406,387190,265.4577345766037,199,44.40628421261682,0.050000000000000044
1407,387660,271.1802478598896,470,36.798385860501455,0.050000000000000044
1408,387763,42.91219695694218,103,27.493349455514,0.050000000000000044
1409,387958,289.5818894118347,195,38.619284076950485,0.050000000000000044
1410,388112,297.0767292742101,154,32.35898070279267,0.050000000000000044
1411,388328,284.3929189777638,216,33.59077574174713,0.050000000000000044
1412,388511,274.65702779262483,183,35.78999616295262,0.050000000000000044
1413,388714,302.3104334963092,203,21.835981942749964,0.050000000000000044
1414,388883,279.155688794219,169,37.15978921905777,0.050000000000000044
1415,389116,263.5938376106682,233,27.727614501451217,0.050000000000000044
1416,389230,21.629778802727444,114,22.721542237620604,0.050000000000000044
1417,389425,269.7026310135723,195,35.64045206430631,0.050000000000000044
1418,389557,49.82206184142191,132,42.17042821058721,0.050000000000000044
1419,389736,284.3347927157855,179,29.950771719134053,0.050000000000000044
1420,389914,263.43932610837123,178,31.48327450203092,0.050000000000000044
1421,390073,251.5581805256222,159,28.26271482814783,0.050000000000000044
1422,390198,56.24388276789389,125,32.50254064190388,0.050000000000000044
1423,390407,246.14478433002316,209,32.25300238334962,0.050000000000000044
1424,390622,275.6455061441063,215,35.37819528059904,0.050000000000000044
1425,390864,291.4709660933196,242,29.868381626596136,0.050000000000000044
1426,391080,256.89813404987297,216,32.77651288760481,0.050000000000000044
1427,391239,252.2621287979552,159,19.60430838177039,0.050000000000000044
1428,391378,43.40317696594434,139,30.12055846491306,0.050000000000000044
1429,391626,299.4276466589405,248,33.10561548906468,0.050000000000000044
1430,391867,284.107983969854,241,34.31521100362307,0.050000000000000044
1431,392008,39.10904721195607,141,41.582361571226556,0.050000000000000044
1432,392229,296.67285190373764,221,37.25146504353344,0.050000000000000044
1433,392405,309.97845619693913,176,36.52449454350228,0.050000000000000044
1434,392579,268.02471695621153,174,37.86756370285119,0.050000000000000044
1435,392978,274.76147021937174,399,34.97130793915655,0.050000000000000044
1436,393165,314.2434978780427,187,34.516664872673104,0.050000000000000044
1437,393352,263.0809484514664,187,52.221807657716106,0.050000000000000044
1438,393547,248.02704834351186,195,32.37941542191383,0.050000000000000044
1439,393739,324.99391938454255,192,36.15777171659283,0.050000000000000044
1440,393920,320.482245021905,181,25.351975459914183,0.050000000000000044
1441,394233,262.42784631877294,313,27.227593770423255,0.050000000000000044
1442,394426,287.41686907360497,193,44.06771426860224,0.050000000000000044
1443,394675,266.5602667784327,249,32.89464965618279,0.050000000000000044
1444,394876,308.26964287563936,201,32.03960512600728,0.050000000000000044
1445,395064,304.3501011240165,188,27.000370409418927,0.050000000000000044
1446,395259,281.648815428328,195,30.034429796460348,0.050000000000000044
1447,395461,288.3652627430083,202,26.950791498664582,0.050000000000000044
1448,395608,28.854541459404373,147,35.881872335765635,0.050000000000000044
1449,395763,49.69559592290406,155,42.85309756205928,0.050000000000000044
1450,395933,292.9468575018643,170,28.52837349290357,0.050000000000000044
1451,396113,272.0078951540846,180,42.258245739175216,0.050000000000000044
1452,396619,260.4850920495822,506,32.396029327815704,0.050000000000000044
1453,396857,277.44142668833945,238,43.18302659195762,0.050000000000000044
1454,397059,295.40161957625116,202,29.139972186029546,0.050000000000000044
1455,397230,273.93220603086945,171,56.89873124946628,0.050000000000000044
1456,397440,273.13645192429374,210,26.523505197607335,0.050000000000000044
1457,398008,287.22088388497076,568,30.134032543040288,0.050000000000000044
1458,398182,289.73197176666383,174,32.27390707429798,0.050000000000000044
1459,399078,219.5746337230749,896,32.52122869616973,0.050000000000000044
1460,399434,280.24960635854075,356,22.89846895903014,0.050000000000000044
1461,399646,284.469817145398,212,35.431758508086205,0.050000000000000044
1462,400022,269.969833806879,376,35.01236832431181,0.050000000000000044
1463,400228,263.668997834241,206,30.36062058842587,0.050000000000000044
1464,400669,278.28976657009423,441,32.42049870759992,0.050000000000000044
1465,400913,318.831718531074,244,34.49572531988875,0.050000000000000044
1466,401091,275.1037567649695,178,35.84282294786378,0.050000000000000044
1467,401428,264.24224216602374,337,44.39892812099761,0.050000000000000044
1468,401663,280.2357139539714,235,23.62767802933429,0.050000000000000044
1469,402131,227.948853716089,468,26.712157227608383,0.050000000000000044
1470,402288,302.5973098412202,157,33.042995745019546,0.050000000000000044
1471,402446,264.5963633368,158,63.63296905980457,0.050000000000000044
1472,402936,218.66284234574238,490,33.317879941937875,0.050000000000000044
1473,403186,257.73415319071086,250,20.946386313438417,0.050000000000000044
1474,403444,305.90466774961067,258,44.92120255154464,0.050000000000000044
1475,403845,297.9767942033501,401,32.62953558512162,0.050000000000000044
1476,404054,243.18116620261043,209,29.598557986354713,0.050000000000000044
1477,404270,298.6854012750797,216,24.168985231331103,0.050000000000000044
1478,404462,251.34207405348988,192,28.39379729066665,0.050000000000000044
1479,404640,282.50422043725047,178,25.41807191525952,0.050000000000000044
1480,404874,267.07604185841467,234,31.53809981035371,0.050000000000000044
1481,405056,266.1416515792083,182,24.84352906359421,0.050000000000000044
1482,405304,294.45160885320183,248,63.068784452494114,0.050000000000000044
1483,405646,259.3172162311197,342,27.036009076002397,0.050000000000000044
1484,405840,310.5110542096528,194,30.059617909497206,0.050000000000000044
1485,406105,302.97235531281797,265,38.46411413021807,0.050000000000000044
1486,406570,251.73274463737704,465,27.981747503883096,0.050000000000000044
1487,406776,279.3749062671672,206,25.347868692093684,0.050000000000000044
1488,406953,294.17088608616353,177,34.72106871067804,0.050000000000000044
1489,407166,-400.0165389158401,213,33.15917392613742,0.050000000000000044
1490,407337,242.54145259137593,171,28.771675579729138,0.050000000000000044
1491,407538,284.85295669620655,201,29.63754878144952,0.050000000000000044
1492,407802,281.1918926346274,264,16.250041732282348,0.050000000000000044
1493,408136,306.72548022366436,334,32.137047573745605,0.050000000000000044
1494,408360,263.1026767235555,224,43.73481105853404,0.050000000000000044
1495,408691,308.6062649886421,331,36.47403841643535,0.050000000000000044
1496,408969,237.43581039729412,278,65.64775367772621,0.050000000000000044
1497,409165,280.22634116101915,196,31.217176753799524,0.050000000000000044
1498,409369,267.9749504446493,204,39.22388872109792,0.050000000000000044
1499,409549,271.27416042521014,180,23.45151840382152,0.050000000000000044
1500,409755,258.24628003177787,206,38.77297387076813,0.050000000000000044
1501,409958,286.2831142508181,203,36.492794163561804,0.050000000000000044
1502,410243,306.12946580650157,285,30.529679381481387,0.050000000000000044
1503,410512,287.04736869929144,269,21.30278820187186,0.050000000000000044
1504,410681,253.1316175640367,169,22.25610501367665,0.050000000000000044
1505,410880,277.14397406762095,199,35.12212418776062,0.050000000000000044
1506,411038,11.453184868370897,158,75.98320880381367,0.050000000000000044
1507,411168,16.967171396388636,130,26.483326764519397,0.050000000000000044
1508,411395,276.67301600837345,227,26.808566798853978,0.050000000000000044
1509,411649,271.09582929554244,254,20.99816377672154,0.050000000000000044
1510,411934,294.7260846633159,285,33.38754460466536,0.050000000000000044
1511,412238,273.2951068789094,304,30.674811503212702,0.050000000000000044
1512,412457,289.34869766772,219,27.593898553554325,0.050000000000000044
1513,412712,269.8749304998553,255,39.644767973703495,0.050000000000000044
1514,412929,317.96450188364327,217,30.395625741182386,0.050000000000000044
1515,413154,302.1535991602085,225,35.51125445074505,0.050000000000000044
1516,413470,308.2716545183302,316,31.99019892523183,0.050000000000000044
1517,413832,268.82763659088585,362,27.216850975600394,0.050000000000000044
1518,414107,312.6955507548868,275,55.9536518426375,0.050000000000000044
1519,414513,244.22958299476602,406,35.154964408080275,0.050000000000000044
1520,414697,258.845249827033,184,23.285490621691164,0.050000000000000044
1521,414914,298.6647171713992,217,27.82266780095441,0.050000000000000044
1522,415159,307.845106732816,245,33.44503028757718,0.050000000000000044
1523,415450,292.85393339502343,291,31.25024450721405,0.050000000000000044
1524,415741,248.6783606154063,291,23.581293621526143,0.050000000000000044
1525,416043,279.9506916882091,302,27.764583933136322,0.050000000000000044
1526,416344,311.84378548001735,301,32.42079209271459,0.050000000000000044
1527,416568,275.4053548779999,224,44.534474013373256,0.050000000000000044
1528,416829,280.7102608773383,261,29.677427884433918,0.050000000000000044
1529,417102,264.420171383534,273,23.339033260231925,0.050000000000000044
1530,417378,275.84922118638315,276,36.213329334513865,0.050000000000000044
1531,417552,251.70865399378533,174,37.285102514871234,0.050000000000000044
1532,417892,269.12576861913413,340,72.81556274803246,0.050000000000000044
1533,418150,291.6153563603596,258,49.63168847000645,0.050000000000000044
1534,418384,259.8360275560939,234,20.464969332274208,0.050000000000000044
1535,418687,254.38995560345933,303,58.4285044522077,0.050000000000000044
1536,418993,282.98822646529686,306,35.924029583780985,0.050000000000000044
1537,419252,269.00517435659935,259,24.765068712381783,0.050000000000000044
1538,419360,34.64571671839184,108,36.78111883763362,0.050000000000000044
1539,419718,259.81287715621147,358,29.694236598742407,0.050000000000000044
1540,419924,250.25642093168855,206,34.86112631343811,0.050000000000000044
1541,420198,269.0399849364326,274,57.63899358780715,0.050000000000000044
1542,420523,261.5929180658892,325,29.848742615763957,0.050000000000000044
1543,420743,269.7282271372818,220,43.7403554931283,0.050000000000000044
1544,421002,261.2795212404662,259,68.00852425149048,0.050000000000000044
1545,421373,251.32143777249988,371,34.5265797526046,0.050000000000000044
1546,421594,259.16548119366723,221,34.14234608142085,0.050000000000000044
1547,421808,285.1693455584756,214,37.604530608821136,0.050000000000000044
1548,421994,-23.88711656220117,186,25.231994287701703,0.050000000000000044
1549,422290,270.03528330084384,296,29.653909736489123,0.050000000000000044
1550,422438,7.2422362399833276,148,29.897711471025204,0.050000000000000044
1551,422657,283.4812793110489,219,37.59762381112467,0.050000000000000044
1552,422940,253.68518007958048,283,51.28223118249182,0.050000000000000044
1553,423111,28.773419756691993,171,35.085285868125354,0.050000000000000044
1554,423251,42.38918833534913,140,26.995037816890648,0.050000000000000044
1555,423501,300.3542293005908,250,27.544584883987902,0.050000000000000044
1556,423763,282.03725903918644,262,27.018532804746663,0.050000000000000044
1557,423851,29.660018215037667,88,30.690135938200083,0.050000000000000044
1558,424104,247.94368186122665,253,66.1367436764033,0.050000000000000044
1559,424340,267.20802064356747,236,25.40217471905684,0.050000000000000044
1560,424780,286.3489616974755,440,30.277338134869932,0.050000000000000044
1561,425078,231.75721643043363,298,32.00894846777188,0.050000000000000044
1562,425308,257.95469788268633,230,28.72297162465427,0.050000000000000044
1563,425508,268.7340269526554,200,32.35647293552756,0.050000000000000044
1564,425753,255.42273990080895,245,33.556488866222146,0.050000000000000044
1565,426000,272.19621347970264,247,28.324708668326558,0.050000000000000044
1566,426186,248.76697836932001,186,33.715773868304424,0.050000000000000044
1567,426400,269.2507735624854,214,32.986770108063645,0.050000000000000044
1568,426579,277.33979588186696,179,32.10440851140289,0.050000000000000044
1569,426815,277.5013916165148,236,23.141830221197363,0.050000000000000044
1570,427026,277.1155150166196,211,36.72746897111007,0.050000000000000044
1571,427236,297.5478722346012,210,29.142602414673284,0.050000000000000044
1572,427468,281.30255784236306,232,42.41142101540905,0.050000000000000044
1573,427729,303.62500290548,261,39.744406463371384,0.050000000000000044
1574,427918,277.28164891271376,189,38.12134950201978,0.050000000000000044
1575,428150,266.87192959364097,232,23.83290438000755,0.050000000000000044
1576,428308,0.21171165279039883,158,36.103783558252495,0.050000000000000044
1577,428507,293.29664447240106,199,82.00698228846842,0.050000000000000044
1578,428696,271.43937657109063,189,23.171720111811602,0.050000000000000044
1579,428875,253.14026976648668,179,30.176665172979817,0.050000000000000044
1580,429133,268.7950735912718,258,31.456408763925236,0.050000000000000044
1581,429342,291.63282659172717,209,20.03010844471352,0.050000000000000044
1582,429506,275.40999584787835,164,34.27365644757704,0.050000000000000044
1583,429706,280.54643502108513,200,30.332618126571177,0.050000000000000044
1584,429929,267.09397077518236,223,34.81956304088569,0.050000000000000044
1585,430212,275.8987123908565,283,33.92947961900765,0.050000000000000044
1586,430479,266.1881130649714,267,69.9233666346984,0.050000000000000044
1587,430591,47.01204291819349,112,32.45832266206188,0.050000000000000044
1588,430834,307.96935920797716,243,30.548557027254574,0.050000000000000044
1589,431176,255.74537947666138,342,33.558473236031006,0.050000000000000044
1590,431849,229.10122946929926,673,83.01414906400717,0.050000000000000044
1591,432058,291.1609542731826,209,75.9682820236854,0.050000000000000044
1592,432405,258.65676231056614,347,35.15644290339019,0.050000000000000044
1593,432544,53.079424963706145,139,23.805023849975292,0.050000000000000044
1594,432767,271.69402224792634,223,24.78923139958371,0.050000000000000044
1595,433118,299.41492193986466,351,30.43194400899091,0.050000000000000044
1596,433359,285.6670268287707,241,37.00514259476879,0.050000000000000044
1597,433611,288.40285027734956,252,27.08885933789942,0.050000000000000044
1598,433848,279.02456590855206,237,37.251391910676716,0.050000000000000044
1599,434051,265.1407815614,203,22.50907435169067,0.050000000000000044
1600,434238,284.6539858368232,187,31.604444463622762,0.050000000000000044
1601,434515,280.50825023259335,277,31.471483992056296,0.050000000000000044
1602,434647,5.474691781819416,132,31.333876872604545,0.050000000000000044
1603,434935,270.95738733318103,288,29.66444788604147,0.050000000000000044
1604,435101,285.3013833508464,166,35.11307769681675,0.050000000000000044
1605,435386,-273.78696488936816,285,33.737220473822795,0.050000000000000044
1606,435516,65.49203721052339,130,19.43398059423153,0.050000000000000044
1607,435693,238.3354551534107,177,37.61264697752767,0.050000000000000044
1608,435896,290.06566815343706,203,198.94544064543518,0.050000000000000044
1609,436196,287.43806381062154,300,46.15272818068663,0.050000000000000044
1610,436834,219.374076384518,638,30.145617130758435,0.050000000000000044
1611,437218,254.38802785782647,384,34.438240527796246,0.050000000000000044
1612,437467,263.1131681663831,249,34.596047294427116,0.050000000000000044
1613,437744,274.76059488976193,277,31.434409359786056,0.050000000000000044
1614,437839,28.117429753433328,95,34.39774932014315,0.050000000000000044
1615,437924,8.190189445603409,85,30.38413714170456,0.050000000000000044
1616,438151,286.58516544911436,227,44.123612053593874,0.050000000000000044
1617,438325,294.34674570577033,174,38.87580546308523,0.050000000000000044
1618,438521,248.6414398711563,196,226.0139620662952,0.050000000000000044
1619,438820,256.4488101930632,299,30.749827560523283,0.050000000000000044
1620,439092,276.01196348837686,272,32.19257728262421,0.050000000000000044
1621,439283,291.3145236397874,191,45.99162155179141,0.050000000000000044
1622,439470,291.7775565733831,187,38.01987869790531,0.050000000000000044
1623,439604,5.317797989226136,134,32.96346006464602,0.050000000000000044
1624,439830,284.4322789026329,226,38.56331507004468,0.050000000000000044
1625,440018,298.23967709132216,188,35.363636956094425,0.050000000000000044
1626,440211,309.113998024172,193,27.471064723217424,0.050000000000000044
1627,440303,-62.320637191178115,92,27.388867897184,0.050000000000000044
1628,440424,52.55121532456147,121,28.227809222769146,0.050000000000000044
1629,440616,271.18593529811744,192,29.349649076350033,0.050000000000000044
1630,440843,292.13669646222843,227,26.461591839068262,0.050000000000000044
1631,441101,267.420106498472,258,35.394695482281755,0.050000000000000044
1632,441226,3.073721317207685,125,29.821257494449615,0.050000000000000044
1633,441355,11.39875669215732,129,34.54755992690722,0.050000000000000044
1634,441557,260.48404256685023,202,31.01265255649491,0.050000000000000044
1635,441795,313.00212440772276,238,140.2350625215458,0.050000000000000044
1636,441912,-3.4836199165626454,117,32.84637425241307,0.050000000000000044
1637,442121,275.11156844409345,209,31.96695619037277,0.050000000000000044
1638,442373,268.38512842024164,252,145.37125283071683,0.050000000000000044
1639,442629,284.983334517838,256,29.931213859759737,0.050000000000000044
1640,442837,294.418426192441,208,35.23604749558637,0.050000000000000044
1641,443039,316.60546175068464,202,32.21584901257907,0.050000000000000044
1642,443206,304.14712989221573,167,39.290835149630816,0.050000000000000044
1643,443291,6.2521292061190366,85,38.52188560577,0.050000000000000044
1644,443468,303.42899924055047,177,37.82038187475528,0.050000000000000044
1645,443572,-4.156775059090165,104,40.456770769392065,0.050000000000000044
1646,443807,258.3246239691387,235,28.83506287628032,0.050000000000000044
1647,444105,291.0325148467322,298,128.12091104601254,0.050000000000000044
1648,444328,279.2275498455808,223,33.38384000783277,0.050000000000000044
1649,444553,256.0568684478077,225,33.114326126972834,0.050000000000000044
1650,444699,53.13895885819258,146,34.144433257514486,0.050000000000000044
1651,444891,283.7368412925451,192,30.462063641597826,0.050000000000000044
1652,445100,284.5852884477773,209,35.06699552461861,0.050000000000000044
1653,445334,286.1143738768008,234,40.41671494490061,0.050000000000000044
1654,445560,269.6820459413036,226,34.86646531733264,0.050000000000000044
1655,445785,224.1164021934598,225,29.196685264905295,0.050000000000000044
1656,445891,20.80534583257983,106,31.772550169308232,0.050000000000000044
1657,446143,283.24481117785825,252,36.25438998249315,0.050000000000000044
1658,446362,277.3621136329666,219,31.991671418354393,0.050000000000000044
1659,446595,294.74136563249715,233,27.157596757547537,0.050000000000000044
1660,446686,35.73574313373331,91,43.78534090093204,0.050000000000000044
1661,446852,254.7504295490284,166,29.050678406045378,0.050000000000000044
1662,446985,56.96280960877425,133,33.47799330344774,0.050000000000000044
1663,447229,287.53927935067406,244,29.91258965450965,0.050000000000000044
1664,447417,328.93765210547315,188,35.14290811882374,0.050000000000000044
1665,447669,220.60925736738614,252,32.7624476097879,0.050000000000000044
1666,447844,248.88516994248124,175,35.8083354805197,0.050000000000000044
1667,448711,236.35087995658378,867,36.35677870748846,0.050000000000000044
1668,448961,299.93160275329075,250,43.954194356501105,0.050000000000000044
1669,449179,256.0854094520387,218,34.39659088371544,0.050000000000000044
1670,449387,235.5627600283001,208,199.7443685541646,0.050000000000000044
1671,449612,269.955689700084,225,28.40567550089624,0.050000000000000044
1672,449873,261.9716436533711,261,28.125642770608724,0.050000000000000044
1673,450033,271.4475925839763,160,35.295062289759514,0.050000000000000044
1674,450274,252.15694242348613,241,29.14053254014971,0.050000000000000044
1675,450519,309.4754797543916,245,27.76542704482468,0.050000000000000044
1676,450880,266.28478110593295,361,134.43616416971935,0.050000000000000044
1677,451063,275.20244551466595,183,34.070494541542125,0.050000000000000044
1678,451244,280.311005247061,181,38.505150244380886,0.050000000000000044
1679,451474,288.1654685039082,230,30.888129115363824,0.050000000000000044
1680,451686,273.8222422453236,212,46.24359292536974,0.050000000000000044
1681,451882,297.634733858834,196,31.188680261297492,0.050000000000000044
1682,452094,303.5126976429249,212,20.068308082813363,0.050000000000000044
1683,452258,269.9344910613879,164,249.36689627879275,0.050000000000000044
1684,452506,246.37153296820594,248,20.624982534517205,0.050000000000000044
1685,452699,255.24555797410986,193,40.896019152717884,0.050000000000000044
1686,452945,287.27491513042065,246,38.200728862145084,0.050000000000000044
1687,453121,280.26516597173975,176,22.538687499409374,0.050000000000000044
1688,453306,244.92901539797967,185,32.767254303274925,0.050000000000000044
1689,453742,259.6631103407082,436,32.80552976523791,0.050000000000000044
1690,453898,273.59783518142854,156,38.244246035814285,0.050000000000000044
1691,454075,309.42835983156704,177,27.07326534752455,0.050000000000000044
1692,454242,252.8262885402087,167,25.235418251085424,0.050000000000000044
1693,454453,300.76771643665217,211,181.14743518991776,0.050000000000000044
1694,454661,289.7430217139487,208,37.06173990172549,0.050000000000000044
1695,454831,298.55935579498976,170,213.32865865072785,0.050000000000000044
1696,455831,129.22209874694371,1000,31.50584195509553,0.050000000000000044
1697,456283,257.66114838353053,452,31.108077359608316,0.050000000000000044
1698,456469,277.63983092369114,186,38.596194597501906,0.050000000000000044
1699,456636,290.3768084035245,167,29.288034431234806,0.050000000000000044
1700,456805,272.4802567906422,169,35.21924278633834,0.050000000000000044
1701,457118,283.12736029955676,313,29.77197413160778,0.050000000000000044
1702,457286,297.5694636468721,168,32.92751583865001,0.050000000000000044
1703,457476,248.81402370486921,190,32.56731881091469,0.050000000000000044
1704,457685,304.0298341146275,209,35.608847663020406,0.050000000000000044
1705,457883,259.4576059305819,198,198.16434491877303,0.050000000000000044
1706,458101,241.63902964589528,218,32.50336282064608,0.050000000000000044
1707,458381,287.963697056099,280,24.650321097033366,0.050000000000000044
1708,458583,286.7134729435615,202,29.786823229108116,0.050000000000000044
1709,458802,290.5477065825386,219,36.565641279906444,0.050000000000000044
1710,458972,269.2938202812398,170,31.753382108842626,0.050000000000000044
1711,459200,300.4658839643773,228,39.31000259780047,0.050000000000000044
1712,459418,254.16750225822364,218,29.256475720110288,0.050000000000000044
1713,459735,315.1605475381167,317,147.46692563146823,0.050000000000000044
1714,460068,285.2612705425602,333,29.065440534202903,0.050000000000000044
1715,460253,238.2913171947902,185,33.6620893618545,0.050000000000000044
1716,460704,260.28445482576626,451,30.090980946158624,0.050000000000000044
1717,461060,262.4051310320791,356,122.86307435947356,0.050000000000000044
1718,461161,32.00002278454761,101,24.030240539572027,0.050000000000000044
1719,461392,268.5073718249986,231,181.84992029321143,0.050000000000000044
1720,461585,248.82981194190916,193,31.016032981362986,0.050000000000000044
1721,461799,261.4169429718186,214,32.18759203681322,0.050000000000000044
1722,461989,261.3267325217537,190,38.15150335352672,0.050000000000000044
1723,462337,304.0476275327152,348,27.690166567505777,0.050000000000000044
1724,462567,281.1757623165916,230,38.18941808355891,0.050000000000000044
1725,462834,261.8750051357333,267,30.390222459250175,0.050000000000000044
1726,463176,243.2201159022957,342,35.11396009631847,0.050000000000000044
1727,463438,298.9829284635144,262,35.54960063008862,0.050000000000000044
1728,463632,292.63257209387416,194,218.23934134556768,0.050000000000000044
1729,463868,250.11978144905305,236,41.52098271781105,0.050000000000000044
1730,464142,291.42631580744694,274,31.46511774167527,0.050000000000000044
1731,464343,288.19448130541633,201,225.47524167901247,0.050000000000000044
1732,464724,251.12655894878014,381,217.32961328456722,0.050000000000000044
1733,464939,241.56451554570816,215,25.762376563770825,0.050000000000000044
1734,465214,282.845795993101,275,30.374357296011663,0.050000000000000044
1735,465459,241.67818179219933,245,195.1560151427376,0.050000000000000044
1736,465989,268.20441804443465,530,31.05539389359501,0.050000000000000044
1737,466258,288.5301795626689,269,37.81945220356094,0.050000000000000044
1738,466501,239.72920992287726,243,175.94925312667226,0.050000000000000044
1739,466701,295.3029158807703,200,200.9340801975876,0.050000000000000044
1740,466917,255.48934387847703,216,24.520092351293123,0.050000000000000044
1741,467111,270.0916628264026,194,38.49997801786846,0.050000000000000044
1742,467361,287.11657674271703,250,28.172905229091644,0.050000000000000044
1743,467578,275.8358768896936,217,38.227104386014325,0.050000000000000044
1744,467745,277.739840793613,167,33.87707418899336,0.050000000000000044
1745,467957,254.34021139766554,212,37.60432229837719,0.050000000000000044
1746,468146,252.2439212116382,189,26.43544123270524,0.050000000000000044
1747,468409,292.95359817391216,263,33.250282373321824,0.050000000000000044
1748,468666,280.7642328477307,257,33.849813275995885,0.050000000000000044
1749,468903,284.26389335667,237,167.4827698876586,0.050000000000000044
1750,469134,248.4203285441937,231,189.93185237424197,0.050000000000000044
1751,469372,287.1260535486922,238,27.477985986140595,0.050000000000000044
1752,469807,246.32990087569135,435,28.37395238814683,0.050000000000000044
1753,469985,284.7652172359941,178,25.086908228444248,0.050000000000000044
1754,470248,287.6687742648095,263,37.649783169701976,0.050000000000000044
1755,470474,310.2235096594306,226,29.37018372955839,0.050000000000000044
1756,470671,300.0473348671369,197,29.649103308087074,0.050000000000000044
1757,470856,304.4320250900138,185,28.461819329777278,0.050000000000000044
1758,470950,8.933695838783777,94,34.5143601751708,0.050000000000000044
1759,471151,247.18329640404903,201,28.298812676721543,0.050000000000000044
1760,471328,262.7250954682946,177,23.245189906597812,0.050000000000000044
1761,471530,243.0553546077971,202,24.5331961041925,0.050000000000000044
1762,471692,244.748086039832,162,36.013511361347305,0.050000000000000044
1763,471899,281.1667188060052,207,35.28325968102556,0.050000000000000044
1764,472109,265.0888222681619,210,34.46913995870522,0.050000000000000044
1765,472298,281.37118557869087,189,32.35010867222907,0.050000000000000044
1766,472462,241.76048069931795,164,21.84608872580092,0.050000000000000044
1767,472564,33.85214197070698,102,34.71775815007734,0.050000000000000044
1768,472730,258.895040497167,166,26.87411480531635,0.050000000000000044
1769,472871,34.68737875339744,141,28.177789779419594,0.050000000000000044
1770,473112,292.30137565325515,241,25.106776733739743,0.050000000000000044
1771,473336,282.7284714531875,224,28.08184789999255,0.050000000000000044
1772,473582,259.74789374468435,246,25.50526369938521,0.050000000000000044
1773,473753,267.12404462853533,171,24.54416378025423,0.050000000000000044
1774,473915,281.4917674842162,162,36.27258762312524,0.050000000000000044
1775,474154,257.7597916786814,239,31.07735771514382,0.050000000000000044
1776,474268,20.48417692708307,114,27.814611628390196,0.050000000000000044
1777,474601,291.60325133834755,333,25.339469926672297,0.050000000000000044
1778,474749,282.9815107104763,148,18.781036888224047,0.050000000000000044
1779,474948,285.9659162505297,199,32.417682452567256,0.050000000000000044
1780,475213,292.6077124127084,265,25.20631340854573,0.050000000000000044
1781,475432,265.3343377916874,219,33.241327463491864,0.050000000000000044
1782,475702,235.14770329174232,270,25.34888420794849,0.050000000000000044
1783,475991,299.56399206359913,289,30.424674347507086,0.050000000000000044
1784,476238,284.8206914405831,247,23.693065262878473,0.050000000000000044
1785,476481,293.0152267814393,243,25.57142178511914,0.050000000000000044
1786,476651,275.45668923767994,170,30.092261484440634,0.050000000000000044
1787,476836,277.04639747112265,185,28.646901834655452,0.050000000000000044
1788,477103,294.6241028512236,267,28.604382378275922,0.050000000000000044
1789,477307,266.8164715031637,204,28.060221421660163,0.050000000000000044
1790,477672,284.5096833302075,365,23.06743178130829,0.050000000000000044
1791,477833,251.7640323262122,161,29.778316400991464,0.050000000000000044
1792,478085,265.8238859801449,252,327.6834870054135,0.050000000000000044
1793,478294,281.86726614060615,209,31.632209764428115,0.050000000000000044
1794,478475,260.21891898206337,181,231.06815424857876,0.050000000000000044
1795,478651,272.50767235409074,176,30.294126271524213,0.050000000000000044
1796,478824,260.5609714859587,173,21.49644980282453,0.050000000000000044
1797,479193,251.1954297399426,369,132.46117720569214,0.050000000000000044
1798,479489,273.2548573393459,296,163.70335576995402,0.050000000000000044
1799,479759,269.34604528934494,270,23.583123299258727,0.050000000000000044
1800,480004,295.94261951796716,245,26.415123805951097,0.050000000000000044
1801,480204,313.6875097513861,200,224.42937517881393,0.050000000000000044
1802,480416,280.72188740857086,212,21.29675131150574,0.050000000000000044
1803,480584,237.85706751553468,168,27.788524709641933,0.050000000000000044
1804,480846,252.7296563053317,262,30.838063709039723,0.050000000000000044
1805,481166,305.4252846445189,320,24.795210184529424,0.050000000000000044
1806,481354,271.0391446242668,188,19.09878733659044,0.050000000000000044
1807,481578,303.20475485588685,224,25.912166349855916,0.050000000000000044
1808,481794,291.2831377768694,216,22.247849709112888,0.050000000000000044
1809,481996,280.3089372356309,202,28.535708743083006,0.050000000000000044
1810,482450,259.8183568891113,454,20.59235118510046,0.050000000000000044
1811,482637,281.5356056485544,187,29.38025195458356,0.050000000000000044
1812,482906,269.2773450006058,269,22.294458880632785,0.050000000000000044
1813,483152,260.7092397449147,246,32.93580759807331,0.050000000000000044
1814,483442,293.72768996243803,290,23.711688046825344,0.050000000000000044
1815,483722,266.81194504945387,280,32.64584903940558,0.050000000000000044
1816,483900,303.908598501811,178,35.566102614814646,0.050000000000000044
1817,484101,260.3405492691572,201,205.56158690139725,0.050000000000000044
1818,484455,253.58140711161755,354,23.993324038251647,0.050000000000000044
1819,484667,278.44747316012786,212,191.90514121000777,0.050000000000000044
1820,484945,241.37400208177237,278,144.94764886324782,0.050000000000000044
1821,485235,296.86642318604834,290,30.667935382394955,0.050000000000000044
1822,485410,242.514556130793,175,26.624932918207985,0.050000000000000044
1823,485660,304.19183903602607,250,22.79908596563339,0.050000000000000044
1824,485869,258.50598379922286,209,20.896247205979517,0.050000000000000044
1825,486400,262.3986953639745,531,26.509099149266206,0.050000000000000044
1826,486701,314.4986893079788,301,27.52584865996212,0.050000000000000044
1827,487051,294.0951463749056,350,19.277612157336304,0.050000000000000044
1828,487328,283.5347123827663,277,26.6637636195021,0.050000000000000044
1829,487553,299.84157196591417,225,18.956528516809147,0.050000000000000044
1830,487854,315.7212200472885,301,26.121429076127434,0.050000000000000044
1831,488073,297.04473052028004,219,187.68818035844254,0.050000000000000044
1832,488274,251.08990063543013,201,204.4882395804225,0.050000000000000044
1833,488600,274.23452774603356,326,132.85968732783581,0.050000000000000044
1834,488814,288.14142027498474,214,28.688850037544686,0.050000000000000044
1835,489006,280.1819253693586,192,24.688253378806014,0.050000000000000044
1836,489216,270.75769427699447,210,371.2904292310987,0.050000000000000044
1837,489474,285.82468154463436,258,21.24016217898953,0.050000000000000044
1838,489674,277.1322766983523,200,222.01922222949565,0.050000000000000044
1839,489819,284.57631558147057,145,32.167974424362185,0.050000000000000044
1840,490093,245.2137791091675,274,20.24963864368679,0.050000000000000044
1841,490355,256.98624679765794,262,172.28715589198902,0.050000000000000044
1842,490562,259.2147633249582,207,22.085618800731098,0.050000000000000044
1843,490742,289.1815659318447,180,231.89353883332677,0.050000000000000044
1844,490984,279.89280129077105,242,22.159662147198826,0.050000000000000044
1845,491242,283.1147147946481,258,169.47019451365682,0.050000000000000044
1846,491339,29.583662319357444,97,18.775219059174823,0.050000000000000044
1847,491590,289.18279778709655,251,178.5886861107264,0.050000000000000044
1848,491826,291.4906767961849,236,29.198995912731704,0.050000000000000044
1849,492052,298.5625801103858,226,25.938421561259084,0.050000000000000044
1850,492252,306.79761347759955,200,22.747473507076503,0.050000000000000044
1851,492418,271.1088710046385,166,20.21170132284064,0.050000000000000044
1852,492635,291.9324537551091,217,22.211442293384657,0.050000000000000044
1853,492805,244.07425975006836,170,18.026079063555773,0.050000000000000044
1854,492970,285.476576568733,165,32.57077180725155,0.050000000000000044
1855,493349,254.51568298928575,379,19.922818489942827,0.050000000000000044
1856,493584,257.975380979686,235,193.49690976846725,0.050000000000000044
1857,493769,271.3640281435255,185,26.171931364246316,0.050000000000000044
1858,493935,261.07601962390083,166,25.837004568921515,0.050000000000000044
1859,494123,298.1580468463744,188,36.26512739981742,0.050000000000000044
1860,494267,90.99764465451327,144,23.059395130309795,0.050000000000000044
1861,494436,251.59871368688735,169,23.45833290090575,0.050000000000000044
1862,494636,301.5508275234139,200,21.435954371839763,0.050000000000000044
1863,494823,278.45558305336783,187,261.07014997964876,0.050000000000000044
1864,495044,313.6483688551099,221,28.460967350060045,0.050000000000000044
1865,495214,262.4247668349119,170,22.417724276816145,0.050000000000000044
1866,495404,252.13777234369297,190,17.784067896165347,0.050000000000000044
1867,495733,253.86620599118822,329,155.44051797067502,0.050000000000000044
1868,495930,309.4072180253849,197,30.895728637119234,0.050000000000000044
1869,496379,279.2102252314388,449,21.815180550240196,0.050000000000000044
1870,496595,278.8578735136291,216,29.278154628696264,0.050000000000000044
1871,496864,238.82938865637243,269,190.8051133494838,0.050000000000000044
1872,497068,302.773490848842,204,22.328024602622964,0.050000000000000044
1873,497254,249.60203756452125,186,16.602108758303427,0.050000000000000044
1874,497445,325.1721640509812,191,495.5022592655339,0.050000000000000044
1875,497623,242.98629535798128,178,23.537757980522144,0.050000000000000044
1876,497787,275.4530714389866,164,18.281662981866337,0.050000000000000044
1877,498049,299.08393970883327,262,30.519302740693092,0.050000000000000044
1878,498253,288.73846616717253,204,22.480399781728494,0.050000000000000044
1879,498413,270.0869539797476,160,583.4111536573619,0.050000000000000044
1880,498572,283.06918805931844,159,24.218138065165693,0.050000000000000044
1881,498776,280.29916778825964,204,18.10615828282693,0.050000000000000044
1882,499035,284.8829176831955,259,21.637832897913043,0.050000000000000044
1883,499216,256.2055483083951,181,30.635705568843125,0.050000000000000044
1884,499453,305.286129283218,237,34.152160902692295,0.050000000000000044
1885,499639,285.1798456821732,186,17.343047345357558,0.050000000000000044
1886,499835,273.52016668050885,196,23.66188567519492,0.050000000000000044
1887,500069,264.7016666175117,234,17.429167189595535,0.050000000000000044
1888,500265,285.36153486016985,196,260.41038728049216,0.050000000000000044
1889,500456,296.10121422075076,191,23.55970712435183,0.050000000000000044
1890,500665,272.2667461201367,209,20.878828787347345,0.050000000000000044
1891,500880,295.2552194800212,215,234.26964786343797,0.050000000000000044
1892,501363,290.6664029568203,483,23.028301714092308,0.050000000000000044
1893,501637,276.45658090250356,274,20.26355766793237,0.050000000000000044
1894,501820,245.7743342292688,183,24.979038905657706,0.050000000000000044
1895,502182,260.08183343550064,362,26.303815431934034,0.050000000000000044
1896,502387,291.5085143851512,205,23.71149457445959,0.050000000000000044
1897,502616,265.03649475587093,229,26.97080820811888,0.050000000000000044
1898,502873,256.9747597241312,257,19.957113078364138,0.050000000000000044
1899,503118,267.1722595484946,245,17.29686074889436,0.050000000000000044
1900,503334,279.96231237831125,216,249.27846677573743,0.050000000000000044
1901,503688,245.58561641334776,354,25.03570508864303,0.050000000000000044
1902,503906,310.71947551634855,218,26.224128417465664,0.050000000000000044
1903,504080,245.9578441997573,174,24.56378145944113,0.050000000000000044
1904,504259,266.2343663032178,179,292.9901248789366,0.050000000000000044
1905,504473,261.2539900751992,214,23.949818943287724,0.050000000000000044
1906,504685,266.5486536029232,212,23.486536924358248,0.050000000000000044
1907,504851,264.21349138450705,166,27.290470478405435,0.050000000000000044
1908,505200,285.72976240563673,349,26.567362213117686,0.050000000000000044
1909,505411,273.6760254097503,211,718.8955962975725,0.050000000000000044
1910,505587,273.2380819935356,176,23.415970482270826,0.050000000000000044
1911,505861,274.73894050572795,274,21.36163241747957,0.050000000000000044
1912,506065,267.58377231783004,204,20.76305539029486,0.050000000000000044
1913,506433,286.4395536069933,368,160.44625816546866,0.050000000000000044
1914,506615,247.77551187187993,182,22.4246809561174,0.050000000000000044
1915,506819,267.1368738348376,204,25.43115201826189,0.050000000000000044
1916,506997,267.1732631124346,178,19.954154605778417,0.050000000000000044
1917,507163,287.08925846889275,166,22.31598826686302,0.050000000000000044
1918,507320,253.52054532431603,157,333.05939860138926,0.050000000000000044
1919,507522,293.48583969658205,202,20.209840066804745,0.050000000000000044
1920,507687,255.05821168298786,165,27.617158008886108,0.050000000000000044
1921,507918,240.8981520358675,231,30.913981910778848,0.050000000000000044
1922,508151,301.22837090104235,233,29.077130833280957,0.050000000000000044
1923,508342,274.0895546611798,191,24.316071520457093,0.050000000000000044
1924,508611,279.6099876573926,269,24.050997484683105,0.050000000000000044
1925,508858,299.3285759860617,247,20.030437910967027,0.050000000000000044
1926,509118,265.52131765445756,260,22.332041745002453,0.050000000000000044
1927,509344,302.54277788878267,226,22.9404810342641,0.050000000000000044
1928,509596,286.45877660207657,252,18.96833575883555,0.050000000000000044
1929,509834,254.34860046048317,238,24.33363307711958,0.050000000000000044
1930,510075,249.83573408226346,241,28.42802999153177,0.050000000000000044
1931,510274,296.17235886469507,199,20.637230371710043,0.050000000000000044
1932,510499,271.4516844559554,225,248.0880143943098,0.050000000000000044
1933,510699,278.2931751798507,200,31.51080326244235,0.050000000000000044
1934,510992,284.71638520017547,293,22.97319788981623,0.050000000000000044
1935,511255,309.0685291401526,263,224.60379900712476,0.050000000000000044
1936,511459,276.5141853094919,204,22.54434349548583,0.050000000000000044
1937,511708,279.61591535425396,249,18.403327952486922,0.050000000000000044
1938,511968,293.9946019502743,260,23.437681338305655,0.050000000000000044
1939,512184,272.5046734953884,216,18.787251104911167,0.050000000000000044
1940,512372,268.8967380111699,188,580.1189131443488,0.050000000000000044
1941,512553,252.60785566396714,181,18.6202679725971,0.050000000000000044
1942,512875,282.9413265469643,322,188.58516583698136,0.050000000000000044
1943,513063,266.3257839200688,188,21.865632088736017,0.050000000000000044
1944,513263,288.61559373468214,200,22.77846039429307,0.050000000000000044
1945,513509,288.1355170375531,246,32.13125542393787,0.050000000000000044
1946,513717,276.3114699695008,208,19.32501909867502,0.050000000000000044
1947,513895,266.3794509635911,178,24.085574669449517,0.050000000000000044
1948,514061,252.90014943463223,166,23.85946411073926,0.050000000000000044
1949,514350,301.59450378796237,289,22.30194126559376,0.050000000000000044
1950,514555,297.16302495036757,205,26.070306081306644,0.050000000000000044
1951,514743,301.205441469442,188,20.667548524572496,0.050000000000000044
1952,515065,287.41076899623675,322,28.225416817742847,0.050000000000000044
1953,515233,240.20187788682705,168,22.089907880340302,0.050000000000000044
1954,516015,231.43878727703358,782,98.68283138458457,0.050000000000000044
1955,516410,250.9380082506352,395,24.001528295799147,0.050000000000000044
1956,516609,280.1719852089951,199,19.272893463996187,0.050000000000000044
1957,516902,-1.687420229285351,293,20.109790784507073,0.050000000000000044
1958,517086,266.0370258125897,184,15.994339698277738,0.050000000000000044
1959,517267,287.82453789870146,181,22.908814028646407,0.050000000000000044
1960,517448,286.27608954074367,181,31.16928841354768,0.050000000000000044
1961,517630,273.9957648425807,182,324.54578900288095,0.050000000000000044
1962,517805,244.65662559423689,175,24.176940851892745,0.050000000000000044
1963,517960,272.66659150517773,155,28.802227239262674,0.050000000000000044
1964,518550,245.66618053987102,590,27.533808471717066,0.050000000000000044
1965,518776,253.48501299160654,226,19.843295703551412,0.050000000000000044
1966,518979,284.6716315387798,203,27.182374297104445,0.050000000000000044
1967,519154,232.79196099234085,175,354.35764589173453,0.050000000000000044
1968,519355,271.4545051004827,201,25.072076247995767,0.050000000000000044
1969,519560,278.94994190232,205,29.10044124489877,0.050000000000000044
1970,519709,272.4601348484182,149,29.29799275790285,0.050000000000000044
1971,520035,272.96900174444727,326,28.42302537028409,0.050000000000000044
1972,520306,309.76738301881545,271,26.114444789521368,0.050000000000000044
1973,520481,284.8710690696296,175,24.616985763566834,0.050000000000000044
1974,520763,285.7349794815431,282,21.86040136862731,0.050000000000000044
1975,520971,288.2255692160734,208,33.81236777626551,0.050000000000000044
1976,521193,301.9562514874773,222,23.09297708321262,0.050000000000000044
1977,521384,299.48331777549043,191,26.157929659825967,0.050000000000000044
1978,521588,250.14601414757473,204,27.074175892507327,0.050000000000000044
1979,521775,266.1881299992699,187,21.10829473928334,0.050000000000000044
1980,522069,273.867952014364,294,27.947606202290984,0.050000000000000044
1981,522260,262.27205510223007,191,25.768487962908768,0.050000000000000044
1982,522470,294.2890404617867,210,21.798547018993467,0.050000000000000044
1983,522658,297.4109487136966,188,23.71868950318783,0.050000000000000044
1984,522856,275.71083209435244,198,25.488307976963544,0.050000000000000044
1985,523091,268.92987663047154,235,19.584970751024308,0.050000000000000044
1986,523333,284.630390477274,242,289.44969509424993,0.050000000000000044
1987,523619,320.02688449857067,286,19.95313358682019,0.050000000000000044
1988,523811,285.87828720150617,192,345.44515456072986,0.050000000000000044
1989,524029,288.6352244909648,218,19.42451709508896,0.050000000000000044
1990,524196,244.95511815137712,167,23.940798408613947,0.050000000000000044
1991,524497,271.97857093244244,301,33.06748196443054,0.050000000000000044
1992,524773,245.01771726258104,276,23.32691694288582,0.050000000000000044
1993,524992,285.9207979822119,219,15.320402582214303,0.050000000000000044
1994,525368,306.7637668466372,376,20.332151766945707,0.050000000000000044
1995,525580,309.80783915240465,212,21.66728620399844,0.050000000000000044
1996,525775,247.59930749333623,195,26.12576665312816,0.050000000000000044
1997,525988,269.07131688164696,213,26.400188955902493,0.050000000000000044
1998,526179,291.04166591849923,191,18.923291852336902,0.050000000000000044
1999,526362,268.5069910602424,183,19.64059339374141,0.050000000000000044
2000,526571,284.1846879267987,209,25.37436806827641,0.050000000000000044
